CONNECTED COMPONENTS RESULT
Test Case: 100000
Input File: test/test_case_100000.txt

Number of components: 25001

Vertex Component
0 0
1 0
2 0
3 0
4 0
5 0
6 0
7 0
8 0
9 0
10 0
11 0
12 0
13 0
14 0
15 0
16 0
17 0
18 0
19 0
20 0
21 0
22 0
23 0
24 0
25 0
26 0
27 0
28 0
29 0
30 0
31 0
32 0
33 0
34 0
35 0
36 0
37 0
38 0
39 0
40 0
41 0
42 0
43 0
44 0
45 0
46 0
47 0
48 0
49 0
50 0
51 0
52 0
53 0
54 0
55 0
56 0
57 0
58 0
59 0
60 0
61 0
62 0
63 0
64 0
65 0
66 0
67 0
68 0
69 0
70 0
71 0
72 0
73 0
74 0
75 0
76 0
77 0
78 0
79 0
80 0
81 0
82 0
83 0
84 0
85 0
86 0
87 0
88 0
89 0
90 0
91 0
92 0
93 0
94 0
95 0
96 0
97 0
98 0
99 0
100 0
101 0
102 0
103 0
104 0
105 0
106 0
107 0
108 0
109 0
110 0
111 0
112 0
113 0
114 0
115 0
116 0
117 0
118 0
119 0
120 0
121 0
122 0
123 0
124 0
125 0
126 0
127 0
128 0
129 0
130 0
131 0
132 0
133 0
134 0
135 0
136 0
137 0
138 0
139 0
140 0
141 0
142 0
143 0
144 0
145 0
146 0
147 0
148 0
149 0
150 0
151 0
152 0
153 0
154 0
155 0
156 0
157 0
158 0
159 0
160 0
161 0
162 0
163 0
164 0
165 0
166 0
167 0
168 0
169 0
170 0
171 0
172 0
173 0
174 0
175 0
176 0
177 0
178 0
179 0
180 0
181 0
182 0
183 0
184 0
185 0
186 0
187 0
188 0
189 0
190 0
191 0
192 0
193 0
194 0
195 0
196 0
197 0
198 0
199 0
200 0
201 0
202 0
203 0
204 0
205 0
206 0
207 0
208 0
209 0
210 0
211 0
212 0
213 0
214 0
215 0
216 0
217 0
218 0
219 0
220 0
221 0
222 0
223 0
224 0
225 0
226 0
227 0
228 0
229 0
230 0
231 0
232 0
233 0
234 0
235 0
236 0
237 0
238 0
239 0
240 0
241 0
242 0
243 0
244 0
245 0
246 0
247 0
248 0
249 0
250 0
251 0
252 0
253 0
254 0
255 0
256 0
257 0
258 0
259 0
260 0
261 0
262 0
263 0
264 0
265 0
266 0
267 0
268 0
269 0
270 0
271 0
272 0
273 0
274 0
275 0
276 0
277 0
278 0
279 0
280 0
281 0
282 0
283 0
284 0
285 0
286 0
287 0
288 0
289 0
290 0
291 0
292 0
293 0
294 0
295 0
296 0
297 0
298 0
299 0
300 0
301 0
302 0
303 0
304 0
305 0
306 0
307 0
308 0
309 0
310 0
311 0
312 0
313 0
314 0
315 0
316 0
317 0
318 0
319 0
320 0
321 0
322 0
323 0
324 0
325 0
326 0
327 0
328 0
329 0
330 0
331 0
332 0
333 0
334 0
335 0
336 0
337 0
338 0
339 0
340 0
341 0
342 0
343 0
344 0
345 0
346 0
347 0
348 0
349 0
350 0
351 0
352 0
353 0
354 0
355 0
356 0
357 0
358 0
359 0
360 0
361 0
362 0
363 0
364 0
365 0
366 0
367 0
368 0
369 0
370 0
371 0
372 0
373 0
374 0
375 0
376 0
377 0
378 0
379 0
380 0
381 0
382 0
383 0
384 0
385 0
386 0
387 0
388 0
389 0
390 0
391 0
392 0
393 0
394 0
395 0
396 0
397 0
398 0
399 0
400 0
401 0
402 0
403 0
404 0
405 0
406 0
407 0
408 0
409 0
410 0
411 0
412 0
413 0
414 0
415 0
416 0
417 0
418 0
419 0
420 0
421 0
422 0
423 0
424 0
425 0
426 0
427 0
428 0
429 0
430 0
431 0
432 0
433 0
434 0
435 0
436 0
437 0
438 0
439 0
440 0
441 0
442 0
443 0
444 0
445 0
446 0
447 0
448 0
449 0
450 0
451 0
452 0
453 0
454 0
455 0
456 0
457 0
458 0
459 0
460 0
461 0
462 0
463 0
464 0
465 0
466 0
467 0
468 0
469 0
470 0
471 0
472 0
473 0
474 0
475 0
476 0
477 0
478 0
479 0
480 0
481 0
482 0
483 0
484 0
485 0
486 0
487 0
488 0
489 0
490 0
491 0
492 0
493 0
494 0
495 0
496 0
497 0
498 0
499 0
500 0
501 0
502 0
503 0
504 0
505 0
506 0
507 0
508 0
509 0
510 0
511 0
512 0
513 0
514 0
515 0
516 0
517 0
518 0
519 0
520 0
521 0
522 0
523 0
524 0
525 0
526 0
527 0
528 0
529 0
530 0
531 0
532 0
533 0
534 0
535 0
536 0
537 0
538 0
539 0
540 0
541 0
542 0
543 0
544 0
545 0
546 0
547 0
548 0
549 0
550 0
551 0
552 0
553 0
554 0
555 0
556 0
557 0
558 0
559 0
560 0
561 0
562 0
563 0
564 0
565 0
566 0
567 0
568 0
569 0
570 0
571 0
572 0
573 0
574 0
575 0
576 0
577 0
578 0
579 0
580 0
581 0
582 0
583 0
584 0
585 0
586 0
587 0
588 0
589 0
590 0
591 0
592 0
593 0
594 0
595 0
596 0
597 0
598 0
599 0
600 0
601 0
602 0
603 0
604 0
605 0
606 0
607 0
608 0
609 0
610 0
611 0
612 0
613 0
614 0
615 0
616 0
617 0
618 0
619 0
620 0
621 0
622 0
623 0
624 0
625 0
626 0
627 0
628 0
629 0
630 0
631 0
632 0
633 0
634 0
635 0
636 0
637 0
638 0
639 0
640 0
641 0
642 0
643 0
644 0
645 0
646 0
647 0
648 0
649 0
650 0
651 0
652 0
653 0
654 0
655 0
656 0
657 0
658 0
659 0
660 0
661 0
662 0
663 0
664 0
665 0
666 0
667 0
668 0
669 0
670 0
671 0
672 0
673 0
674 0
675 0
676 0
677 0
678 0
679 0
680 0
681 0
682 0
683 0
684 0
685 0
686 0
687 0
688 0
689 0
690 0
691 0
692 0
693 0
694 0
695 0
696 0
697 0
698 0
699 0
700 0
701 0
702 0
703 0
704 0
705 0
706 0
707 0
708 0
709 0
710 0
711 0
712 0
713 0
714 0
715 0
716 0
717 0
718 0
719 0
720 0
721 0
722 0
723 0
724 0
725 0
726 0
727 0
728 0
729 0
730 0
731 0
732 0
733 0
734 0
735 0
736 0
737 0
738 0
739 0
740 0
741 0
742 0
743 0
744 0
745 0
746 0
747 0
748 0
749 0
750 0
751 0
752 0
753 0
754 0
755 0
756 0
757 0
758 0
759 0
760 0
761 0
762 0
763 0
764 0
765 0
766 0
767 0
768 0
769 0
770 0
771 0
772 0
773 0
774 0
775 0
776 0
777 0
778 0
779 0
780 0
781 0
782 0
783 0
784 0
785 0
786 0
787 0
788 0
789 0
790 0
791 0
792 0
793 0
794 0
795 0
796 0
797 0
798 0
799 0
800 0
801 0
802 0
803 0
804 0
805 0
806 0
807 0
808 0
809 0
810 0
811 0
812 0
813 0
814 0
815 0
816 0
817 0
818 0
819 0
820 0
821 0
822 0
823 0
824 0
825 0
826 0
827 0
828 0
829 0
830 0
831 0
832 0
833 0
834 0
835 0
836 0
837 0
838 0
839 0
840 0
841 0
842 0
843 0
844 0
845 0
846 0
847 0
848 0
849 0
850 0
851 0
852 0
853 0
854 0
855 0
856 0
857 0
858 0
859 0
860 0
861 0
862 0
863 0
864 0
865 0
866 0
867 0
868 0
869 0
870 0
871 0
872 0
873 0
874 0
875 0
876 0
877 0
878 0
879 0
880 0
881 0
882 0
883 0
884 0
885 0
886 0
887 0
888 0
889 0
890 0
891 0
892 0
893 0
894 0
895 0
896 0
897 0
898 0
899 0
900 0
901 0
902 0
903 0
904 0
905 0
906 0
907 0
908 0
909 0
910 0
911 0
912 0
913 0
914 0
915 0
916 0
917 0
918 0
919 0
920 0
921 0
922 0
923 0
924 0
925 0
926 0
927 0
928 0
929 0
930 0
931 0
932 0
933 0
934 0
935 0
936 0
937 0
938 0
939 0
940 0
941 0
942 0
943 0
944 0
945 0
946 0
947 0
948 0
949 0
950 0
951 0
952 0
953 0
954 0
955 0
956 0
957 0
958 0
959 0
960 0
961 0
962 0
963 0
964 0
965 0
966 0
967 0
968 0
969 0
970 0
971 0
972 0
973 0
974 0
975 0
976 0
977 0
978 0
979 0
980 0
981 0
982 0
983 0
984 0
985 0
986 0
987 0
988 0
989 0
990 0
991 0
992 0
993 0
994 0
995 0
996 0
997 0
998 0
999 0
1000 0
1001 0
1002 0
1003 0
1004 0
1005 0
1006 0
1007 0
1008 0
1009 0
1010 0
1011 0
1012 0
1013 0
1014 0
1015 0
1016 0
1017 0
1018 0
1019 0
1020 0
1021 0
1022 0
1023 0
1024 0
1025 0
1026 0
1027 0
1028 0
1029 0
1030 0
1031 0
1032 0
1033 0
1034 0
1035 0
1036 0
1037 0
1038 0
1039 0
1040 0
1041 0
1042 0
1043 0
1044 0
1045 0
1046 0
1047 0
1048 0
1049 0
1050 0
1051 0
1052 0
1053 0
1054 0
1055 0
1056 0
1057 0
1058 0
1059 0
1060 0
1061 0
1062 0
1063 0
1064 0
1065 0
1066 0
1067 0
1068 0
1069 0
1070 0
1071 0
1072 0
1073 0
1074 0
1075 0
1076 0
1077 0
1078 0
1079 0
1080 0
1081 0
1082 0
1083 0
1084 0
1085 0
1086 0
1087 0
1088 0
1089 0
1090 0
1091 0
1092 0
1093 0
1094 0
1095 0
1096 0
1097 0
1098 0
1099 0
1100 0
1101 0
1102 0
1103 0
1104 0
1105 0
1106 0
1107 0
1108 0
1109 0
1110 0
1111 0
1112 0
1113 0
1114 0
1115 0
1116 0
1117 0
1118 0
1119 0
1120 0
1121 0
1122 0
1123 0
1124 0
1125 0
1126 0
1127 0
1128 0
1129 0
1130 0
1131 0
1132 0
1133 0
1134 0
1135 0
1136 0
1137 0
1138 0
1139 0
1140 0
1141 0
1142 0
1143 0
1144 0
1145 0
1146 0
1147 0
1148 0
1149 0
1150 0
1151 0
1152 0
1153 0
1154 0
1155 0
1156 0
1157 0
1158 0
1159 0
1160 0
1161 0
1162 0
1163 0
1164 0
1165 0
1166 0
1167 0
1168 0
1169 0
1170 0
1171 0
1172 0
1173 0
1174 0
1175 0
1176 0
1177 0
1178 0
1179 0
1180 0
1181 0
1182 0
1183 0
1184 0
1185 0
1186 0
1187 0
1188 0
1189 0
1190 0
1191 0
1192 0
1193 0
1194 0
1195 0
1196 0
1197 0
1198 0
1199 0
1200 0
1201 0
1202 0
1203 0
1204 0
1205 0
1206 0
1207 0
1208 0
1209 0
1210 0
1211 0
1212 0
1213 0
1214 0
1215 0
1216 0
1217 0
1218 0
1219 0
1220 0
1221 0
1222 0
1223 0
1224 0
1225 0
1226 0
1227 0
1228 0
1229 0
1230 0
1231 0
1232 0
1233 0
1234 0
1235 0
1236 0
1237 0
1238 0
1239 0
1240 0
1241 0
1242 0
1243 0
1244 0
1245 0
1246 0
1247 0
1248 0
1249 0
1250 0
1251 0
1252 0
1253 0
1254 0
1255 0
1256 0
1257 0
1258 0
1259 0
1260 0
1261 0
1262 0
1263 0
1264 0
1265 0
1266 0
1267 0
1268 0
1269 0
1270 0
1271 0
1272 0
1273 0
1274 0
1275 0
1276 0
1277 0
1278 0
1279 0
1280 0
1281 0
1282 0
1283 0
1284 0
1285 0
1286 0
1287 0
1288 0
1289 0
1290 0
1291 0
1292 0
1293 0
1294 0
1295 0
1296 0
1297 0
1298 0
1299 0
1300 0
1301 0
1302 0
1303 0
1304 0
1305 0
1306 0
1307 0
1308 0
1309 0
1310 0
1311 0
1312 0
1313 0
1314 0
1315 0
1316 0
1317 0
1318 0
1319 0
1320 0
1321 0
1322 0
1323 0
1324 0
1325 0
1326 0
1327 0
1328 0
1329 0
1330 0
1331 0
1332 0
1333 0
1334 0
1335 0
1336 0
1337 0
1338 0
1339 0
1340 0
1341 0
1342 0
1343 0
1344 0
1345 0
1346 0
1347 0
1348 0
1349 0
1350 0
1351 0
1352 0
1353 0
1354 0
1355 0
1356 0
1357 0
1358 0
1359 0
1360 0
1361 0
1362 0
1363 0
1364 0
1365 0
1366 0
1367 0
1368 0
1369 0
1370 0
1371 0
1372 0
1373 0
1374 0
1375 0
1376 0
1377 0
1378 0
1379 0
1380 0
1381 0
1382 0
1383 0
1384 0
1385 0
1386 0
1387 0
1388 0
1389 0
1390 0
1391 0
1392 0
1393 0
1394 0
1395 0
1396 0
1397 0
1398 0
1399 0
1400 0
1401 0
1402 0
1403 0
1404 0
1405 0
1406 0
1407 0
1408 0
1409 0
1410 0
1411 0
1412 0
1413 0
1414 0
1415 0
1416 0
1417 0
1418 0
1419 0
1420 0
1421 0
1422 0
1423 0
1424 0
1425 0
1426 0
1427 0
1428 0
1429 0
1430 0
1431 0
1432 0
1433 0
1434 0
1435 0
1436 0
1437 0
1438 0
1439 0
1440 0
1441 0
1442 0
1443 0
1444 0
1445 0
1446 0
1447 0
1448 0
1449 0
1450 0
1451 0
1452 0
1453 0
1454 0
1455 0
1456 0
1457 0
1458 0
1459 0
1460 0
1461 0
1462 0
1463 0
1464 0
1465 0
1466 0
1467 0
1468 0
1469 0
1470 0
1471 0
1472 0
1473 0
1474 0
1475 0
1476 0
1477 0
1478 0
1479 0
1480 0
1481 0
1482 0
1483 0
1484 0
1485 0
1486 0
1487 0
1488 0
1489 0
1490 0
1491 0
1492 0
1493 0
1494 0
1495 0
1496 0
1497 0
1498 0
1499 0
1500 0
1501 0
1502 0
1503 0
1504 0
1505 0
1506 0
1507 0
1508 0
1509 0
1510 0
1511 0
1512 0
1513 0
1514 0
1515 0
1516 0
1517 0
1518 0
1519 0
1520 0
1521 0
1522 0
1523 0
1524 0
1525 0
1526 0
1527 0
1528 0
1529 0
1530 0
1531 0
1532 0
1533 0
1534 0
1535 0
1536 0
1537 0
1538 0
1539 0
1540 0
1541 0
1542 0
1543 0
1544 0
1545 0
1546 0
1547 0
1548 0
1549 0
1550 0
1551 0
1552 0
1553 0
1554 0
1555 0
1556 0
1557 0
1558 0
1559 0
1560 0
1561 0
1562 0
1563 0
1564 0
1565 0
1566 0
1567 0
1568 0
1569 0
1570 0
1571 0
1572 0
1573 0
1574 0
1575 0
1576 0
1577 0
1578 0
1579 0
1580 0
1581 0
1582 0
1583 0
1584 0
1585 0
1586 0
1587 0
1588 0
1589 0
1590 0
1591 0
1592 0
1593 0
1594 0
1595 0
1596 0
1597 0
1598 0
1599 0
1600 0
1601 0
1602 0
1603 0
1604 0
1605 0
1606 0
1607 0
1608 0
1609 0
1610 0
1611 0
1612 0
1613 0
1614 0
1615 0
1616 0
1617 0
1618 0
1619 0
1620 0
1621 0
1622 0
1623 0
1624 0
1625 0
1626 0
1627 0
1628 0
1629 0
1630 0
1631 0
1632 0
1633 0
1634 0
1635 0
1636 0
1637 0
1638 0
1639 0
1640 0
1641 0
1642 0
1643 0
1644 0
1645 0
1646 0
1647 0
1648 0
1649 0
1650 0
1651 0
1652 0
1653 0
1654 0
1655 0
1656 0
1657 0
1658 0
1659 0
1660 0
1661 0
1662 0
1663 0
1664 0
1665 0
1666 0
1667 0
1668 0
1669 0
1670 0
1671 0
1672 0
1673 0
1674 0
1675 0
1676 0
1677 0
1678 0
1679 0
1680 0
1681 0
1682 0
1683 0
1684 0
1685 0
1686 0
1687 0
1688 0
1689 0
1690 0
1691 0
1692 0
1693 0
1694 0
1695 0
1696 0
1697 0
1698 0
1699 0
1700 0
1701 0
1702 0
1703 0
1704 0
1705 0
1706 0
1707 0
1708 0
1709 0
1710 0
1711 0
1712 0
1713 0
1714 0
1715 0
1716 0
1717 0
1718 0
1719 0
1720 0
1721 0
1722 0
1723 0
1724 0
1725 0
1726 0
1727 0
1728 0
1729 0
1730 0
1731 0
1732 0
1733 0
1734 0
1735 0
1736 0
1737 0
1738 0
1739 0
1740 0
1741 0
1742 0
1743 0
1744 0
1745 0
1746 0
1747 0
1748 0
1749 0
1750 0
1751 0
1752 0
1753 0
1754 0
1755 0
1756 0
1757 0
1758 0
1759 0
1760 0
1761 0
1762 0
1763 0
1764 0
1765 0
1766 0
1767 0
1768 0
1769 0
1770 0
1771 0
1772 0
1773 0
1774 0
1775 0
1776 0
1777 0
1778 0
1779 0
1780 0
1781 0
1782 0
1783 0
1784 0
1785 0
1786 0
1787 0
1788 0
1789 0
1790 0
1791 0
1792 0
1793 0
1794 0
1795 0
1796 0
1797 0
1798 0
1799 0
1800 0
1801 0
1802 0
1803 0
1804 0
1805 0
1806 0
1807 0
1808 0
1809 0
1810 0
1811 0
1812 0
1813 0
1814 0
1815 0
1816 0
1817 0
1818 0
1819 0
1820 0
1821 0
1822 0
1823 0
1824 0
1825 0
1826 0
1827 0
1828 0
1829 0
1830 0
1831 0
1832 0
1833 0
1834 0
1835 0
1836 0
1837 0
1838 0
1839 0
1840 0
1841 0
1842 0
1843 0
1844 0
1845 0
1846 0
1847 0
1848 0
1849 0
1850 0
1851 0
1852 0
1853 0
1854 0
1855 0
1856 0
1857 0
1858 0
1859 0
1860 0
1861 0
1862 0
1863 0
1864 0
1865 0
1866 0
1867 0
1868 0
1869 0
1870 0
1871 0
1872 0
1873 0
1874 0
1875 0
1876 0
1877 0
1878 0
1879 0
1880 0
1881 0
1882 0
1883 0
1884 0
1885 0
1886 0
1887 0
1888 0
1889 0
1890 0
1891 0
1892 0
1893 0
1894 0
1895 0
1896 0
1897 0
1898 0
1899 0
1900 0
1901 0
1902 0
1903 0
1904 0
1905 0
1906 0
1907 0
1908 0
1909 0
1910 0
1911 0
1912 0
1913 0
1914 0
1915 0
1916 0
1917 0
1918 0
1919 0
1920 0
1921 0
1922 0
1923 0
1924 0
1925 0
1926 0
1927 0
1928 0
1929 0
1930 0
1931 0
1932 0
1933 0
1934 0
1935 0
1936 0
1937 0
1938 0
1939 0
1940 0
1941 0
1942 0
1943 0
1944 0
1945 0
1946 0
1947 0
1948 0
1949 0
1950 0
1951 0
1952 0
1953 0
1954 0
1955 0
1956 0
1957 0
1958 0
1959 0
1960 0
1961 0
1962 0
1963 0
1964 0
1965 0
1966 0
1967 0
1968 0
1969 0
1970 0
1971 0
1972 0
1973 0
1974 0
1975 0
1976 0
1977 0
1978 0
1979 0
1980 0
1981 0
1982 0
1983 0
1984 0
1985 0
1986 0
1987 0
1988 0
1989 0
1990 0
1991 0
1992 0
1993 0
1994 0
1995 0
1996 0
1997 0
1998 0
1999 0
2000 0
2001 0
2002 0
2003 0
2004 0
2005 0
2006 0
2007 0
2008 0
2009 0
2010 0
2011 0
2012 0
2013 0
2014 0
2015 0
2016 0
2017 0
2018 0
2019 0
2020 0
2021 0
2022 0
2023 0
2024 0
2025 0
2026 0
2027 0
2028 0
2029 0
2030 0
2031 0
2032 0
2033 0
2034 0
2035 0
2036 0
2037 0
2038 0
2039 0
2040 0
2041 0
2042 0
2043 0
2044 0
2045 0
2046 0
2047 0
2048 0
2049 0
2050 0
2051 0
2052 0
2053 0
2054 0
2055 0
2056 0
2057 0
2058 0
2059 0
2060 0
2061 0
2062 0
2063 0
2064 0
2065 0
2066 0
2067 0
2068 0
2069 0
2070 0
2071 0
2072 0
2073 0
2074 0
2075 0
2076 0
2077 0
2078 0
2079 0
2080 0
2081 0
2082 0
2083 0
2084 0
2085 0
2086 0
2087 0
2088 0
2089 0
2090 0
2091 0
2092 0
2093 0
2094 0
2095 0
2096 0
2097 0
2098 0
2099 0
2100 0
2101 0
2102 0
2103 0
2104 0
2105 0
2106 0
2107 0
2108 0
2109 0
2110 0
2111 0
2112 0
2113 0
2114 0
2115 0
2116 0
2117 0
2118 0
2119 0
2120 0
2121 0
2122 0
2123 0
2124 0
2125 0
2126 0
2127 0
2128 0
2129 0
2130 0
2131 0
2132 0
2133 0
2134 0
2135 0
2136 0
2137 0
2138 0
2139 0
2140 0
2141 0
2142 0
2143 0
2144 0
2145 0
2146 0
2147 0
2148 0
2149 0
2150 0
2151 0
2152 0
2153 0
2154 0
2155 0
2156 0
2157 0
2158 0
2159 0
2160 0
2161 0
2162 0
2163 0
2164 0
2165 0
2166 0
2167 0
2168 0
2169 0
2170 0
2171 0
2172 0
2173 0
2174 0
2175 0
2176 0
2177 0
2178 0
2179 0
2180 0
2181 0
2182 0
2183 0
2184 0
2185 0
2186 0
2187 0
2188 0
2189 0
2190 0
2191 0
2192 0
2193 0
2194 0
2195 0
2196 0
2197 0
2198 0
2199 0
2200 0
2201 0
2202 0
2203 0
2204 0
2205 0
2206 0
2207 0
2208 0
2209 0
2210 0
2211 0
2212 0
2213 0
2214 0
2215 0
2216 0
2217 0
2218 0
2219 0
2220 0
2221 0
2222 0
2223 0
2224 0
2225 0
2226 0
2227 0
2228 0
2229 0
2230 0
2231 0
2232 0
2233 0
2234 0
2235 0
2236 0
2237 0
2238 0
2239 0
2240 0
2241 0
2242 0
2243 0
2244 0
2245 0
2246 0
2247 0
2248 0
2249 0
2250 0
2251 0
2252 0
2253 0
2254 0
2255 0
2256 0
2257 0
2258 0
2259 0
2260 0
2261 0
2262 0
2263 0
2264 0
2265 0
2266 0
2267 0
2268 0
2269 0
2270 0
2271 0
2272 0
2273 0
2274 0
2275 0
2276 0
2277 0
2278 0
2279 0
2280 0
2281 0
2282 0
2283 0
2284 0
2285 0
2286 0
2287 0
2288 0
2289 0
2290 0
2291 0
2292 0
2293 0
2294 0
2295 0
2296 0
2297 0
2298 0
2299 0
2300 0
2301 0
2302 0
2303 0
2304 0
2305 0
2306 0
2307 0
2308 0
2309 0
2310 0
2311 0
2312 0
2313 0
2314 0
2315 0
2316 0
2317 0
2318 0
2319 0
2320 0
2321 0
2322 0
2323 0
2324 0
2325 0
2326 0
2327 0
2328 0
2329 0
2330 0
2331 0
2332 0
2333 0
2334 0
2335 0
2336 0
2337 0
2338 0
2339 0
2340 0
2341 0
2342 0
2343 0
2344 0
2345 0
2346 0
2347 0
2348 0
2349 0
2350 0
2351 0
2352 0
2353 0
2354 0
2355 0
2356 0
2357 0
2358 0
2359 0
2360 0
2361 0
2362 0
2363 0
2364 0
2365 0
2366 0
2367 0
2368 0
2369 0
2370 0
2371 0
2372 0
2373 0
2374 0
2375 0
2376 0
2377 0
2378 0
2379 0
2380 0
2381 0
2382 0
2383 0
2384 0
2385 0
2386 0
2387 0
2388 0
2389 0
2390 0
2391 0
2392 0
2393 0
2394 0
2395 0
2396 0
2397 0
2398 0
2399 0
2400 0
2401 0
2402 0
2403 0
2404 0
2405 0
2406 0
2407 0
2408 0
2409 0
2410 0
2411 0
2412 0
2413 0
2414 0
2415 0
2416 0
2417 0
2418 0
2419 0
2420 0
2421 0
2422 0
2423 0
2424 0
2425 0
2426 0
2427 0
2428 0
2429 0
2430 0
2431 0
2432 0
2433 0
2434 0
2435 0
2436 0
2437 0
2438 0
2439 0
2440 0
2441 0
2442 0
2443 0
2444 0
2445 0
2446 0
2447 0
2448 0
2449 0
2450 0
2451 0
2452 0
2453 0
2454 0
2455 0
2456 0
2457 0
2458 0
2459 0
2460 0
2461 0
2462 0
2463 0
2464 0
2465 0
2466 0
2467 0
2468 0
2469 0
2470 0
2471 0
2472 0
2473 0
2474 0
2475 0
2476 0
2477 0
2478 0
2479 0
2480 0
2481 0
2482 0
2483 0
2484 0
2485 0
2486 0
2487 0
2488 0
2489 0
2490 0
2491 0
2492 0
2493 0
2494 0
2495 0
2496 0
2497 0
2498 0
2499 0
2500 0
2501 0
2502 0
2503 0
2504 0
2505 0
2506 0
2507 0
2508 0
2509 0
2510 0
2511 0
2512 0
2513 0
2514 0
2515 0
2516 0
2517 0
2518 0
2519 0
2520 0
2521 0
2522 0
2523 0
2524 0
2525 0
2526 0
2527 0
2528 0
2529 0
2530 0
2531 0
2532 0
2533 0
2534 0
2535 0
2536 0
2537 0
2538 0
2539 0
2540 0
2541 0
2542 0
2543 0
2544 0
2545 0
2546 0
2547 0
2548 0
2549 0
2550 0
2551 0
2552 0
2553 0
2554 0
2555 0
2556 0
2557 0
2558 0
2559 0
2560 0
2561 0
2562 0
2563 0
2564 0
2565 0
2566 0
2567 0
2568 0
2569 0
2570 0
2571 0
2572 0
2573 0
2574 0
2575 0
2576 0
2577 0
2578 0
2579 0
2580 0
2581 0
2582 0
2583 0
2584 0
2585 0
2586 0
2587 0
2588 0
2589 0
2590 0
2591 0
2592 0
2593 0
2594 0
2595 0
2596 0
2597 0
2598 0
2599 0
2600 0
2601 0
2602 0
2603 0
2604 0
2605 0
2606 0
2607 0
2608 0
2609 0
2610 0
2611 0
2612 0
2613 0
2614 0
2615 0
2616 0
2617 0
2618 0
2619 0
2620 0
2621 0
2622 0
2623 0
2624 0
2625 0
2626 0
2627 0
2628 0
2629 0
2630 0
2631 0
2632 0
2633 0
2634 0
2635 0
2636 0
2637 0
2638 0
2639 0
2640 0
2641 0
2642 0
2643 0
2644 0
2645 0
2646 0
2647 0
2648 0
2649 0
2650 0
2651 0
2652 0
2653 0
2654 0
2655 0
2656 0
2657 0
2658 0
2659 0
2660 0
2661 0
2662 0
2663 0
2664 0
2665 0
2666 0
2667 0
2668 0
2669 0
2670 0
2671 0
2672 0
2673 0
2674 0
2675 0
2676 0
2677 0
2678 0
2679 0
2680 0
2681 0
2682 0
2683 0
2684 0
2685 0
2686 0
2687 0
2688 0
2689 0
2690 0
2691 0
2692 0
2693 0
2694 0
2695 0
2696 0
2697 0
2698 0
2699 0
2700 0
2701 0
2702 0
2703 0
2704 0
2705 0
2706 0
2707 0
2708 0
2709 0
2710 0
2711 0
2712 0
2713 0
2714 0
2715 0
2716 0
2717 0
2718 0
2719 0
2720 0
2721 0
2722 0
2723 0
2724 0
2725 0
2726 0
2727 0
2728 0
2729 0
2730 0
2731 0
2732 0
2733 0
2734 0
2735 0
2736 0
2737 0
2738 0
2739 0
2740 0
2741 0
2742 0
2743 0
2744 0
2745 0
2746 0
2747 0
2748 0
2749 0
2750 0
2751 0
2752 0
2753 0
2754 0
2755 0
2756 0
2757 0
2758 0
2759 0
2760 0
2761 0
2762 0
2763 0
2764 0
2765 0
2766 0
2767 0
2768 0
2769 0
2770 0
2771 0
2772 0
2773 0
2774 0
2775 0
2776 0
2777 0
2778 0
2779 0
2780 0
2781 0
2782 0
2783 0
2784 0
2785 0
2786 0
2787 0
2788 0
2789 0
2790 0
2791 0
2792 0
2793 0
2794 0
2795 0
2796 0
2797 0
2798 0
2799 0
2800 0
2801 0
2802 0
2803 0
2804 0
2805 0
2806 0
2807 0
2808 0
2809 0
2810 0
2811 0
2812 0
2813 0
2814 0
2815 0
2816 0
2817 0
2818 0
2819 0
2820 0
2821 0
2822 0
2823 0
2824 0
2825 0
2826 0
2827 0
2828 0
2829 0
2830 0
2831 0
2832 0
2833 0
2834 0
2835 0
2836 0
2837 0
2838 0
2839 0
2840 0
2841 0
2842 0
2843 0
2844 0
2845 0
2846 0
2847 0
2848 0
2849 0
2850 0
2851 0
2852 0
2853 0
2854 0
2855 0
2856 0
2857 0
2858 0
2859 0
2860 0
2861 0
2862 0
2863 0
2864 0
2865 0
2866 0
2867 0
2868 0
2869 0
2870 0
2871 0
2872 0
2873 0
2874 0
2875 0
2876 0
2877 0
2878 0
2879 0
2880 0
2881 0
2882 0
2883 0
2884 0
2885 0
2886 0
2887 0
2888 0
2889 0
2890 0
2891 0
2892 0
2893 0
2894 0
2895 0
2896 0
2897 0
2898 0
2899 0
2900 0
2901 0
2902 0
2903 0
2904 0
2905 0
2906 0
2907 0
2908 0
2909 0
2910 0
2911 0
2912 0
2913 0
2914 0
2915 0
2916 0
2917 0
2918 0
2919 0
2920 0
2921 0
2922 0
2923 0
2924 0
2925 0
2926 0
2927 0
2928 0
2929 0
2930 0
2931 0
2932 0
2933 0
2934 0
2935 0
2936 0
2937 0
2938 0
2939 0
2940 0
2941 0
2942 0
2943 0
2944 0
2945 0
2946 0
2947 0
2948 0
2949 0
2950 0
2951 0
2952 0
2953 0
2954 0
2955 0
2956 0
2957 0
2958 0
2959 0
2960 0
2961 0
2962 0
2963 0
2964 0
2965 0
2966 0
2967 0
2968 0
2969 0
2970 0
2971 0
2972 0
2973 0
2974 0
2975 0
2976 0
2977 0
2978 0
2979 0
2980 0
2981 0
2982 0
2983 0
2984 0
2985 0
2986 0
2987 0
2988 0
2989 0
2990 0
2991 0
2992 0
2993 0
2994 0
2995 0
2996 0
2997 0
2998 0
2999 0
3000 0
3001 0
3002 0
3003 0
3004 0
3005 0
3006 0
3007 0
3008 0
3009 0
3010 0
3011 0
3012 0
3013 0
3014 0
3015 0
3016 0
3017 0
3018 0
3019 0
3020 0
3021 0
3022 0
3023 0
3024 0
3025 0
3026 0
3027 0
3028 0
3029 0
3030 0
3031 0
3032 0
3033 0
3034 0
3035 0
3036 0
3037 0
3038 0
3039 0
3040 0
3041 0
3042 0
3043 0
3044 0
3045 0
3046 0
3047 0
3048 0
3049 0
3050 0
3051 0
3052 0
3053 0
3054 0
3055 0
3056 0
3057 0
3058 0
3059 0
3060 0
3061 0
3062 0
3063 0
3064 0
3065 0
3066 0
3067 0
3068 0
3069 0
3070 0
3071 0
3072 0
3073 0
3074 0
3075 0
3076 0
3077 0
3078 0
3079 0
3080 0
3081 0
3082 0
3083 0
3084 0
3085 0
3086 0
3087 0
3088 0
3089 0
3090 0
3091 0
3092 0
3093 0
3094 0
3095 0
3096 0
3097 0
3098 0
3099 0
3100 0
3101 0
3102 0
3103 0
3104 0
3105 0
3106 0
3107 0
3108 0
3109 0
3110 0
3111 0
3112 0
3113 0
3114 0
3115 0
3116 0
3117 0
3118 0
3119 0
3120 0
3121 0
3122 0
3123 0
3124 0
3125 0
3126 0
3127 0
3128 0
3129 0
3130 0
3131 0
3132 0
3133 0
3134 0
3135 0
3136 0
3137 0
3138 0
3139 0
3140 0
3141 0
3142 0
3143 0
3144 0
3145 0
3146 0
3147 0
3148 0
3149 0
3150 0
3151 0
3152 0
3153 0
3154 0
3155 0
3156 0
3157 0
3158 0
3159 0
3160 0
3161 0
3162 0
3163 0
3164 0
3165 0
3166 0
3167 0
3168 0
3169 0
3170 0
3171 0
3172 0
3173 0
3174 0
3175 0
3176 0
3177 0
3178 0
3179 0
3180 0
3181 0
3182 0
3183 0
3184 0
3185 0
3186 0
3187 0
3188 0
3189 0
3190 0
3191 0
3192 0
3193 0
3194 0
3195 0
3196 0
3197 0
3198 0
3199 0
3200 0
3201 0
3202 0
3203 0
3204 0
3205 0
3206 0
3207 0
3208 0
3209 0
3210 0
3211 0
3212 0
3213 0
3214 0
3215 0
3216 0
3217 0
3218 0
3219 0
3220 0
3221 0
3222 0
3223 0
3224 0
3225 0
3226 0
3227 0
3228 0
3229 0
3230 0
3231 0
3232 0
3233 0
3234 0
3235 0
3236 0
3237 0
3238 0
3239 0
3240 0
3241 0
3242 0
3243 0
3244 0
3245 0
3246 0
3247 0
3248 0
3249 0
3250 0
3251 0
3252 0
3253 0
3254 0
3255 0
3256 0
3257 0
3258 0
3259 0
3260 0
3261 0
3262 0
3263 0
3264 0
3265 0
3266 0
3267 0
3268 0
3269 0
3270 0
3271 0
3272 0
3273 0
3274 0
3275 0
3276 0
3277 0
3278 0
3279 0
3280 0
3281 0
3282 0
3283 0
3284 0
3285 0
3286 0
3287 0
3288 0
3289 0
3290 0
3291 0
3292 0
3293 0
3294 0
3295 0
3296 0
3297 0
3298 0
3299 0
3300 0
3301 0
3302 0
3303 0
3304 0
3305 0
3306 0
3307 0
3308 0
3309 0
3310 0
3311 0
3312 0
3313 0
3314 0
3315 0
3316 0
3317 0
3318 0
3319 0
3320 0
3321 0
3322 0
3323 0
3324 0
3325 0
3326 0
3327 0
3328 0
3329 0
3330 0
3331 0
3332 0
3333 0
3334 0
3335 0
3336 0
3337 0
3338 0
3339 0
3340 0
3341 0
3342 0
3343 0
3344 0
3345 0
3346 0
3347 0
3348 0
3349 0
3350 0
3351 0
3352 0
3353 0
3354 0
3355 0
3356 0
3357 0
3358 0
3359 0
3360 0
3361 0
3362 0
3363 0
3364 0
3365 0
3366 0
3367 0
3368 0
3369 0
3370 0
3371 0
3372 0
3373 0
3374 0
3375 0
3376 0
3377 0
3378 0
3379 0
3380 0
3381 0
3382 0
3383 0
3384 0
3385 0
3386 0
3387 0
3388 0
3389 0
3390 0
3391 0
3392 0
3393 0
3394 0
3395 0
3396 0
3397 0
3398 0
3399 0
3400 0
3401 0
3402 0
3403 0
3404 0
3405 0
3406 0
3407 0
3408 0
3409 0
3410 0
3411 0
3412 0
3413 0
3414 0
3415 0
3416 0
3417 0
3418 0
3419 0
3420 0
3421 0
3422 0
3423 0
3424 0
3425 0
3426 0
3427 0
3428 0
3429 0
3430 0
3431 0
3432 0
3433 0
3434 0
3435 0
3436 0
3437 0
3438 0
3439 0
3440 0
3441 0
3442 0
3443 0
3444 0
3445 0
3446 0
3447 0
3448 0
3449 0
3450 0
3451 0
3452 0
3453 0
3454 0
3455 0
3456 0
3457 0
3458 0
3459 0
3460 0
3461 0
3462 0
3463 0
3464 0
3465 0
3466 0
3467 0
3468 0
3469 0
3470 0
3471 0
3472 0
3473 0
3474 0
3475 0
3476 0
3477 0
3478 0
3479 0
3480 0
3481 0
3482 0
3483 0
3484 0
3485 0
3486 0
3487 0
3488 0
3489 0
3490 0
3491 0
3492 0
3493 0
3494 0
3495 0
3496 0
3497 0
3498 0
3499 0
3500 0
3501 0
3502 0
3503 0
3504 0
3505 0
3506 0
3507 0
3508 0
3509 0
3510 0
3511 0
3512 0
3513 0
3514 0
3515 0
3516 0
3517 0
3518 0
3519 0
3520 0
3521 0
3522 0
3523 0
3524 0
3525 0
3526 0
3527 0
3528 0
3529 0
3530 0
3531 0
3532 0
3533 0
3534 0
3535 0
3536 0
3537 0
3538 0
3539 0
3540 0
3541 0
3542 0
3543 0
3544 0
3545 0
3546 0
3547 0
3548 0
3549 0
3550 0
3551 0
3552 0
3553 0
3554 0
3555 0
3556 0
3557 0
3558 0
3559 0
3560 0
3561 0
3562 0
3563 0
3564 0
3565 0
3566 0
3567 0
3568 0
3569 0
3570 0
3571 0
3572 0
3573 0
3574 0
3575 0
3576 0
3577 0
3578 0
3579 0
3580 0
3581 0
3582 0
3583 0
3584 0
3585 0
3586 0
3587 0
3588 0
3589 0
3590 0
3591 0
3592 0
3593 0
3594 0
3595 0
3596 0
3597 0
3598 0
3599 0
3600 0
3601 0
3602 0
3603 0
3604 0
3605 0
3606 0
3607 0
3608 0
3609 0
3610 0
3611 0
3612 0
3613 0
3614 0
3615 0
3616 0
3617 0
3618 0
3619 0
3620 0
3621 0
3622 0
3623 0
3624 0
3625 0
3626 0
3627 0
3628 0
3629 0
3630 0
3631 0
3632 0
3633 0
3634 0
3635 0
3636 0
3637 0
3638 0
3639 0
3640 0
3641 0
3642 0
3643 0
3644 0
3645 0
3646 0
3647 0
3648 0
3649 0
3650 0
3651 0
3652 0
3653 0
3654 0
3655 0
3656 0
3657 0
3658 0
3659 0
3660 0
3661 0
3662 0
3663 0
3664 0
3665 0
3666 0
3667 0
3668 0
3669 0
3670 0
3671 0
3672 0
3673 0
3674 0
3675 0
3676 0
3677 0
3678 0
3679 0
3680 0
3681 0
3682 0
3683 0
3684 0
3685 0
3686 0
3687 0
3688 0
3689 0
3690 0
3691 0
3692 0
3693 0
3694 0
3695 0
3696 0
3697 0
3698 0
3699 0
3700 0
3701 0
3702 0
3703 0
3704 0
3705 0
3706 0
3707 0
3708 0
3709 0
3710 0
3711 0
3712 0
3713 0
3714 0
3715 0
3716 0
3717 0
3718 0
3719 0
3720 0
3721 0
3722 0
3723 0
3724 0
3725 0
3726 0
3727 0
3728 0
3729 0
3730 0
3731 0
3732 0
3733 0
3734 0
3735 0
3736 0
3737 0
3738 0
3739 0
3740 0
3741 0
3742 0
3743 0
3744 0
3745 0
3746 0
3747 0
3748 0
3749 0
3750 0
3751 0
3752 0
3753 0
3754 0
3755 0
3756 0
3757 0
3758 0
3759 0
3760 0
3761 0
3762 0
3763 0
3764 0
3765 0
3766 0
3767 0
3768 0
3769 0
3770 0
3771 0
3772 0
3773 0
3774 0
3775 0
3776 0
3777 0
3778 0
3779 0
3780 0
3781 0
3782 0
3783 0
3784 0
3785 0
3786 0
3787 0
3788 0
3789 0
3790 0
3791 0
3792 0
3793 0
3794 0
3795 0
3796 0
3797 0
3798 0
3799 0
3800 0
3801 0
3802 0
3803 0
3804 0
3805 0
3806 0
3807 0
3808 0
3809 0
3810 0
3811 0
3812 0
3813 0
3814 0
3815 0
3816 0
3817 0
3818 0
3819 0
3820 0
3821 0
3822 0
3823 0
3824 0
3825 0
3826 0
3827 0
3828 0
3829 0
3830 0
3831 0
3832 0
3833 0
3834 0
3835 0
3836 0
3837 0
3838 0
3839 0
3840 0
3841 0
3842 0
3843 0
3844 0
3845 0
3846 0
3847 0
3848 0
3849 0
3850 0
3851 0
3852 0
3853 0
3854 0
3855 0
3856 0
3857 0
3858 0
3859 0
3860 0
3861 0
3862 0
3863 0
3864 0
3865 0
3866 0
3867 0
3868 0
3869 0
3870 0
3871 0
3872 0
3873 0
3874 0
3875 0
3876 0
3877 0
3878 0
3879 0
3880 0
3881 0
3882 0
3883 0
3884 0
3885 0
3886 0
3887 0
3888 0
3889 0
3890 0
3891 0
3892 0
3893 0
3894 0
3895 0
3896 0
3897 0
3898 0
3899 0
3900 0
3901 0
3902 0
3903 0
3904 0
3905 0
3906 0
3907 0
3908 0
3909 0
3910 0
3911 0
3912 0
3913 0
3914 0
3915 0
3916 0
3917 0
3918 0
3919 0
3920 0
3921 0
3922 0
3923 0
3924 0
3925 0
3926 0
3927 0
3928 0
3929 0
3930 0
3931 0
3932 0
3933 0
3934 0
3935 0
3936 0
3937 0
3938 0
3939 0
3940 0
3941 0
3942 0
3943 0
3944 0
3945 0
3946 0
3947 0
3948 0
3949 0
3950 0
3951 0
3952 0
3953 0
3954 0
3955 0
3956 0
3957 0
3958 0
3959 0
3960 0
3961 0
3962 0
3963 0
3964 0
3965 0
3966 0
3967 0
3968 0
3969 0
3970 0
3971 0
3972 0
3973 0
3974 0
3975 0
3976 0
3977 0
3978 0
3979 0
3980 0
3981 0
3982 0
3983 0
3984 0
3985 0
3986 0
3987 0
3988 0
3989 0
3990 0
3991 0
3992 0
3993 0
3994 0
3995 0
3996 0
3997 0
3998 0
3999 0
4000 0
4001 0
4002 0
4003 0
4004 0
4005 0
4006 0
4007 0
4008 0
4009 0
4010 0
4011 0
4012 0
4013 0
4014 0
4015 0
4016 0
4017 0
4018 0
4019 0
4020 0
4021 0
4022 0
4023 0
4024 0
4025 0
4026 0
4027 0
4028 0
4029 0
4030 0
4031 0
4032 0
4033 0
4034 0
4035 0
4036 0
4037 0
4038 0
4039 0
4040 0
4041 0
4042 0
4043 0
4044 0
4045 0
4046 0
4047 0
4048 0
4049 0
4050 0
4051 0
4052 0
4053 0
4054 0
4055 0
4056 0
4057 0
4058 0
4059 0
4060 0
4061 0
4062 0
4063 0
4064 0
4065 0
4066 0
4067 0
4068 0
4069 0
4070 0
4071 0
4072 0
4073 0
4074 0
4075 0
4076 0
4077 0
4078 0
4079 0
4080 0
4081 0
4082 0
4083 0
4084 0
4085 0
4086 0
4087 0
4088 0
4089 0
4090 0
4091 0
4092 0
4093 0
4094 0
4095 0
4096 0
4097 0
4098 0
4099 0
4100 0
4101 0
4102 0
4103 0
4104 0
4105 0
4106 0
4107 0
4108 0
4109 0
4110 0
4111 0
4112 0
4113 0
4114 0
4115 0
4116 0
4117 0
4118 0
4119 0
4120 0
4121 0
4122 0
4123 0
4124 0
4125 0
4126 0
4127 0
4128 0
4129 0
4130 0
4131 0
4132 0
4133 0
4134 0
4135 0
4136 0
4137 0
4138 0
4139 0
4140 0
4141 0
4142 0
4143 0
4144 0
4145 0
4146 0
4147 0
4148 0
4149 0
4150 0
4151 0
4152 0
4153 0
4154 0
4155 0
4156 0
4157 0
4158 0
4159 0
4160 0
4161 0
4162 0
4163 0
4164 0
4165 0
4166 0
4167 0
4168 0
4169 0
4170 0
4171 0
4172 0
4173 0
4174 0
4175 0
4176 0
4177 0
4178 0
4179 0
4180 0
4181 0
4182 0
4183 0
4184 0
4185 0
4186 0
4187 0
4188 0
4189 0
4190 0
4191 0
4192 0
4193 0
4194 0
4195 0
4196 0
4197 0
4198 0
4199 0
4200 0
4201 0
4202 0
4203 0
4204 0
4205 0
4206 0
4207 0
4208 0
4209 0
4210 0
4211 0
4212 0
4213 0
4214 0
4215 0
4216 0
4217 0
4218 0
4219 0
4220 0
4221 0
4222 0
4223 0
4224 0
4225 0
4226 0
4227 0
4228 0
4229 0
4230 0
4231 0
4232 0
4233 0
4234 0
4235 0
4236 0
4237 0
4238 0
4239 0
4240 0
4241 0
4242 0
4243 0
4244 0
4245 0
4246 0
4247 0
4248 0
4249 0
4250 0
4251 0
4252 0
4253 0
4254 0
4255 0
4256 0
4257 0
4258 0
4259 0
4260 0
4261 0
4262 0
4263 0
4264 0
4265 0
4266 0
4267 0
4268 0
4269 0
4270 0
4271 0
4272 0
4273 0
4274 0
4275 0
4276 0
4277 0
4278 0
4279 0
4280 0
4281 0
4282 0
4283 0
4284 0
4285 0
4286 0
4287 0
4288 0
4289 0
4290 0
4291 0
4292 0
4293 0
4294 0
4295 0
4296 0
4297 0
4298 0
4299 0
4300 0
4301 0
4302 0
4303 0
4304 0
4305 0
4306 0
4307 0
4308 0
4309 0
4310 0
4311 0
4312 0
4313 0
4314 0
4315 0
4316 0
4317 0
4318 0
4319 0
4320 0
4321 0
4322 0
4323 0
4324 0
4325 0
4326 0
4327 0
4328 0
4329 0
4330 0
4331 0
4332 0
4333 0
4334 0
4335 0
4336 0
4337 0
4338 0
4339 0
4340 0
4341 0
4342 0
4343 0
4344 0
4345 0
4346 0
4347 0
4348 0
4349 0
4350 0
4351 0
4352 0
4353 0
4354 0
4355 0
4356 0
4357 0
4358 0
4359 0
4360 0
4361 0
4362 0
4363 0
4364 0
4365 0
4366 0
4367 0
4368 0
4369 0
4370 0
4371 0
4372 0
4373 0
4374 0
4375 0
4376 0
4377 0
4378 0
4379 0
4380 0
4381 0
4382 0
4383 0
4384 0
4385 0
4386 0
4387 0
4388 0
4389 0
4390 0
4391 0
4392 0
4393 0
4394 0
4395 0
4396 0
4397 0
4398 0
4399 0
4400 0
4401 0
4402 0
4403 0
4404 0
4405 0
4406 0
4407 0
4408 0
4409 0
4410 0
4411 0
4412 0
4413 0
4414 0
4415 0
4416 0
4417 0
4418 0
4419 0
4420 0
4421 0
4422 0
4423 0
4424 0
4425 0
4426 0
4427 0
4428 0
4429 0
4430 0
4431 0
4432 0
4433 0
4434 0
4435 0
4436 0
4437 0
4438 0
4439 0
4440 0
4441 0
4442 0
4443 0
4444 0
4445 0
4446 0
4447 0
4448 0
4449 0
4450 0
4451 0
4452 0
4453 0
4454 0
4455 0
4456 0
4457 0
4458 0
4459 0
4460 0
4461 0
4462 0
4463 0
4464 0
4465 0
4466 0
4467 0
4468 0
4469 0
4470 0
4471 0
4472 0
4473 0
4474 0
4475 0
4476 0
4477 0
4478 0
4479 0
4480 0
4481 0
4482 0
4483 0
4484 0
4485 0
4486 0
4487 0
4488 0
4489 0
4490 0
4491 0
4492 0
4493 0
4494 0
4495 0
4496 0
4497 0
4498 0
4499 0
4500 0
4501 0
4502 0
4503 0
4504 0
4505 0
4506 0
4507 0
4508 0
4509 0
4510 0
4511 0
4512 0
4513 0
4514 0
4515 0
4516 0
4517 0
4518 0
4519 0
4520 0
4521 0
4522 0
4523 0
4524 0
4525 0
4526 0
4527 0
4528 0
4529 0
4530 0
4531 0
4532 0
4533 0
4534 0
4535 0
4536 0
4537 0
4538 0
4539 0
4540 0
4541 0
4542 0
4543 0
4544 0
4545 0
4546 0
4547 0
4548 0
4549 0
4550 0
4551 0
4552 0
4553 0
4554 0
4555 0
4556 0
4557 0
4558 0
4559 0
4560 0
4561 0
4562 0
4563 0
4564 0
4565 0
4566 0
4567 0
4568 0
4569 0
4570 0
4571 0
4572 0
4573 0
4574 0
4575 0
4576 0
4577 0
4578 0
4579 0
4580 0
4581 0
4582 0
4583 0
4584 0
4585 0
4586 0
4587 0
4588 0
4589 0
4590 0
4591 0
4592 0
4593 0
4594 0
4595 0
4596 0
4597 0
4598 0
4599 0
4600 0
4601 0
4602 0
4603 0
4604 0
4605 0
4606 0
4607 0
4608 0
4609 0
4610 0
4611 0
4612 0
4613 0
4614 0
4615 0
4616 0
4617 0
4618 0
4619 0
4620 0
4621 0
4622 0
4623 0
4624 0
4625 0
4626 0
4627 0
4628 0
4629 0
4630 0
4631 0
4632 0
4633 0
4634 0
4635 0
4636 0
4637 0
4638 0
4639 0
4640 0
4641 0
4642 0
4643 0
4644 0
4645 0
4646 0
4647 0
4648 0
4649 0
4650 0
4651 0
4652 0
4653 0
4654 0
4655 0
4656 0
4657 0
4658 0
4659 0
4660 0
4661 0
4662 0
4663 0
4664 0
4665 0
4666 0
4667 0
4668 0
4669 0
4670 0
4671 0
4672 0
4673 0
4674 0
4675 0
4676 0
4677 0
4678 0
4679 0
4680 0
4681 0
4682 0
4683 0
4684 0
4685 0
4686 0
4687 0
4688 0
4689 0
4690 0
4691 0
4692 0
4693 0
4694 0
4695 0
4696 0
4697 0
4698 0
4699 0
4700 0
4701 0
4702 0
4703 0
4704 0
4705 0
4706 0
4707 0
4708 0
4709 0
4710 0
4711 0
4712 0
4713 0
4714 0
4715 0
4716 0
4717 0
4718 0
4719 0
4720 0
4721 0
4722 0
4723 0
4724 0
4725 0
4726 0
4727 0
4728 0
4729 0
4730 0
4731 0
4732 0
4733 0
4734 0
4735 0
4736 0
4737 0
4738 0
4739 0
4740 0
4741 0
4742 0
4743 0
4744 0
4745 0
4746 0
4747 0
4748 0
4749 0
4750 0
4751 0
4752 0
4753 0
4754 0
4755 0
4756 0
4757 0
4758 0
4759 0
4760 0
4761 0
4762 0
4763 0
4764 0
4765 0
4766 0
4767 0
4768 0
4769 0
4770 0
4771 0
4772 0
4773 0
4774 0
4775 0
4776 0
4777 0
4778 0
4779 0
4780 0
4781 0
4782 0
4783 0
4784 0
4785 0
4786 0
4787 0
4788 0
4789 0
4790 0
4791 0
4792 0
4793 0
4794 0
4795 0
4796 0
4797 0
4798 0
4799 0
4800 0
4801 0
4802 0
4803 0
4804 0
4805 0
4806 0
4807 0
4808 0
4809 0
4810 0
4811 0
4812 0
4813 0
4814 0
4815 0
4816 0
4817 0
4818 0
4819 0
4820 0
4821 0
4822 0
4823 0
4824 0
4825 0
4826 0
4827 0
4828 0
4829 0
4830 0
4831 0
4832 0
4833 0
4834 0
4835 0
4836 0
4837 0
4838 0
4839 0
4840 0
4841 0
4842 0
4843 0
4844 0
4845 0
4846 0
4847 0
4848 0
4849 0
4850 0
4851 0
4852 0
4853 0
4854 0
4855 0
4856 0
4857 0
4858 0
4859 0
4860 0
4861 0
4862 0
4863 0
4864 0
4865 0
4866 0
4867 0
4868 0
4869 0
4870 0
4871 0
4872 0
4873 0
4874 0
4875 0
4876 0
4877 0
4878 0
4879 0
4880 0
4881 0
4882 0
4883 0
4884 0
4885 0
4886 0
4887 0
4888 0
4889 0
4890 0
4891 0
4892 0
4893 0
4894 0
4895 0
4896 0
4897 0
4898 0
4899 0
4900 0
4901 0
4902 0
4903 0
4904 0
4905 0
4906 0
4907 0
4908 0
4909 0
4910 0
4911 0
4912 0
4913 0
4914 0
4915 0
4916 0
4917 0
4918 0
4919 0
4920 0
4921 0
4922 0
4923 0
4924 0
4925 0
4926 0
4927 0
4928 0
4929 0
4930 0
4931 0
4932 0
4933 0
4934 0
4935 0
4936 0
4937 0
4938 0
4939 0
4940 0
4941 0
4942 0
4943 0
4944 0
4945 0
4946 0
4947 0
4948 0
4949 0
4950 0
4951 0
4952 0
4953 0
4954 0
4955 0
4956 0
4957 0
4958 0
4959 0
4960 0
4961 0
4962 0
4963 0
4964 0
4965 0
4966 0
4967 0
4968 0
4969 0
4970 0
4971 0
4972 0
4973 0
4974 0
4975 0
4976 0
4977 0
4978 0
4979 0
4980 0
4981 0
4982 0
4983 0
4984 0
4985 0
4986 0
4987 0
4988 0
4989 0
4990 0
4991 0
4992 0
4993 0
4994 0
4995 0
4996 0
4997 0
4998 0
4999 0
5000 0
5001 0
5002 0
5003 0
5004 0
5005 0
5006 0
5007 0
5008 0
5009 0
5010 0
5011 0
5012 0
5013 0
5014 0
5015 0
5016 0
5017 0
5018 0
5019 0
5020 0
5021 0
5022 0
5023 0
5024 0
5025 0
5026 0
5027 0
5028 0
5029 0
5030 0
5031 0
5032 0
5033 0
5034 0
5035 0
5036 0
5037 0
5038 0
5039 0
5040 0
5041 0
5042 0
5043 0
5044 0
5045 0
5046 0
5047 0
5048 0
5049 0
5050 0
5051 0
5052 0
5053 0
5054 0
5055 0
5056 0
5057 0
5058 0
5059 0
5060 0
5061 0
5062 0
5063 0
5064 0
5065 0
5066 0
5067 0
5068 0
5069 0
5070 0
5071 0
5072 0
5073 0
5074 0
5075 0
5076 0
5077 0
5078 0
5079 0
5080 0
5081 0
5082 0
5083 0
5084 0
5085 0
5086 0
5087 0
5088 0
5089 0
5090 0
5091 0
5092 0
5093 0
5094 0
5095 0
5096 0
5097 0
5098 0
5099 0
5100 0
5101 0
5102 0
5103 0
5104 0
5105 0
5106 0
5107 0
5108 0
5109 0
5110 0
5111 0
5112 0
5113 0
5114 0
5115 0
5116 0
5117 0
5118 0
5119 0
5120 0
5121 0
5122 0
5123 0
5124 0
5125 0
5126 0
5127 0
5128 0
5129 0
5130 0
5131 0
5132 0
5133 0
5134 0
5135 0
5136 0
5137 0
5138 0
5139 0
5140 0
5141 0
5142 0
5143 0
5144 0
5145 0
5146 0
5147 0
5148 0
5149 0
5150 0
5151 0
5152 0
5153 0
5154 0
5155 0
5156 0
5157 0
5158 0
5159 0
5160 0
5161 0
5162 0
5163 0
5164 0
5165 0
5166 0
5167 0
5168 0
5169 0
5170 0
5171 0
5172 0
5173 0
5174 0
5175 0
5176 0
5177 0
5178 0
5179 0
5180 0
5181 0
5182 0
5183 0
5184 0
5185 0
5186 0
5187 0
5188 0
5189 0
5190 0
5191 0
5192 0
5193 0
5194 0
5195 0
5196 0
5197 0
5198 0
5199 0
5200 0
5201 0
5202 0
5203 0
5204 0
5205 0
5206 0
5207 0
5208 0
5209 0
5210 0
5211 0
5212 0
5213 0
5214 0
5215 0
5216 0
5217 0
5218 0
5219 0
5220 0
5221 0
5222 0
5223 0
5224 0
5225 0
5226 0
5227 0
5228 0
5229 0
5230 0
5231 0
5232 0
5233 0
5234 0
5235 0
5236 0
5237 0
5238 0
5239 0
5240 0
5241 0
5242 0
5243 0
5244 0
5245 0
5246 0
5247 0
5248 0
5249 0
5250 0
5251 0
5252 0
5253 0
5254 0
5255 0
5256 0
5257 0
5258 0
5259 0
5260 0
5261 0
5262 0
5263 0
5264 0
5265 0
5266 0
5267 0
5268 0
5269 0
5270 0
5271 0
5272 0
5273 0
5274 0
5275 0
5276 0
5277 0
5278 0
5279 0
5280 0
5281 0
5282 0
5283 0
5284 0
5285 0
5286 0
5287 0
5288 0
5289 0
5290 0
5291 0
5292 0
5293 0
5294 0
5295 0
5296 0
5297 0
5298 0
5299 0
5300 0
5301 0
5302 0
5303 0
5304 0
5305 0
5306 0
5307 0
5308 0
5309 0
5310 0
5311 0
5312 0
5313 0
5314 0
5315 0
5316 0
5317 0
5318 0
5319 0
5320 0
5321 0
5322 0
5323 0
5324 0
5325 0
5326 0
5327 0
5328 0
5329 0
5330 0
5331 0
5332 0
5333 0
5334 0
5335 0
5336 0
5337 0
5338 0
5339 0
5340 0
5341 0
5342 0
5343 0
5344 0
5345 0
5346 0
5347 0
5348 0
5349 0
5350 0
5351 0
5352 0
5353 0
5354 0
5355 0
5356 0
5357 0
5358 0
5359 0
5360 0
5361 0
5362 0
5363 0
5364 0
5365 0
5366 0
5367 0
5368 0
5369 0
5370 0
5371 0
5372 0
5373 0
5374 0
5375 0
5376 0
5377 0
5378 0
5379 0
5380 0
5381 0
5382 0
5383 0
5384 0
5385 0
5386 0
5387 0
5388 0
5389 0
5390 0
5391 0
5392 0
5393 0
5394 0
5395 0
5396 0
5397 0
5398 0
5399 0
5400 0
5401 0
5402 0
5403 0
5404 0
5405 0
5406 0
5407 0
5408 0
5409 0
5410 0
5411 0
5412 0
5413 0
5414 0
5415 0
5416 0
5417 0
5418 0
5419 0
5420 0
5421 0
5422 0
5423 0
5424 0
5425 0
5426 0
5427 0
5428 0
5429 0
5430 0
5431 0
5432 0
5433 0
5434 0
5435 0
5436 0
5437 0
5438 0
5439 0
5440 0
5441 0
5442 0
5443 0
5444 0
5445 0
5446 0
5447 0
5448 0
5449 0
5450 0
5451 0
5452 0
5453 0
5454 0
5455 0
5456 0
5457 0
5458 0
5459 0
5460 0
5461 0
5462 0
5463 0
5464 0
5465 0
5466 0
5467 0
5468 0
5469 0
5470 0
5471 0
5472 0
5473 0
5474 0
5475 0
5476 0
5477 0
5478 0
5479 0
5480 0
5481 0
5482 0
5483 0
5484 0
5485 0
5486 0
5487 0
5488 0
5489 0
5490 0
5491 0
5492 0
5493 0
5494 0
5495 0
5496 0
5497 0
5498 0
5499 0
5500 0
5501 0
5502 0
5503 0
5504 0
5505 0
5506 0
5507 0
5508 0
5509 0
5510 0
5511 0
5512 0
5513 0
5514 0
5515 0
5516 0
5517 0
5518 0
5519 0
5520 0
5521 0
5522 0
5523 0
5524 0
5525 0
5526 0
5527 0
5528 0
5529 0
5530 0
5531 0
5532 0
5533 0
5534 0
5535 0
5536 0
5537 0
5538 0
5539 0
5540 0
5541 0
5542 0
5543 0
5544 0
5545 0
5546 0
5547 0
5548 0
5549 0
5550 0
5551 0
5552 0
5553 0
5554 0
5555 0
5556 0
5557 0
5558 0
5559 0
5560 0
5561 0
5562 0
5563 0
5564 0
5565 0
5566 0
5567 0
5568 0
5569 0
5570 0
5571 0
5572 0
5573 0
5574 0
5575 0
5576 0
5577 0
5578 0
5579 0
5580 0
5581 0
5582 0
5583 0
5584 0
5585 0
5586 0
5587 0
5588 0
5589 0
5590 0
5591 0
5592 0
5593 0
5594 0
5595 0
5596 0
5597 0
5598 0
5599 0
5600 0
5601 0
5602 0
5603 0
5604 0
5605 0
5606 0
5607 0
5608 0
5609 0
5610 0
5611 0
5612 0
5613 0
5614 0
5615 0
5616 0
5617 0
5618 0
5619 0
5620 0
5621 0
5622 0
5623 0
5624 0
5625 0
5626 0
5627 0
5628 0
5629 0
5630 0
5631 0
5632 0
5633 0
5634 0
5635 0
5636 0
5637 0
5638 0
5639 0
5640 0
5641 0
5642 0
5643 0
5644 0
5645 0
5646 0
5647 0
5648 0
5649 0
5650 0
5651 0
5652 0
5653 0
5654 0
5655 0
5656 0
5657 0
5658 0
5659 0
5660 0
5661 0
5662 0
5663 0
5664 0
5665 0
5666 0
5667 0
5668 0
5669 0
5670 0
5671 0
5672 0
5673 0
5674 0
5675 0
5676 0
5677 0
5678 0
5679 0
5680 0
5681 0
5682 0
5683 0
5684 0
5685 0
5686 0
5687 0
5688 0
5689 0
5690 0
5691 0
5692 0
5693 0
5694 0
5695 0
5696 0
5697 0
5698 0
5699 0
5700 0
5701 0
5702 0
5703 0
5704 0
5705 0
5706 0
5707 0
5708 0
5709 0
5710 0
5711 0
5712 0
5713 0
5714 0
5715 0
5716 0
5717 0
5718 0
5719 0
5720 0
5721 0
5722 0
5723 0
5724 0
5725 0
5726 0
5727 0
5728 0
5729 0
5730 0
5731 0
5732 0
5733 0
5734 0
5735 0
5736 0
5737 0
5738 0
5739 0
5740 0
5741 0
5742 0
5743 0
5744 0
5745 0
5746 0
5747 0
5748 0
5749 0
5750 0
5751 0
5752 0
5753 0
5754 0
5755 0
5756 0
5757 0
5758 0
5759 0
5760 0
5761 0
5762 0
5763 0
5764 0
5765 0
5766 0
5767 0
5768 0
5769 0
5770 0
5771 0
5772 0
5773 0
5774 0
5775 0
5776 0
5777 0
5778 0
5779 0
5780 0
5781 0
5782 0
5783 0
5784 0
5785 0
5786 0
5787 0
5788 0
5789 0
5790 0
5791 0
5792 0
5793 0
5794 0
5795 0
5796 0
5797 0
5798 0
5799 0
5800 0
5801 0
5802 0
5803 0
5804 0
5805 0
5806 0
5807 0
5808 0
5809 0
5810 0
5811 0
5812 0
5813 0
5814 0
5815 0
5816 0
5817 0
5818 0
5819 0
5820 0
5821 0
5822 0
5823 0
5824 0
5825 0
5826 0
5827 0
5828 0
5829 0
5830 0
5831 0
5832 0
5833 0
5834 0
5835 0
5836 0
5837 0
5838 0
5839 0
5840 0
5841 0
5842 0
5843 0
5844 0
5845 0
5846 0
5847 0
5848 0
5849 0
5850 0
5851 0
5852 0
5853 0
5854 0
5855 0
5856 0
5857 0
5858 0
5859 0
5860 0
5861 0
5862 0
5863 0
5864 0
5865 0
5866 0
5867 0
5868 0
5869 0
5870 0
5871 0
5872 0
5873 0
5874 0
5875 0
5876 0
5877 0
5878 0
5879 0
5880 0
5881 0
5882 0
5883 0
5884 0
5885 0
5886 0
5887 0
5888 0
5889 0
5890 0
5891 0
5892 0
5893 0
5894 0
5895 0
5896 0
5897 0
5898 0
5899 0
5900 0
5901 0
5902 0
5903 0
5904 0
5905 0
5906 0
5907 0
5908 0
5909 0
5910 0
5911 0
5912 0
5913 0
5914 0
5915 0
5916 0
5917 0
5918 0
5919 0
5920 0
5921 0
5922 0
5923 0
5924 0
5925 0
5926 0
5927 0
5928 0
5929 0
5930 0
5931 0
5932 0
5933 0
5934 0
5935 0
5936 0
5937 0
5938 0
5939 0
5940 0
5941 0
5942 0
5943 0
5944 0
5945 0
5946 0
5947 0
5948 0
5949 0
5950 0
5951 0
5952 0
5953 0
5954 0
5955 0
5956 0
5957 0
5958 0
5959 0
5960 0
5961 0
5962 0
5963 0
5964 0
5965 0
5966 0
5967 0
5968 0
5969 0
5970 0
5971 0
5972 0
5973 0
5974 0
5975 0
5976 0
5977 0
5978 0
5979 0
5980 0
5981 0
5982 0
5983 0
5984 0
5985 0
5986 0
5987 0
5988 0
5989 0
5990 0
5991 0
5992 0
5993 0
5994 0
5995 0
5996 0
5997 0
5998 0
5999 0
6000 0
6001 0
6002 0
6003 0
6004 0
6005 0
6006 0
6007 0
6008 0
6009 0
6010 0
6011 0
6012 0
6013 0
6014 0
6015 0
6016 0
6017 0
6018 0
6019 0
6020 0
6021 0
6022 0
6023 0
6024 0
6025 0
6026 0
6027 0
6028 0
6029 0
6030 0
6031 0
6032 0
6033 0
6034 0
6035 0
6036 0
6037 0
6038 0
6039 0
6040 0
6041 0
6042 0
6043 0
6044 0
6045 0
6046 0
6047 0
6048 0
6049 0
6050 0
6051 0
6052 0
6053 0
6054 0
6055 0
6056 0
6057 0
6058 0
6059 0
6060 0
6061 0
6062 0
6063 0
6064 0
6065 0
6066 0
6067 0
6068 0
6069 0
6070 0
6071 0
6072 0
6073 0
6074 0
6075 0
6076 0
6077 0
6078 0
6079 0
6080 0
6081 0
6082 0
6083 0
6084 0
6085 0
6086 0
6087 0
6088 0
6089 0
6090 0
6091 0
6092 0
6093 0
6094 0
6095 0
6096 0
6097 0
6098 0
6099 0
6100 0
6101 0
6102 0
6103 0
6104 0
6105 0
6106 0
6107 0
6108 0
6109 0
6110 0
6111 0
6112 0
6113 0
6114 0
6115 0
6116 0
6117 0
6118 0
6119 0
6120 0
6121 0
6122 0
6123 0
6124 0
6125 0
6126 0
6127 0
6128 0
6129 0
6130 0
6131 0
6132 0
6133 0
6134 0
6135 0
6136 0
6137 0
6138 0
6139 0
6140 0
6141 0
6142 0
6143 0
6144 0
6145 0
6146 0
6147 0
6148 0
6149 0
6150 0
6151 0
6152 0
6153 0
6154 0
6155 0
6156 0
6157 0
6158 0
6159 0
6160 0
6161 0
6162 0
6163 0
6164 0
6165 0
6166 0
6167 0
6168 0
6169 0
6170 0
6171 0
6172 0
6173 0
6174 0
6175 0
6176 0
6177 0
6178 0
6179 0
6180 0
6181 0
6182 0
6183 0
6184 0
6185 0
6186 0
6187 0
6188 0
6189 0
6190 0
6191 0
6192 0
6193 0
6194 0
6195 0
6196 0
6197 0
6198 0
6199 0
6200 0
6201 0
6202 0
6203 0
6204 0
6205 0
6206 0
6207 0
6208 0
6209 0
6210 0
6211 0
6212 0
6213 0
6214 0
6215 0
6216 0
6217 0
6218 0
6219 0
6220 0
6221 0
6222 0
6223 0
6224 0
6225 0
6226 0
6227 0
6228 0
6229 0
6230 0
6231 0
6232 0
6233 0
6234 0
6235 0
6236 0
6237 0
6238 0
6239 0
6240 0
6241 0
6242 0
6243 0
6244 0
6245 0
6246 0
6247 0
6248 0
6249 0
6250 0
6251 0
6252 0
6253 0
6254 0
6255 0
6256 0
6257 0
6258 0
6259 0
6260 0
6261 0
6262 0
6263 0
6264 0
6265 0
6266 0
6267 0
6268 0
6269 0
6270 0
6271 0
6272 0
6273 0
6274 0
6275 0
6276 0
6277 0
6278 0
6279 0
6280 0
6281 0
6282 0
6283 0
6284 0
6285 0
6286 0
6287 0
6288 0
6289 0
6290 0
6291 0
6292 0
6293 0
6294 0
6295 0
6296 0
6297 0
6298 0
6299 0
6300 0
6301 0
6302 0
6303 0
6304 0
6305 0
6306 0
6307 0
6308 0
6309 0
6310 0
6311 0
6312 0
6313 0
6314 0
6315 0
6316 0
6317 0
6318 0
6319 0
6320 0
6321 0
6322 0
6323 0
6324 0
6325 0
6326 0
6327 0
6328 0
6329 0
6330 0
6331 0
6332 0
6333 0
6334 0
6335 0
6336 0
6337 0
6338 0
6339 0
6340 0
6341 0
6342 0
6343 0
6344 0
6345 0
6346 0
6347 0
6348 0
6349 0
6350 0
6351 0
6352 0
6353 0
6354 0
6355 0
6356 0
6357 0
6358 0
6359 0
6360 0
6361 0
6362 0
6363 0
6364 0
6365 0
6366 0
6367 0
6368 0
6369 0
6370 0
6371 0
6372 0
6373 0
6374 0
6375 0
6376 0
6377 0
6378 0
6379 0
6380 0
6381 0
6382 0
6383 0
6384 0
6385 0
6386 0
6387 0
6388 0
6389 0
6390 0
6391 0
6392 0
6393 0
6394 0
6395 0
6396 0
6397 0
6398 0
6399 0
6400 0
6401 0
6402 0
6403 0
6404 0
6405 0
6406 0
6407 0
6408 0
6409 0
6410 0
6411 0
6412 0
6413 0
6414 0
6415 0
6416 0
6417 0
6418 0
6419 0
6420 0
6421 0
6422 0
6423 0
6424 0
6425 0
6426 0
6427 0
6428 0
6429 0
6430 0
6431 0
6432 0
6433 0
6434 0
6435 0
6436 0
6437 0
6438 0
6439 0
6440 0
6441 0
6442 0
6443 0
6444 0
6445 0
6446 0
6447 0
6448 0
6449 0
6450 0
6451 0
6452 0
6453 0
6454 0
6455 0
6456 0
6457 0
6458 0
6459 0
6460 0
6461 0
6462 0
6463 0
6464 0
6465 0
6466 0
6467 0
6468 0
6469 0
6470 0
6471 0
6472 0
6473 0
6474 0
6475 0
6476 0
6477 0
6478 0
6479 0
6480 0
6481 0
6482 0
6483 0
6484 0
6485 0
6486 0
6487 0
6488 0
6489 0
6490 0
6491 0
6492 0
6493 0
6494 0
6495 0
6496 0
6497 0
6498 0
6499 0
6500 0
6501 0
6502 0
6503 0
6504 0
6505 0
6506 0
6507 0
6508 0
6509 0
6510 0
6511 0
6512 0
6513 0
6514 0
6515 0
6516 0
6517 0
6518 0
6519 0
6520 0
6521 0
6522 0
6523 0
6524 0
6525 0
6526 0
6527 0
6528 0
6529 0
6530 0
6531 0
6532 0
6533 0
6534 0
6535 0
6536 0
6537 0
6538 0
6539 0
6540 0
6541 0
6542 0
6543 0
6544 0
6545 0
6546 0
6547 0
6548 0
6549 0
6550 0
6551 0
6552 0
6553 0
6554 0
6555 0
6556 0
6557 0
6558 0
6559 0
6560 0
6561 0
6562 0
6563 0
6564 0
6565 0
6566 0
6567 0
6568 0
6569 0
6570 0
6571 0
6572 0
6573 0
6574 0
6575 0
6576 0
6577 0
6578 0
6579 0
6580 0
6581 0
6582 0
6583 0
6584 0
6585 0
6586 0
6587 0
6588 0
6589 0
6590 0
6591 0
6592 0
6593 0
6594 0
6595 0
6596 0
6597 0
6598 0
6599 0
6600 0
6601 0
6602 0
6603 0
6604 0
6605 0
6606 0
6607 0
6608 0
6609 0
6610 0
6611 0
6612 0
6613 0
6614 0
6615 0
6616 0
6617 0
6618 0
6619 0
6620 0
6621 0
6622 0
6623 0
6624 0
6625 0
6626 0
6627 0
6628 0
6629 0
6630 0
6631 0
6632 0
6633 0
6634 0
6635 0
6636 0
6637 0
6638 0
6639 0
6640 0
6641 0
6642 0
6643 0
6644 0
6645 0
6646 0
6647 0
6648 0
6649 0
6650 0
6651 0
6652 0
6653 0
6654 0
6655 0
6656 0
6657 0
6658 0
6659 0
6660 0
6661 0
6662 0
6663 0
6664 0
6665 0
6666 0
6667 0
6668 0
6669 0
6670 0
6671 0
6672 0
6673 0
6674 0
6675 0
6676 0
6677 0
6678 0
6679 0
6680 0
6681 0
6682 0
6683 0
6684 0
6685 0
6686 0
6687 0
6688 0
6689 0
6690 0
6691 0
6692 0
6693 0
6694 0
6695 0
6696 0
6697 0
6698 0
6699 0
6700 0
6701 0
6702 0
6703 0
6704 0
6705 0
6706 0
6707 0
6708 0
6709 0
6710 0
6711 0
6712 0
6713 0
6714 0
6715 0
6716 0
6717 0
6718 0
6719 0
6720 0
6721 0
6722 0
6723 0
6724 0
6725 0
6726 0
6727 0
6728 0
6729 0
6730 0
6731 0
6732 0
6733 0
6734 0
6735 0
6736 0
6737 0
6738 0
6739 0
6740 0
6741 0
6742 0
6743 0
6744 0
6745 0
6746 0
6747 0
6748 0
6749 0
6750 0
6751 0
6752 0
6753 0
6754 0
6755 0
6756 0
6757 0
6758 0
6759 0
6760 0
6761 0
6762 0
6763 0
6764 0
6765 0
6766 0
6767 0
6768 0
6769 0
6770 0
6771 0
6772 0
6773 0
6774 0
6775 0
6776 0
6777 0
6778 0
6779 0
6780 0
6781 0
6782 0
6783 0
6784 0
6785 0
6786 0
6787 0
6788 0
6789 0
6790 0
6791 0
6792 0
6793 0
6794 0
6795 0
6796 0
6797 0
6798 0
6799 0
6800 0
6801 0
6802 0
6803 0
6804 0
6805 0
6806 0
6807 0
6808 0
6809 0
6810 0
6811 0
6812 0
6813 0
6814 0
6815 0
6816 0
6817 0
6818 0
6819 0
6820 0
6821 0
6822 0
6823 0
6824 0
6825 0
6826 0
6827 0
6828 0
6829 0
6830 0
6831 0
6832 0
6833 0
6834 0
6835 0
6836 0
6837 0
6838 0
6839 0
6840 0
6841 0
6842 0
6843 0
6844 0
6845 0
6846 0
6847 0
6848 0
6849 0
6850 0
6851 0
6852 0
6853 0
6854 0
6855 0
6856 0
6857 0
6858 0
6859 0
6860 0
6861 0
6862 0
6863 0
6864 0
6865 0
6866 0
6867 0
6868 0
6869 0
6870 0
6871 0
6872 0
6873 0
6874 0
6875 0
6876 0
6877 0
6878 0
6879 0
6880 0
6881 0
6882 0
6883 0
6884 0
6885 0
6886 0
6887 0
6888 0
6889 0
6890 0
6891 0
6892 0
6893 0
6894 0
6895 0
6896 0
6897 0
6898 0
6899 0
6900 0
6901 0
6902 0
6903 0
6904 0
6905 0
6906 0
6907 0
6908 0
6909 0
6910 0
6911 0
6912 0
6913 0
6914 0
6915 0
6916 0
6917 0
6918 0
6919 0
6920 0
6921 0
6922 0
6923 0
6924 0
6925 0
6926 0
6927 0
6928 0
6929 0
6930 0
6931 0
6932 0
6933 0
6934 0
6935 0
6936 0
6937 0
6938 0
6939 0
6940 0
6941 0
6942 0
6943 0
6944 0
6945 0
6946 0
6947 0
6948 0
6949 0
6950 0
6951 0
6952 0
6953 0
6954 0
6955 0
6956 0
6957 0
6958 0
6959 0
6960 0
6961 0
6962 0
6963 0
6964 0
6965 0
6966 0
6967 0
6968 0
6969 0
6970 0
6971 0
6972 0
6973 0
6974 0
6975 0
6976 0
6977 0
6978 0
6979 0
6980 0
6981 0
6982 0
6983 0
6984 0
6985 0
6986 0
6987 0
6988 0
6989 0
6990 0
6991 0
6992 0
6993 0
6994 0
6995 0
6996 0
6997 0
6998 0
6999 0
7000 0
7001 0
7002 0
7003 0
7004 0
7005 0
7006 0
7007 0
7008 0
7009 0
7010 0
7011 0
7012 0
7013 0
7014 0
7015 0
7016 0
7017 0
7018 0
7019 0
7020 0
7021 0
7022 0
7023 0
7024 0
7025 0
7026 0
7027 0
7028 0
7029 0
7030 0
7031 0
7032 0
7033 0
7034 0
7035 0
7036 0
7037 0
7038 0
7039 0
7040 0
7041 0
7042 0
7043 0
7044 0
7045 0
7046 0
7047 0
7048 0
7049 0
7050 0
7051 0
7052 0
7053 0
7054 0
7055 0
7056 0
7057 0
7058 0
7059 0
7060 0
7061 0
7062 0
7063 0
7064 0
7065 0
7066 0
7067 0
7068 0
7069 0
7070 0
7071 0
7072 0
7073 0
7074 0
7075 0
7076 0
7077 0
7078 0
7079 0
7080 0
7081 0
7082 0
7083 0
7084 0
7085 0
7086 0
7087 0
7088 0
7089 0
7090 0
7091 0
7092 0
7093 0
7094 0
7095 0
7096 0
7097 0
7098 0
7099 0
7100 0
7101 0
7102 0
7103 0
7104 0
7105 0
7106 0
7107 0
7108 0
7109 0
7110 0
7111 0
7112 0
7113 0
7114 0
7115 0
7116 0
7117 0
7118 0
7119 0
7120 0
7121 0
7122 0
7123 0
7124 0
7125 0
7126 0
7127 0
7128 0
7129 0
7130 0
7131 0
7132 0
7133 0
7134 0
7135 0
7136 0
7137 0
7138 0
7139 0
7140 0
7141 0
7142 0
7143 0
7144 0
7145 0
7146 0
7147 0
7148 0
7149 0
7150 0
7151 0
7152 0
7153 0
7154 0
7155 0
7156 0
7157 0
7158 0
7159 0
7160 0
7161 0
7162 0
7163 0
7164 0
7165 0
7166 0
7167 0
7168 0
7169 0
7170 0
7171 0
7172 0
7173 0
7174 0
7175 0
7176 0
7177 0
7178 0
7179 0
7180 0
7181 0
7182 0
7183 0
7184 0
7185 0
7186 0
7187 0
7188 0
7189 0
7190 0
7191 0
7192 0
7193 0
7194 0
7195 0
7196 0
7197 0
7198 0
7199 0
7200 0
7201 0
7202 0
7203 0
7204 0
7205 0
7206 0
7207 0
7208 0
7209 0
7210 0
7211 0
7212 0
7213 0
7214 0
7215 0
7216 0
7217 0
7218 0
7219 0
7220 0
7221 0
7222 0
7223 0
7224 0
7225 0
7226 0
7227 0
7228 0
7229 0
7230 0
7231 0
7232 0
7233 0
7234 0
7235 0
7236 0
7237 0
7238 0
7239 0
7240 0
7241 0
7242 0
7243 0
7244 0
7245 0
7246 0
7247 0
7248 0
7249 0
7250 0
7251 0
7252 0
7253 0
7254 0
7255 0
7256 0
7257 0
7258 0
7259 0
7260 0
7261 0
7262 0
7263 0
7264 0
7265 0
7266 0
7267 0
7268 0
7269 0
7270 0
7271 0
7272 0
7273 0
7274 0
7275 0
7276 0
7277 0
7278 0
7279 0
7280 0
7281 0
7282 0
7283 0
7284 0
7285 0
7286 0
7287 0
7288 0
7289 0
7290 0
7291 0
7292 0
7293 0
7294 0
7295 0
7296 0
7297 0
7298 0
7299 0
7300 0
7301 0
7302 0
7303 0
7304 0
7305 0
7306 0
7307 0
7308 0
7309 0
7310 0
7311 0
7312 0
7313 0
7314 0
7315 0
7316 0
7317 0
7318 0
7319 0
7320 0
7321 0
7322 0
7323 0
7324 0
7325 0
7326 0
7327 0
7328 0
7329 0
7330 0
7331 0
7332 0
7333 0
7334 0
7335 0
7336 0
7337 0
7338 0
7339 0
7340 0
7341 0
7342 0
7343 0
7344 0
7345 0
7346 0
7347 0
7348 0
7349 0
7350 0
7351 0
7352 0
7353 0
7354 0
7355 0
7356 0
7357 0
7358 0
7359 0
7360 0
7361 0
7362 0
7363 0
7364 0
7365 0
7366 0
7367 0
7368 0
7369 0
7370 0
7371 0
7372 0
7373 0
7374 0
7375 0
7376 0
7377 0
7378 0
7379 0
7380 0
7381 0
7382 0
7383 0
7384 0
7385 0
7386 0
7387 0
7388 0
7389 0
7390 0
7391 0
7392 0
7393 0
7394 0
7395 0
7396 0
7397 0
7398 0
7399 0
7400 0
7401 0
7402 0
7403 0
7404 0
7405 0
7406 0
7407 0
7408 0
7409 0
7410 0
7411 0
7412 0
7413 0
7414 0
7415 0
7416 0
7417 0
7418 0
7419 0
7420 0
7421 0
7422 0
7423 0
7424 0
7425 0
7426 0
7427 0
7428 0
7429 0
7430 0
7431 0
7432 0
7433 0
7434 0
7435 0
7436 0
7437 0
7438 0
7439 0
7440 0
7441 0
7442 0
7443 0
7444 0
7445 0
7446 0
7447 0
7448 0
7449 0
7450 0
7451 0
7452 0
7453 0
7454 0
7455 0
7456 0
7457 0
7458 0
7459 0
7460 0
7461 0
7462 0
7463 0
7464 0
7465 0
7466 0
7467 0
7468 0
7469 0
7470 0
7471 0
7472 0
7473 0
7474 0
7475 0
7476 0
7477 0
7478 0
7479 0
7480 0
7481 0
7482 0
7483 0
7484 0
7485 0
7486 0
7487 0
7488 0
7489 0
7490 0
7491 0
7492 0
7493 0
7494 0
7495 0
7496 0
7497 0
7498 0
7499 0
7500 0
7501 0
7502 0
7503 0
7504 0
7505 0
7506 0
7507 0
7508 0
7509 0
7510 0
7511 0
7512 0
7513 0
7514 0
7515 0
7516 0
7517 0
7518 0
7519 0
7520 0
7521 0
7522 0
7523 0
7524 0
7525 0
7526 0
7527 0
7528 0
7529 0
7530 0
7531 0
7532 0
7533 0
7534 0
7535 0
7536 0
7537 0
7538 0
7539 0
7540 0
7541 0
7542 0
7543 0
7544 0
7545 0
7546 0
7547 0
7548 0
7549 0
7550 0
7551 0
7552 0
7553 0
7554 0
7555 0
7556 0
7557 0
7558 0
7559 0
7560 0
7561 0
7562 0
7563 0
7564 0
7565 0
7566 0
7567 0
7568 0
7569 0
7570 0
7571 0
7572 0
7573 0
7574 0
7575 0
7576 0
7577 0
7578 0
7579 0
7580 0
7581 0
7582 0
7583 0
7584 0
7585 0
7586 0
7587 0
7588 0
7589 0
7590 0
7591 0
7592 0
7593 0
7594 0
7595 0
7596 0
7597 0
7598 0
7599 0
7600 0
7601 0
7602 0
7603 0
7604 0
7605 0
7606 0
7607 0
7608 0
7609 0
7610 0
7611 0
7612 0
7613 0
7614 0
7615 0
7616 0
7617 0
7618 0
7619 0
7620 0
7621 0
7622 0
7623 0
7624 0
7625 0
7626 0
7627 0
7628 0
7629 0
7630 0
7631 0
7632 0
7633 0
7634 0
7635 0
7636 0
7637 0
7638 0
7639 0
7640 0
7641 0
7642 0
7643 0
7644 0
7645 0
7646 0
7647 0
7648 0
7649 0
7650 0
7651 0
7652 0
7653 0
7654 0
7655 0
7656 0
7657 0
7658 0
7659 0
7660 0
7661 0
7662 0
7663 0
7664 0
7665 0
7666 0
7667 0
7668 0
7669 0
7670 0
7671 0
7672 0
7673 0
7674 0
7675 0
7676 0
7677 0
7678 0
7679 0
7680 0
7681 0
7682 0
7683 0
7684 0
7685 0
7686 0
7687 0
7688 0
7689 0
7690 0
7691 0
7692 0
7693 0
7694 0
7695 0
7696 0
7697 0
7698 0
7699 0
7700 0
7701 0
7702 0
7703 0
7704 0
7705 0
7706 0
7707 0
7708 0
7709 0
7710 0
7711 0
7712 0
7713 0
7714 0
7715 0
7716 0
7717 0
7718 0
7719 0
7720 0
7721 0
7722 0
7723 0
7724 0
7725 0
7726 0
7727 0
7728 0
7729 0
7730 0
7731 0
7732 0
7733 0
7734 0
7735 0
7736 0
7737 0
7738 0
7739 0
7740 0
7741 0
7742 0
7743 0
7744 0
7745 0
7746 0
7747 0
7748 0
7749 0
7750 0
7751 0
7752 0
7753 0
7754 0
7755 0
7756 0
7757 0
7758 0
7759 0
7760 0
7761 0
7762 0
7763 0
7764 0
7765 0
7766 0
7767 0
7768 0
7769 0
7770 0
7771 0
7772 0
7773 0
7774 0
7775 0
7776 0
7777 0
7778 0
7779 0
7780 0
7781 0
7782 0
7783 0
7784 0
7785 0
7786 0
7787 0
7788 0
7789 0
7790 0
7791 0
7792 0
7793 0
7794 0
7795 0
7796 0
7797 0
7798 0
7799 0
7800 0
7801 0
7802 0
7803 0
7804 0
7805 0
7806 0
7807 0
7808 0
7809 0
7810 0
7811 0
7812 0
7813 0
7814 0
7815 0
7816 0
7817 0
7818 0
7819 0
7820 0
7821 0
7822 0
7823 0
7824 0
7825 0
7826 0
7827 0
7828 0
7829 0
7830 0
7831 0
7832 0
7833 0
7834 0
7835 0
7836 0
7837 0
7838 0
7839 0
7840 0
7841 0
7842 0
7843 0
7844 0
7845 0
7846 0
7847 0
7848 0
7849 0
7850 0
7851 0
7852 0
7853 0
7854 0
7855 0
7856 0
7857 0
7858 0
7859 0
7860 0
7861 0
7862 0
7863 0
7864 0
7865 0
7866 0
7867 0
7868 0
7869 0
7870 0
7871 0
7872 0
7873 0
7874 0
7875 0
7876 0
7877 0
7878 0
7879 0
7880 0
7881 0
7882 0
7883 0
7884 0
7885 0
7886 0
7887 0
7888 0
7889 0
7890 0
7891 0
7892 0
7893 0
7894 0
7895 0
7896 0
7897 0
7898 0
7899 0
7900 0
7901 0
7902 0
7903 0
7904 0
7905 0
7906 0
7907 0
7908 0
7909 0
7910 0
7911 0
7912 0
7913 0
7914 0
7915 0
7916 0
7917 0
7918 0
7919 0
7920 0
7921 0
7922 0
7923 0
7924 0
7925 0
7926 0
7927 0
7928 0
7929 0
7930 0
7931 0
7932 0
7933 0
7934 0
7935 0
7936 0
7937 0
7938 0
7939 0
7940 0
7941 0
7942 0
7943 0
7944 0
7945 0
7946 0
7947 0
7948 0
7949 0
7950 0
7951 0
7952 0
7953 0
7954 0
7955 0
7956 0
7957 0
7958 0
7959 0
7960 0
7961 0
7962 0
7963 0
7964 0
7965 0
7966 0
7967 0
7968 0
7969 0
7970 0
7971 0
7972 0
7973 0
7974 0
7975 0
7976 0
7977 0
7978 0
7979 0
7980 0
7981 0
7982 0
7983 0
7984 0
7985 0
7986 0
7987 0
7988 0
7989 0
7990 0
7991 0
7992 0
7993 0
7994 0
7995 0
7996 0
7997 0
7998 0
7999 0
8000 0
8001 0
8002 0
8003 0
8004 0
8005 0
8006 0
8007 0
8008 0
8009 0
8010 0
8011 0
8012 0
8013 0
8014 0
8015 0
8016 0
8017 0
8018 0
8019 0
8020 0
8021 0
8022 0
8023 0
8024 0
8025 0
8026 0
8027 0
8028 0
8029 0
8030 0
8031 0
8032 0
8033 0
8034 0
8035 0
8036 0
8037 0
8038 0
8039 0
8040 0
8041 0
8042 0
8043 0
8044 0
8045 0
8046 0
8047 0
8048 0
8049 0
8050 0
8051 0
8052 0
8053 0
8054 0
8055 0
8056 0
8057 0
8058 0
8059 0
8060 0
8061 0
8062 0
8063 0
8064 0
8065 0
8066 0
8067 0
8068 0
8069 0
8070 0
8071 0
8072 0
8073 0
8074 0
8075 0
8076 0
8077 0
8078 0
8079 0
8080 0
8081 0
8082 0
8083 0
8084 0
8085 0
8086 0
8087 0
8088 0
8089 0
8090 0
8091 0
8092 0
8093 0
8094 0
8095 0
8096 0
8097 0
8098 0
8099 0
8100 0
8101 0
8102 0
8103 0
8104 0
8105 0
8106 0
8107 0
8108 0
8109 0
8110 0
8111 0
8112 0
8113 0
8114 0
8115 0
8116 0
8117 0
8118 0
8119 0
8120 0
8121 0
8122 0
8123 0
8124 0
8125 0
8126 0
8127 0
8128 0
8129 0
8130 0
8131 0
8132 0
8133 0
8134 0
8135 0
8136 0
8137 0
8138 0
8139 0
8140 0
8141 0
8142 0
8143 0
8144 0
8145 0
8146 0
8147 0
8148 0
8149 0
8150 0
8151 0
8152 0
8153 0
8154 0
8155 0
8156 0
8157 0
8158 0
8159 0
8160 0
8161 0
8162 0
8163 0
8164 0
8165 0
8166 0
8167 0
8168 0
8169 0
8170 0
8171 0
8172 0
8173 0
8174 0
8175 0
8176 0
8177 0
8178 0
8179 0
8180 0
8181 0
8182 0
8183 0
8184 0
8185 0
8186 0
8187 0
8188 0
8189 0
8190 0
8191 0
8192 0
8193 0
8194 0
8195 0
8196 0
8197 0
8198 0
8199 0
8200 0
8201 0
8202 0
8203 0
8204 0
8205 0
8206 0
8207 0
8208 0
8209 0
8210 0
8211 0
8212 0
8213 0
8214 0
8215 0
8216 0
8217 0
8218 0
8219 0
8220 0
8221 0
8222 0
8223 0
8224 0
8225 0
8226 0
8227 0
8228 0
8229 0
8230 0
8231 0
8232 0
8233 0
8234 0
8235 0
8236 0
8237 0
8238 0
8239 0
8240 0
8241 0
8242 0
8243 0
8244 0
8245 0
8246 0
8247 0
8248 0
8249 0
8250 0
8251 0
8252 0
8253 0
8254 0
8255 0
8256 0
8257 0
8258 0
8259 0
8260 0
8261 0
8262 0
8263 0
8264 0
8265 0
8266 0
8267 0
8268 0
8269 0
8270 0
8271 0
8272 0
8273 0
8274 0
8275 0
8276 0
8277 0
8278 0
8279 0
8280 0
8281 0
8282 0
8283 0
8284 0
8285 0
8286 0
8287 0
8288 0
8289 0
8290 0
8291 0
8292 0
8293 0
8294 0
8295 0
8296 0
8297 0
8298 0
8299 0
8300 0
8301 0
8302 0
8303 0
8304 0
8305 0
8306 0
8307 0
8308 0
8309 0
8310 0
8311 0
8312 0
8313 0
8314 0
8315 0
8316 0
8317 0
8318 0
8319 0
8320 0
8321 0
8322 0
8323 0
8324 0
8325 0
8326 0
8327 0
8328 0
8329 0
8330 0
8331 0
8332 0
8333 0
8334 0
8335 0
8336 0
8337 0
8338 0
8339 0
8340 0
8341 0
8342 0
8343 0
8344 0
8345 0
8346 0
8347 0
8348 0
8349 0
8350 0
8351 0
8352 0
8353 0
8354 0
8355 0
8356 0
8357 0
8358 0
8359 0
8360 0
8361 0
8362 0
8363 0
8364 0
8365 0
8366 0
8367 0
8368 0
8369 0
8370 0
8371 0
8372 0
8373 0
8374 0
8375 0
8376 0
8377 0
8378 0
8379 0
8380 0
8381 0
8382 0
8383 0
8384 0
8385 0
8386 0
8387 0
8388 0
8389 0
8390 0
8391 0
8392 0
8393 0
8394 0
8395 0
8396 0
8397 0
8398 0
8399 0
8400 0
8401 0
8402 0
8403 0
8404 0
8405 0
8406 0
8407 0
8408 0
8409 0
8410 0
8411 0
8412 0
8413 0
8414 0
8415 0
8416 0
8417 0
8418 0
8419 0
8420 0
8421 0
8422 0
8423 0
8424 0
8425 0
8426 0
8427 0
8428 0
8429 0
8430 0
8431 0
8432 0
8433 0
8434 0
8435 0
8436 0
8437 0
8438 0
8439 0
8440 0
8441 0
8442 0
8443 0
8444 0
8445 0
8446 0
8447 0
8448 0
8449 0
8450 0
8451 0
8452 0
8453 0
8454 0
8455 0
8456 0
8457 0
8458 0
8459 0
8460 0
8461 0
8462 0
8463 0
8464 0
8465 0
8466 0
8467 0
8468 0
8469 0
8470 0
8471 0
8472 0
8473 0
8474 0
8475 0
8476 0
8477 0
8478 0
8479 0
8480 0
8481 0
8482 0
8483 0
8484 0
8485 0
8486 0
8487 0
8488 0
8489 0
8490 0
8491 0
8492 0
8493 0
8494 0
8495 0
8496 0
8497 0
8498 0
8499 0
8500 0
8501 0
8502 0
8503 0
8504 0
8505 0
8506 0
8507 0
8508 0
8509 0
8510 0
8511 0
8512 0
8513 0
8514 0
8515 0
8516 0
8517 0
8518 0
8519 0
8520 0
8521 0
8522 0
8523 0
8524 0
8525 0
8526 0
8527 0
8528 0
8529 0
8530 0
8531 0
8532 0
8533 0
8534 0
8535 0
8536 0
8537 0
8538 0
8539 0
8540 0
8541 0
8542 0
8543 0
8544 0
8545 0
8546 0
8547 0
8548 0
8549 0
8550 0
8551 0
8552 0
8553 0
8554 0
8555 0
8556 0
8557 0
8558 0
8559 0
8560 0
8561 0
8562 0
8563 0
8564 0
8565 0
8566 0
8567 0
8568 0
8569 0
8570 0
8571 0
8572 0
8573 0
8574 0
8575 0
8576 0
8577 0
8578 0
8579 0
8580 0
8581 0
8582 0
8583 0
8584 0
8585 0
8586 0
8587 0
8588 0
8589 0
8590 0
8591 0
8592 0
8593 0
8594 0
8595 0
8596 0
8597 0
8598 0
8599 0
8600 0
8601 0
8602 0
8603 0
8604 0
8605 0
8606 0
8607 0
8608 0
8609 0
8610 0
8611 0
8612 0
8613 0
8614 0
8615 0
8616 0
8617 0
8618 0
8619 0
8620 0
8621 0
8622 0
8623 0
8624 0
8625 0
8626 0
8627 0
8628 0
8629 0
8630 0
8631 0
8632 0
8633 0
8634 0
8635 0
8636 0
8637 0
8638 0
8639 0
8640 0
8641 0
8642 0
8643 0
8644 0
8645 0
8646 0
8647 0
8648 0
8649 0
8650 0
8651 0
8652 0
8653 0
8654 0
8655 0
8656 0
8657 0
8658 0
8659 0
8660 0
8661 0
8662 0
8663 0
8664 0
8665 0
8666 0
8667 0
8668 0
8669 0
8670 0
8671 0
8672 0
8673 0
8674 0
8675 0
8676 0
8677 0
8678 0
8679 0
8680 0
8681 0
8682 0
8683 0
8684 0
8685 0
8686 0
8687 0
8688 0
8689 0
8690 0
8691 0
8692 0
8693 0
8694 0
8695 0
8696 0
8697 0
8698 0
8699 0
8700 0
8701 0
8702 0
8703 0
8704 0
8705 0
8706 0
8707 0
8708 0
8709 0
8710 0
8711 0
8712 0
8713 0
8714 0
8715 0
8716 0
8717 0
8718 0
8719 0
8720 0
8721 0
8722 0
8723 0
8724 0
8725 0
8726 0
8727 0
8728 0
8729 0
8730 0
8731 0
8732 0
8733 0
8734 0
8735 0
8736 0
8737 0
8738 0
8739 0
8740 0
8741 0
8742 0
8743 0
8744 0
8745 0
8746 0
8747 0
8748 0
8749 0
8750 0
8751 0
8752 0
8753 0
8754 0
8755 0
8756 0
8757 0
8758 0
8759 0
8760 0
8761 0
8762 0
8763 0
8764 0
8765 0
8766 0
8767 0
8768 0
8769 0
8770 0
8771 0
8772 0
8773 0
8774 0
8775 0
8776 0
8777 0
8778 0
8779 0
8780 0
8781 0
8782 0
8783 0
8784 0
8785 0
8786 0
8787 0
8788 0
8789 0
8790 0
8791 0
8792 0
8793 0
8794 0
8795 0
8796 0
8797 0
8798 0
8799 0
8800 0
8801 0
8802 0
8803 0
8804 0
8805 0
8806 0
8807 0
8808 0
8809 0
8810 0
8811 0
8812 0
8813 0
8814 0
8815 0
8816 0
8817 0
8818 0
8819 0
8820 0
8821 0
8822 0
8823 0
8824 0
8825 0
8826 0
8827 0
8828 0
8829 0
8830 0
8831 0
8832 0
8833 0
8834 0
8835 0
8836 0
8837 0
8838 0
8839 0
8840 0
8841 0
8842 0
8843 0
8844 0
8845 0
8846 0
8847 0
8848 0
8849 0
8850 0
8851 0
8852 0
8853 0
8854 0
8855 0
8856 0
8857 0
8858 0
8859 0
8860 0
8861 0
8862 0
8863 0
8864 0
8865 0
8866 0
8867 0
8868 0
8869 0
8870 0
8871 0
8872 0
8873 0
8874 0
8875 0
8876 0
8877 0
8878 0
8879 0
8880 0
8881 0
8882 0
8883 0
8884 0
8885 0
8886 0
8887 0
8888 0
8889 0
8890 0
8891 0
8892 0
8893 0
8894 0
8895 0
8896 0
8897 0
8898 0
8899 0
8900 0
8901 0
8902 0
8903 0
8904 0
8905 0
8906 0
8907 0
8908 0
8909 0
8910 0
8911 0
8912 0
8913 0
8914 0
8915 0
8916 0
8917 0
8918 0
8919 0
8920 0
8921 0
8922 0
8923 0
8924 0
8925 0
8926 0
8927 0
8928 0
8929 0
8930 0
8931 0
8932 0
8933 0
8934 0
8935 0
8936 0
8937 0
8938 0
8939 0
8940 0
8941 0
8942 0
8943 0
8944 0
8945 0
8946 0
8947 0
8948 0
8949 0
8950 0
8951 0
8952 0
8953 0
8954 0
8955 0
8956 0
8957 0
8958 0
8959 0
8960 0
8961 0
8962 0
8963 0
8964 0
8965 0
8966 0
8967 0
8968 0
8969 0
8970 0
8971 0
8972 0
8973 0
8974 0
8975 0
8976 0
8977 0
8978 0
8979 0
8980 0
8981 0
8982 0
8983 0
8984 0
8985 0
8986 0
8987 0
8988 0
8989 0
8990 0
8991 0
8992 0
8993 0
8994 0
8995 0
8996 0
8997 0
8998 0
8999 0
9000 0
9001 0
9002 0
9003 0
9004 0
9005 0
9006 0
9007 0
9008 0
9009 0
9010 0
9011 0
9012 0
9013 0
9014 0
9015 0
9016 0
9017 0
9018 0
9019 0
9020 0
9021 0
9022 0
9023 0
9024 0
9025 0
9026 0
9027 0
9028 0
9029 0
9030 0
9031 0
9032 0
9033 0
9034 0
9035 0
9036 0
9037 0
9038 0
9039 0
9040 0
9041 0
9042 0
9043 0
9044 0
9045 0
9046 0
9047 0
9048 0
9049 0
9050 0
9051 0
9052 0
9053 0
9054 0
9055 0
9056 0
9057 0
9058 0
9059 0
9060 0
9061 0
9062 0
9063 0
9064 0
9065 0
9066 0
9067 0
9068 0
9069 0
9070 0
9071 0
9072 0
9073 0
9074 0
9075 0
9076 0
9077 0
9078 0
9079 0
9080 0
9081 0
9082 0
9083 0
9084 0
9085 0
9086 0
9087 0
9088 0
9089 0
9090 0
9091 0
9092 0
9093 0
9094 0
9095 0
9096 0
9097 0
9098 0
9099 0
9100 0
9101 0
9102 0
9103 0
9104 0
9105 0
9106 0
9107 0
9108 0
9109 0
9110 0
9111 0
9112 0
9113 0
9114 0
9115 0
9116 0
9117 0
9118 0
9119 0
9120 0
9121 0
9122 0
9123 0
9124 0
9125 0
9126 0
9127 0
9128 0
9129 0
9130 0
9131 0
9132 0
9133 0
9134 0
9135 0
9136 0
9137 0
9138 0
9139 0
9140 0
9141 0
9142 0
9143 0
9144 0
9145 0
9146 0
9147 0
9148 0
9149 0
9150 0
9151 0
9152 0
9153 0
9154 0
9155 0
9156 0
9157 0
9158 0
9159 0
9160 0
9161 0
9162 0
9163 0
9164 0
9165 0
9166 0
9167 0
9168 0
9169 0
9170 0
9171 0
9172 0
9173 0
9174 0
9175 0
9176 0
9177 0
9178 0
9179 0
9180 0
9181 0
9182 0
9183 0
9184 0
9185 0
9186 0
9187 0
9188 0
9189 0
9190 0
9191 0
9192 0
9193 0
9194 0
9195 0
9196 0
9197 0
9198 0
9199 0
9200 0
9201 0
9202 0
9203 0
9204 0
9205 0
9206 0
9207 0
9208 0
9209 0
9210 0
9211 0
9212 0
9213 0
9214 0
9215 0
9216 0
9217 0
9218 0
9219 0
9220 0
9221 0
9222 0
9223 0
9224 0
9225 0
9226 0
9227 0
9228 0
9229 0
9230 0
9231 0
9232 0
9233 0
9234 0
9235 0
9236 0
9237 0
9238 0
9239 0
9240 0
9241 0
9242 0
9243 0
9244 0
9245 0
9246 0
9247 0
9248 0
9249 0
9250 0
9251 0
9252 0
9253 0
9254 0
9255 0
9256 0
9257 0
9258 0
9259 0
9260 0
9261 0
9262 0
9263 0
9264 0
9265 0
9266 0
9267 0
9268 0
9269 0
9270 0
9271 0
9272 0
9273 0
9274 0
9275 0
9276 0
9277 0
9278 0
9279 0
9280 0
9281 0
9282 0
9283 0
9284 0
9285 0
9286 0
9287 0
9288 0
9289 0
9290 0
9291 0
9292 0
9293 0
9294 0
9295 0
9296 0
9297 0
9298 0
9299 0
9300 0
9301 0
9302 0
9303 0
9304 0
9305 0
9306 0
9307 0
9308 0
9309 0
9310 0
9311 0
9312 0
9313 0
9314 0
9315 0
9316 0
9317 0
9318 0
9319 0
9320 0
9321 0
9322 0
9323 0
9324 0
9325 0
9326 0
9327 0
9328 0
9329 0
9330 0
9331 0
9332 0
9333 0
9334 0
9335 0
9336 0
9337 0
9338 0
9339 0
9340 0
9341 0
9342 0
9343 0
9344 0
9345 0
9346 0
9347 0
9348 0
9349 0
9350 0
9351 0
9352 0
9353 0
9354 0
9355 0
9356 0
9357 0
9358 0
9359 0
9360 0
9361 0
9362 0
9363 0
9364 0
9365 0
9366 0
9367 0
9368 0
9369 0
9370 0
9371 0
9372 0
9373 0
9374 0
9375 0
9376 0
9377 0
9378 0
9379 0
9380 0
9381 0
9382 0
9383 0
9384 0
9385 0
9386 0
9387 0
9388 0
9389 0
9390 0
9391 0
9392 0
9393 0
9394 0
9395 0
9396 0
9397 0
9398 0
9399 0
9400 0
9401 0
9402 0
9403 0
9404 0
9405 0
9406 0
9407 0
9408 0
9409 0
9410 0
9411 0
9412 0
9413 0
9414 0
9415 0
9416 0
9417 0
9418 0
9419 0
9420 0
9421 0
9422 0
9423 0
9424 0
9425 0
9426 0
9427 0
9428 0
9429 0
9430 0
9431 0
9432 0
9433 0
9434 0
9435 0
9436 0
9437 0
9438 0
9439 0
9440 0
9441 0
9442 0
9443 0
9444 0
9445 0
9446 0
9447 0
9448 0
9449 0
9450 0
9451 0
9452 0
9453 0
9454 0
9455 0
9456 0
9457 0
9458 0
9459 0
9460 0
9461 0
9462 0
9463 0
9464 0
9465 0
9466 0
9467 0
9468 0
9469 0
9470 0
9471 0
9472 0
9473 0
9474 0
9475 0
9476 0
9477 0
9478 0
9479 0
9480 0
9481 0
9482 0
9483 0
9484 0
9485 0
9486 0
9487 0
9488 0
9489 0
9490 0
9491 0
9492 0
9493 0
9494 0
9495 0
9496 0
9497 0
9498 0
9499 0
9500 0
9501 0
9502 0
9503 0
9504 0
9505 0
9506 0
9507 0
9508 0
9509 0
9510 0
9511 0
9512 0
9513 0
9514 0
9515 0
9516 0
9517 0
9518 0
9519 0
9520 0
9521 0
9522 0
9523 0
9524 0
9525 0
9526 0
9527 0
9528 0
9529 0
9530 0
9531 0
9532 0
9533 0
9534 0
9535 0
9536 0
9537 0
9538 0
9539 0
9540 0
9541 0
9542 0
9543 0
9544 0
9545 0
9546 0
9547 0
9548 0
9549 0
9550 0
9551 0
9552 0
9553 0
9554 0
9555 0
9556 0
9557 0
9558 0
9559 0
9560 0
9561 0
9562 0
9563 0
9564 0
9565 0
9566 0
9567 0
9568 0
9569 0
9570 0
9571 0
9572 0
9573 0
9574 0
9575 0
9576 0
9577 0
9578 0
9579 0
9580 0
9581 0
9582 0
9583 0
9584 0
9585 0
9586 0
9587 0
9588 0
9589 0
9590 0
9591 0
9592 0
9593 0
9594 0
9595 0
9596 0
9597 0
9598 0
9599 0
9600 0
9601 0
9602 0
9603 0
9604 0
9605 0
9606 0
9607 0
9608 0
9609 0
9610 0
9611 0
9612 0
9613 0
9614 0
9615 0
9616 0
9617 0
9618 0
9619 0
9620 0
9621 0
9622 0
9623 0
9624 0
9625 0
9626 0
9627 0
9628 0
9629 0
9630 0
9631 0
9632 0
9633 0
9634 0
9635 0
9636 0
9637 0
9638 0
9639 0
9640 0
9641 0
9642 0
9643 0
9644 0
9645 0
9646 0
9647 0
9648 0
9649 0
9650 0
9651 0
9652 0
9653 0
9654 0
9655 0
9656 0
9657 0
9658 0
9659 0
9660 0
9661 0
9662 0
9663 0
9664 0
9665 0
9666 0
9667 0
9668 0
9669 0
9670 0
9671 0
9672 0
9673 0
9674 0
9675 0
9676 0
9677 0
9678 0
9679 0
9680 0
9681 0
9682 0
9683 0
9684 0
9685 0
9686 0
9687 0
9688 0
9689 0
9690 0
9691 0
9692 0
9693 0
9694 0
9695 0
9696 0
9697 0
9698 0
9699 0
9700 0
9701 0
9702 0
9703 0
9704 0
9705 0
9706 0
9707 0
9708 0
9709 0
9710 0
9711 0
9712 0
9713 0
9714 0
9715 0
9716 0
9717 0
9718 0
9719 0
9720 0
9721 0
9722 0
9723 0
9724 0
9725 0
9726 0
9727 0
9728 0
9729 0
9730 0
9731 0
9732 0
9733 0
9734 0
9735 0
9736 0
9737 0
9738 0
9739 0
9740 0
9741 0
9742 0
9743 0
9744 0
9745 0
9746 0
9747 0
9748 0
9749 0
9750 0
9751 0
9752 0
9753 0
9754 0
9755 0
9756 0
9757 0
9758 0
9759 0
9760 0
9761 0
9762 0
9763 0
9764 0
9765 0
9766 0
9767 0
9768 0
9769 0
9770 0
9771 0
9772 0
9773 0
9774 0
9775 0
9776 0
9777 0
9778 0
9779 0
9780 0
9781 0
9782 0
9783 0
9784 0
9785 0
9786 0
9787 0
9788 0
9789 0
9790 0
9791 0
9792 0
9793 0
9794 0
9795 0
9796 0
9797 0
9798 0
9799 0
9800 0
9801 0
9802 0
9803 0
9804 0
9805 0
9806 0
9807 0
9808 0
9809 0
9810 0
9811 0
9812 0
9813 0
9814 0
9815 0
9816 0
9817 0
9818 0
9819 0
9820 0
9821 0
9822 0
9823 0
9824 0
9825 0
9826 0
9827 0
9828 0
9829 0
9830 0
9831 0
9832 0
9833 0
9834 0
9835 0
9836 0
9837 0
9838 0
9839 0
9840 0
9841 0
9842 0
9843 0
9844 0
9845 0
9846 0
9847 0
9848 0
9849 0
9850 0
9851 0
9852 0
9853 0
9854 0
9855 0
9856 0
9857 0
9858 0
9859 0
9860 0
9861 0
9862 0
9863 0
9864 0
9865 0
9866 0
9867 0
9868 0
9869 0
9870 0
9871 0
9872 0
9873 0
9874 0
9875 0
9876 0
9877 0
9878 0
9879 0
9880 0
9881 0
9882 0
9883 0
9884 0
9885 0
9886 0
9887 0
9888 0
9889 0
9890 0
9891 0
9892 0
9893 0
9894 0
9895 0
9896 0
9897 0
9898 0
9899 0
9900 0
9901 0
9902 0
9903 0
9904 0
9905 0
9906 0
9907 0
9908 0
9909 0
9910 0
9911 0
9912 0
9913 0
9914 0
9915 0
9916 0
9917 0
9918 0
9919 0
9920 0
9921 0
9922 0
9923 0
9924 0
9925 0
9926 0
9927 0
9928 0
9929 0
9930 0
9931 0
9932 0
9933 0
9934 0
9935 0
9936 0
9937 0
9938 0
9939 0
9940 0
9941 0
9942 0
9943 0
9944 0
9945 0
9946 0
9947 0
9948 0
9949 0
9950 0
9951 0
9952 0
9953 0
9954 0
9955 0
9956 0
9957 0
9958 0
9959 0
9960 0
9961 0
9962 0
9963 0
9964 0
9965 0
9966 0
9967 0
9968 0
9969 0
9970 0
9971 0
9972 0
9973 0
9974 0
9975 0
9976 0
9977 0
9978 0
9979 0
9980 0
9981 0
9982 0
9983 0
9984 0
9985 0
9986 0
9987 0
9988 0
9989 0
9990 0
9991 0
9992 0
9993 0
9994 0
9995 0
9996 0
9997 0
9998 0
9999 0
10000 0
10001 0
10002 0
10003 0
10004 0
10005 0
10006 0
10007 0
10008 0
10009 0
10010 0
10011 0
10012 0
10013 0
10014 0
10015 0
10016 0
10017 0
10018 0
10019 0
10020 0
10021 0
10022 0
10023 0
10024 0
10025 0
10026 0
10027 0
10028 0
10029 0
10030 0
10031 0
10032 0
10033 0
10034 0
10035 0
10036 0
10037 0
10038 0
10039 0
10040 0
10041 0
10042 0
10043 0
10044 0
10045 0
10046 0
10047 0
10048 0
10049 0
10050 0
10051 0
10052 0
10053 0
10054 0
10055 0
10056 0
10057 0
10058 0
10059 0
10060 0
10061 0
10062 0
10063 0
10064 0
10065 0
10066 0
10067 0
10068 0
10069 0
10070 0
10071 0
10072 0
10073 0
10074 0
10075 0
10076 0
10077 0
10078 0
10079 0
10080 0
10081 0
10082 0
10083 0
10084 0
10085 0
10086 0
10087 0
10088 0
10089 0
10090 0
10091 0
10092 0
10093 0
10094 0
10095 0
10096 0
10097 0
10098 0
10099 0
10100 0
10101 0
10102 0
10103 0
10104 0
10105 0
10106 0
10107 0
10108 0
10109 0
10110 0
10111 0
10112 0
10113 0
10114 0
10115 0
10116 0
10117 0
10118 0
10119 0
10120 0
10121 0
10122 0
10123 0
10124 0
10125 0
10126 0
10127 0
10128 0
10129 0
10130 0
10131 0
10132 0
10133 0
10134 0
10135 0
10136 0
10137 0
10138 0
10139 0
10140 0
10141 0
10142 0
10143 0
10144 0
10145 0
10146 0
10147 0
10148 0
10149 0
10150 0
10151 0
10152 0
10153 0
10154 0
10155 0
10156 0
10157 0
10158 0
10159 0
10160 0
10161 0
10162 0
10163 0
10164 0
10165 0
10166 0
10167 0
10168 0
10169 0
10170 0
10171 0
10172 0
10173 0
10174 0
10175 0
10176 0
10177 0
10178 0
10179 0
10180 0
10181 0
10182 0
10183 0
10184 0
10185 0
10186 0
10187 0
10188 0
10189 0
10190 0
10191 0
10192 0
10193 0
10194 0
10195 0
10196 0
10197 0
10198 0
10199 0
10200 0
10201 0
10202 0
10203 0
10204 0
10205 0
10206 0
10207 0
10208 0
10209 0
10210 0
10211 0
10212 0
10213 0
10214 0
10215 0
10216 0
10217 0
10218 0
10219 0
10220 0
10221 0
10222 0
10223 0
10224 0
10225 0
10226 0
10227 0
10228 0
10229 0
10230 0
10231 0
10232 0
10233 0
10234 0
10235 0
10236 0
10237 0
10238 0
10239 0
10240 0
10241 0
10242 0
10243 0
10244 0
10245 0
10246 0
10247 0
10248 0
10249 0
10250 0
10251 0
10252 0
10253 0
10254 0
10255 0
10256 0
10257 0
10258 0
10259 0
10260 0
10261 0
10262 0
10263 0
10264 0
10265 0
10266 0
10267 0
10268 0
10269 0
10270 0
10271 0
10272 0
10273 0
10274 0
10275 0
10276 0
10277 0
10278 0
10279 0
10280 0
10281 0
10282 0
10283 0
10284 0
10285 0
10286 0
10287 0
10288 0
10289 0
10290 0
10291 0
10292 0
10293 0
10294 0
10295 0
10296 0
10297 0
10298 0
10299 0
10300 0
10301 0
10302 0
10303 0
10304 0
10305 0
10306 0
10307 0
10308 0
10309 0
10310 0
10311 0
10312 0
10313 0
10314 0
10315 0
10316 0
10317 0
10318 0
10319 0
10320 0
10321 0
10322 0
10323 0
10324 0
10325 0
10326 0
10327 0
10328 0
10329 0
10330 0
10331 0
10332 0
10333 0
10334 0
10335 0
10336 0
10337 0
10338 0
10339 0
10340 0
10341 0
10342 0
10343 0
10344 0
10345 0
10346 0
10347 0
10348 0
10349 0
10350 0
10351 0
10352 0
10353 0
10354 0
10355 0
10356 0
10357 0
10358 0
10359 0
10360 0
10361 0
10362 0
10363 0
10364 0
10365 0
10366 0
10367 0
10368 0
10369 0
10370 0
10371 0
10372 0
10373 0
10374 0
10375 0
10376 0
10377 0
10378 0
10379 0
10380 0
10381 0
10382 0
10383 0
10384 0
10385 0
10386 0
10387 0
10388 0
10389 0
10390 0
10391 0
10392 0
10393 0
10394 0
10395 0
10396 0
10397 0
10398 0
10399 0
10400 0
10401 0
10402 0
10403 0
10404 0
10405 0
10406 0
10407 0
10408 0
10409 0
10410 0
10411 0
10412 0
10413 0
10414 0
10415 0
10416 0
10417 0
10418 0
10419 0
10420 0
10421 0
10422 0
10423 0
10424 0
10425 0
10426 0
10427 0
10428 0
10429 0
10430 0
10431 0
10432 0
10433 0
10434 0
10435 0
10436 0
10437 0
10438 0
10439 0
10440 0
10441 0
10442 0
10443 0
10444 0
10445 0
10446 0
10447 0
10448 0
10449 0
10450 0
10451 0
10452 0
10453 0
10454 0
10455 0
10456 0
10457 0
10458 0
10459 0
10460 0
10461 0
10462 0
10463 0
10464 0
10465 0
10466 0
10467 0
10468 0
10469 0
10470 0
10471 0
10472 0
10473 0
10474 0
10475 0
10476 0
10477 0
10478 0
10479 0
10480 0
10481 0
10482 0
10483 0
10484 0
10485 0
10486 0
10487 0
10488 0
10489 0
10490 0
10491 0
10492 0
10493 0
10494 0
10495 0
10496 0
10497 0
10498 0
10499 0
10500 0
10501 0
10502 0
10503 0
10504 0
10505 0
10506 0
10507 0
10508 0
10509 0
10510 0
10511 0
10512 0
10513 0
10514 0
10515 0
10516 0
10517 0
10518 0
10519 0
10520 0
10521 0
10522 0
10523 0
10524 0
10525 0
10526 0
10527 0
10528 0
10529 0
10530 0
10531 0
10532 0
10533 0
10534 0
10535 0
10536 0
10537 0
10538 0
10539 0
10540 0
10541 0
10542 0
10543 0
10544 0
10545 0
10546 0
10547 0
10548 0
10549 0
10550 0
10551 0
10552 0
10553 0
10554 0
10555 0
10556 0
10557 0
10558 0
10559 0
10560 0
10561 0
10562 0
10563 0
10564 0
10565 0
10566 0
10567 0
10568 0
10569 0
10570 0
10571 0
10572 0
10573 0
10574 0
10575 0
10576 0
10577 0
10578 0
10579 0
10580 0
10581 0
10582 0
10583 0
10584 0
10585 0
10586 0
10587 0
10588 0
10589 0
10590 0
10591 0
10592 0
10593 0
10594 0
10595 0
10596 0
10597 0
10598 0
10599 0
10600 0
10601 0
10602 0
10603 0
10604 0
10605 0
10606 0
10607 0
10608 0
10609 0
10610 0
10611 0
10612 0
10613 0
10614 0
10615 0
10616 0
10617 0
10618 0
10619 0
10620 0
10621 0
10622 0
10623 0
10624 0
10625 0
10626 0
10627 0
10628 0
10629 0
10630 0
10631 0
10632 0
10633 0
10634 0
10635 0
10636 0
10637 0
10638 0
10639 0
10640 0
10641 0
10642 0
10643 0
10644 0
10645 0
10646 0
10647 0
10648 0
10649 0
10650 0
10651 0
10652 0
10653 0
10654 0
10655 0
10656 0
10657 0
10658 0
10659 0
10660 0
10661 0
10662 0
10663 0
10664 0
10665 0
10666 0
10667 0
10668 0
10669 0
10670 0
10671 0
10672 0
10673 0
10674 0
10675 0
10676 0
10677 0
10678 0
10679 0
10680 0
10681 0
10682 0
10683 0
10684 0
10685 0
10686 0
10687 0
10688 0
10689 0
10690 0
10691 0
10692 0
10693 0
10694 0
10695 0
10696 0
10697 0
10698 0
10699 0
10700 0
10701 0
10702 0
10703 0
10704 0
10705 0
10706 0
10707 0
10708 0
10709 0
10710 0
10711 0
10712 0
10713 0
10714 0
10715 0
10716 0
10717 0
10718 0
10719 0
10720 0
10721 0
10722 0
10723 0
10724 0
10725 0
10726 0
10727 0
10728 0
10729 0
10730 0
10731 0
10732 0
10733 0
10734 0
10735 0
10736 0
10737 0
10738 0
10739 0
10740 0
10741 0
10742 0
10743 0
10744 0
10745 0
10746 0
10747 0
10748 0
10749 0
10750 0
10751 0
10752 0
10753 0
10754 0
10755 0
10756 0
10757 0
10758 0
10759 0
10760 0
10761 0
10762 0
10763 0
10764 0
10765 0
10766 0
10767 0
10768 0
10769 0
10770 0
10771 0
10772 0
10773 0
10774 0
10775 0
10776 0
10777 0
10778 0
10779 0
10780 0
10781 0
10782 0
10783 0
10784 0
10785 0
10786 0
10787 0
10788 0
10789 0
10790 0
10791 0
10792 0
10793 0
10794 0
10795 0
10796 0
10797 0
10798 0
10799 0
10800 0
10801 0
10802 0
10803 0
10804 0
10805 0
10806 0
10807 0
10808 0
10809 0
10810 0
10811 0
10812 0
10813 0
10814 0
10815 0
10816 0
10817 0
10818 0
10819 0
10820 0
10821 0
10822 0
10823 0
10824 0
10825 0
10826 0
10827 0
10828 0
10829 0
10830 0
10831 0
10832 0
10833 0
10834 0
10835 0
10836 0
10837 0
10838 0
10839 0
10840 0
10841 0
10842 0
10843 0
10844 0
10845 0
10846 0
10847 0
10848 0
10849 0
10850 0
10851 0
10852 0
10853 0
10854 0
10855 0
10856 0
10857 0
10858 0
10859 0
10860 0
10861 0
10862 0
10863 0
10864 0
10865 0
10866 0
10867 0
10868 0
10869 0
10870 0
10871 0
10872 0
10873 0
10874 0
10875 0
10876 0
10877 0
10878 0
10879 0
10880 0
10881 0
10882 0
10883 0
10884 0
10885 0
10886 0
10887 0
10888 0
10889 0
10890 0
10891 0
10892 0
10893 0
10894 0
10895 0
10896 0
10897 0
10898 0
10899 0
10900 0
10901 0
10902 0
10903 0
10904 0
10905 0
10906 0
10907 0
10908 0
10909 0
10910 0
10911 0
10912 0
10913 0
10914 0
10915 0
10916 0
10917 0
10918 0
10919 0
10920 0
10921 0
10922 0
10923 0
10924 0
10925 0
10926 0
10927 0
10928 0
10929 0
10930 0
10931 0
10932 0
10933 0
10934 0
10935 0
10936 0
10937 0
10938 0
10939 0
10940 0
10941 0
10942 0
10943 0
10944 0
10945 0
10946 0
10947 0
10948 0
10949 0
10950 0
10951 0
10952 0
10953 0
10954 0
10955 0
10956 0
10957 0
10958 0
10959 0
10960 0
10961 0
10962 0
10963 0
10964 0
10965 0
10966 0
10967 0
10968 0
10969 0
10970 0
10971 0
10972 0
10973 0
10974 0
10975 0
10976 0
10977 0
10978 0
10979 0
10980 0
10981 0
10982 0
10983 0
10984 0
10985 0
10986 0
10987 0
10988 0
10989 0
10990 0
10991 0
10992 0
10993 0
10994 0
10995 0
10996 0
10997 0
10998 0
10999 0
11000 0
11001 0
11002 0
11003 0
11004 0
11005 0
11006 0
11007 0
11008 0
11009 0
11010 0
11011 0
11012 0
11013 0
11014 0
11015 0
11016 0
11017 0
11018 0
11019 0
11020 0
11021 0
11022 0
11023 0
11024 0
11025 0
11026 0
11027 0
11028 0
11029 0
11030 0
11031 0
11032 0
11033 0
11034 0
11035 0
11036 0
11037 0
11038 0
11039 0
11040 0
11041 0
11042 0
11043 0
11044 0
11045 0
11046 0
11047 0
11048 0
11049 0
11050 0
11051 0
11052 0
11053 0
11054 0
11055 0
11056 0
11057 0
11058 0
11059 0
11060 0
11061 0
11062 0
11063 0
11064 0
11065 0
11066 0
11067 0
11068 0
11069 0
11070 0
11071 0
11072 0
11073 0
11074 0
11075 0
11076 0
11077 0
11078 0
11079 0
11080 0
11081 0
11082 0
11083 0
11084 0
11085 0
11086 0
11087 0
11088 0
11089 0
11090 0
11091 0
11092 0
11093 0
11094 0
11095 0
11096 0
11097 0
11098 0
11099 0
11100 0
11101 0
11102 0
11103 0
11104 0
11105 0
11106 0
11107 0
11108 0
11109 0
11110 0
11111 0
11112 0
11113 0
11114 0
11115 0
11116 0
11117 0
11118 0
11119 0
11120 0
11121 0
11122 0
11123 0
11124 0
11125 0
11126 0
11127 0
11128 0
11129 0
11130 0
11131 0
11132 0
11133 0
11134 0
11135 0
11136 0
11137 0
11138 0
11139 0
11140 0
11141 0
11142 0
11143 0
11144 0
11145 0
11146 0
11147 0
11148 0
11149 0
11150 0
11151 0
11152 0
11153 0
11154 0
11155 0
11156 0
11157 0
11158 0
11159 0
11160 0
11161 0
11162 0
11163 0
11164 0
11165 0
11166 0
11167 0
11168 0
11169 0
11170 0
11171 0
11172 0
11173 0
11174 0
11175 0
11176 0
11177 0
11178 0
11179 0
11180 0
11181 0
11182 0
11183 0
11184 0
11185 0
11186 0
11187 0
11188 0
11189 0
11190 0
11191 0
11192 0
11193 0
11194 0
11195 0
11196 0
11197 0
11198 0
11199 0
11200 0
11201 0
11202 0
11203 0
11204 0
11205 0
11206 0
11207 0
11208 0
11209 0
11210 0
11211 0
11212 0
11213 0
11214 0
11215 0
11216 0
11217 0
11218 0
11219 0
11220 0
11221 0
11222 0
11223 0
11224 0
11225 0
11226 0
11227 0
11228 0
11229 0
11230 0
11231 0
11232 0
11233 0
11234 0
11235 0
11236 0
11237 0
11238 0
11239 0
11240 0
11241 0
11242 0
11243 0
11244 0
11245 0
11246 0
11247 0
11248 0
11249 0
11250 0
11251 0
11252 0
11253 0
11254 0
11255 0
11256 0
11257 0
11258 0
11259 0
11260 0
11261 0
11262 0
11263 0
11264 0
11265 0
11266 0
11267 0
11268 0
11269 0
11270 0
11271 0
11272 0
11273 0
11274 0
11275 0
11276 0
11277 0
11278 0
11279 0
11280 0
11281 0
11282 0
11283 0
11284 0
11285 0
11286 0
11287 0
11288 0
11289 0
11290 0
11291 0
11292 0
11293 0
11294 0
11295 0
11296 0
11297 0
11298 0
11299 0
11300 0
11301 0
11302 0
11303 0
11304 0
11305 0
11306 0
11307 0
11308 0
11309 0
11310 0
11311 0
11312 0
11313 0
11314 0
11315 0
11316 0
11317 0
11318 0
11319 0
11320 0
11321 0
11322 0
11323 0
11324 0
11325 0
11326 0
11327 0
11328 0
11329 0
11330 0
11331 0
11332 0
11333 0
11334 0
11335 0
11336 0
11337 0
11338 0
11339 0
11340 0
11341 0
11342 0
11343 0
11344 0
11345 0
11346 0
11347 0
11348 0
11349 0
11350 0
11351 0
11352 0
11353 0
11354 0
11355 0
11356 0
11357 0
11358 0
11359 0
11360 0
11361 0
11362 0
11363 0
11364 0
11365 0
11366 0
11367 0
11368 0
11369 0
11370 0
11371 0
11372 0
11373 0
11374 0
11375 0
11376 0
11377 0
11378 0
11379 0
11380 0
11381 0
11382 0
11383 0
11384 0
11385 0
11386 0
11387 0
11388 0
11389 0
11390 0
11391 0
11392 0
11393 0
11394 0
11395 0
11396 0
11397 0
11398 0
11399 0
11400 0
11401 0
11402 0
11403 0
11404 0
11405 0
11406 0
11407 0
11408 0
11409 0
11410 0
11411 0
11412 0
11413 0
11414 0
11415 0
11416 0
11417 0
11418 0
11419 0
11420 0
11421 0
11422 0
11423 0
11424 0
11425 0
11426 0
11427 0
11428 0
11429 0
11430 0
11431 0
11432 0
11433 0
11434 0
11435 0
11436 0
11437 0
11438 0
11439 0
11440 0
11441 0
11442 0
11443 0
11444 0
11445 0
11446 0
11447 0
11448 0
11449 0
11450 0
11451 0
11452 0
11453 0
11454 0
11455 0
11456 0
11457 0
11458 0
11459 0
11460 0
11461 0
11462 0
11463 0
11464 0
11465 0
11466 0
11467 0
11468 0
11469 0
11470 0
11471 0
11472 0
11473 0
11474 0
11475 0
11476 0
11477 0
11478 0
11479 0
11480 0
11481 0
11482 0
11483 0
11484 0
11485 0
11486 0
11487 0
11488 0
11489 0
11490 0
11491 0
11492 0
11493 0
11494 0
11495 0
11496 0
11497 0
11498 0
11499 0
11500 0
11501 0
11502 0
11503 0
11504 0
11505 0
11506 0
11507 0
11508 0
11509 0
11510 0
11511 0
11512 0
11513 0
11514 0
11515 0
11516 0
11517 0
11518 0
11519 0
11520 0
11521 0
11522 0
11523 0
11524 0
11525 0
11526 0
11527 0
11528 0
11529 0
11530 0
11531 0
11532 0
11533 0
11534 0
11535 0
11536 0
11537 0
11538 0
11539 0
11540 0
11541 0
11542 0
11543 0
11544 0
11545 0
11546 0
11547 0
11548 0
11549 0
11550 0
11551 0
11552 0
11553 0
11554 0
11555 0
11556 0
11557 0
11558 0
11559 0
11560 0
11561 0
11562 0
11563 0
11564 0
11565 0
11566 0
11567 0
11568 0
11569 0
11570 0
11571 0
11572 0
11573 0
11574 0
11575 0
11576 0
11577 0
11578 0
11579 0
11580 0
11581 0
11582 0
11583 0
11584 0
11585 0
11586 0
11587 0
11588 0
11589 0
11590 0
11591 0
11592 0
11593 0
11594 0
11595 0
11596 0
11597 0
11598 0
11599 0
11600 0
11601 0
11602 0
11603 0
11604 0
11605 0
11606 0
11607 0
11608 0
11609 0
11610 0
11611 0
11612 0
11613 0
11614 0
11615 0
11616 0
11617 0
11618 0
11619 0
11620 0
11621 0
11622 0
11623 0
11624 0
11625 0
11626 0
11627 0
11628 0
11629 0
11630 0
11631 0
11632 0
11633 0
11634 0
11635 0
11636 0
11637 0
11638 0
11639 0
11640 0
11641 0
11642 0
11643 0
11644 0
11645 0
11646 0
11647 0
11648 0
11649 0
11650 0
11651 0
11652 0
11653 0
11654 0
11655 0
11656 0
11657 0
11658 0
11659 0
11660 0
11661 0
11662 0
11663 0
11664 0
11665 0
11666 0
11667 0
11668 0
11669 0
11670 0
11671 0
11672 0
11673 0
11674 0
11675 0
11676 0
11677 0
11678 0
11679 0
11680 0
11681 0
11682 0
11683 0
11684 0
11685 0
11686 0
11687 0
11688 0
11689 0
11690 0
11691 0
11692 0
11693 0
11694 0
11695 0
11696 0
11697 0
11698 0
11699 0
11700 0
11701 0
11702 0
11703 0
11704 0
11705 0
11706 0
11707 0
11708 0
11709 0
11710 0
11711 0
11712 0
11713 0
11714 0
11715 0
11716 0
11717 0
11718 0
11719 0
11720 0
11721 0
11722 0
11723 0
11724 0
11725 0
11726 0
11727 0
11728 0
11729 0
11730 0
11731 0
11732 0
11733 0
11734 0
11735 0
11736 0
11737 0
11738 0
11739 0
11740 0
11741 0
11742 0
11743 0
11744 0
11745 0
11746 0
11747 0
11748 0
11749 0
11750 0
11751 0
11752 0
11753 0
11754 0
11755 0
11756 0
11757 0
11758 0
11759 0
11760 0
11761 0
11762 0
11763 0
11764 0
11765 0
11766 0
11767 0
11768 0
11769 0
11770 0
11771 0
11772 0
11773 0
11774 0
11775 0
11776 0
11777 0
11778 0
11779 0
11780 0
11781 0
11782 0
11783 0
11784 0
11785 0
11786 0
11787 0
11788 0
11789 0
11790 0
11791 0
11792 0
11793 0
11794 0
11795 0
11796 0
11797 0
11798 0
11799 0
11800 0
11801 0
11802 0
11803 0
11804 0
11805 0
11806 0
11807 0
11808 0
11809 0
11810 0
11811 0
11812 0
11813 0
11814 0
11815 0
11816 0
11817 0
11818 0
11819 0
11820 0
11821 0
11822 0
11823 0
11824 0
11825 0
11826 0
11827 0
11828 0
11829 0
11830 0
11831 0
11832 0
11833 0
11834 0
11835 0
11836 0
11837 0
11838 0
11839 0
11840 0
11841 0
11842 0
11843 0
11844 0
11845 0
11846 0
11847 0
11848 0
11849 0
11850 0
11851 0
11852 0
11853 0
11854 0
11855 0
11856 0
11857 0
11858 0
11859 0
11860 0
11861 0
11862 0
11863 0
11864 0
11865 0
11866 0
11867 0
11868 0
11869 0
11870 0
11871 0
11872 0
11873 0
11874 0
11875 0
11876 0
11877 0
11878 0
11879 0
11880 0
11881 0
11882 0
11883 0
11884 0
11885 0
11886 0
11887 0
11888 0
11889 0
11890 0
11891 0
11892 0
11893 0
11894 0
11895 0
11896 0
11897 0
11898 0
11899 0
11900 0
11901 0
11902 0
11903 0
11904 0
11905 0
11906 0
11907 0
11908 0
11909 0
11910 0
11911 0
11912 0
11913 0
11914 0
11915 0
11916 0
11917 0
11918 0
11919 0
11920 0
11921 0
11922 0
11923 0
11924 0
11925 0
11926 0
11927 0
11928 0
11929 0
11930 0
11931 0
11932 0
11933 0
11934 0
11935 0
11936 0
11937 0
11938 0
11939 0
11940 0
11941 0
11942 0
11943 0
11944 0
11945 0
11946 0
11947 0
11948 0
11949 0
11950 0
11951 0
11952 0
11953 0
11954 0
11955 0
11956 0
11957 0
11958 0
11959 0
11960 0
11961 0
11962 0
11963 0
11964 0
11965 0
11966 0
11967 0
11968 0
11969 0
11970 0
11971 0
11972 0
11973 0
11974 0
11975 0
11976 0
11977 0
11978 0
11979 0
11980 0
11981 0
11982 0
11983 0
11984 0
11985 0
11986 0
11987 0
11988 0
11989 0
11990 0
11991 0
11992 0
11993 0
11994 0
11995 0
11996 0
11997 0
11998 0
11999 0
12000 0
12001 0
12002 0
12003 0
12004 0
12005 0
12006 0
12007 0
12008 0
12009 0
12010 0
12011 0
12012 0
12013 0
12014 0
12015 0
12016 0
12017 0
12018 0
12019 0
12020 0
12021 0
12022 0
12023 0
12024 0
12025 0
12026 0
12027 0
12028 0
12029 0
12030 0
12031 0
12032 0
12033 0
12034 0
12035 0
12036 0
12037 0
12038 0
12039 0
12040 0
12041 0
12042 0
12043 0
12044 0
12045 0
12046 0
12047 0
12048 0
12049 0
12050 0
12051 0
12052 0
12053 0
12054 0
12055 0
12056 0
12057 0
12058 0
12059 0
12060 0
12061 0
12062 0
12063 0
12064 0
12065 0
12066 0
12067 0
12068 0
12069 0
12070 0
12071 0
12072 0
12073 0
12074 0
12075 0
12076 0
12077 0
12078 0
12079 0
12080 0
12081 0
12082 0
12083 0
12084 0
12085 0
12086 0
12087 0
12088 0
12089 0
12090 0
12091 0
12092 0
12093 0
12094 0
12095 0
12096 0
12097 0
12098 0
12099 0
12100 0
12101 0
12102 0
12103 0
12104 0
12105 0
12106 0
12107 0
12108 0
12109 0
12110 0
12111 0
12112 0
12113 0
12114 0
12115 0
12116 0
12117 0
12118 0
12119 0
12120 0
12121 0
12122 0
12123 0
12124 0
12125 0
12126 0
12127 0
12128 0
12129 0
12130 0
12131 0
12132 0
12133 0
12134 0
12135 0
12136 0
12137 0
12138 0
12139 0
12140 0
12141 0
12142 0
12143 0
12144 0
12145 0
12146 0
12147 0
12148 0
12149 0
12150 0
12151 0
12152 0
12153 0
12154 0
12155 0
12156 0
12157 0
12158 0
12159 0
12160 0
12161 0
12162 0
12163 0
12164 0
12165 0
12166 0
12167 0
12168 0
12169 0
12170 0
12171 0
12172 0
12173 0
12174 0
12175 0
12176 0
12177 0
12178 0
12179 0
12180 0
12181 0
12182 0
12183 0
12184 0
12185 0
12186 0
12187 0
12188 0
12189 0
12190 0
12191 0
12192 0
12193 0
12194 0
12195 0
12196 0
12197 0
12198 0
12199 0
12200 0
12201 0
12202 0
12203 0
12204 0
12205 0
12206 0
12207 0
12208 0
12209 0
12210 0
12211 0
12212 0
12213 0
12214 0
12215 0
12216 0
12217 0
12218 0
12219 0
12220 0
12221 0
12222 0
12223 0
12224 0
12225 0
12226 0
12227 0
12228 0
12229 0
12230 0
12231 0
12232 0
12233 0
12234 0
12235 0
12236 0
12237 0
12238 0
12239 0
12240 0
12241 0
12242 0
12243 0
12244 0
12245 0
12246 0
12247 0
12248 0
12249 0
12250 0
12251 0
12252 0
12253 0
12254 0
12255 0
12256 0
12257 0
12258 0
12259 0
12260 0
12261 0
12262 0
12263 0
12264 0
12265 0
12266 0
12267 0
12268 0
12269 0
12270 0
12271 0
12272 0
12273 0
12274 0
12275 0
12276 0
12277 0
12278 0
12279 0
12280 0
12281 0
12282 0
12283 0
12284 0
12285 0
12286 0
12287 0
12288 0
12289 0
12290 0
12291 0
12292 0
12293 0
12294 0
12295 0
12296 0
12297 0
12298 0
12299 0
12300 0
12301 0
12302 0
12303 0
12304 0
12305 0
12306 0
12307 0
12308 0
12309 0
12310 0
12311 0
12312 0
12313 0
12314 0
12315 0
12316 0
12317 0
12318 0
12319 0
12320 0
12321 0
12322 0
12323 0
12324 0
12325 0
12326 0
12327 0
12328 0
12329 0
12330 0
12331 0
12332 0
12333 0
12334 0
12335 0
12336 0
12337 0
12338 0
12339 0
12340 0
12341 0
12342 0
12343 0
12344 0
12345 0
12346 0
12347 0
12348 0
12349 0
12350 0
12351 0
12352 0
12353 0
12354 0
12355 0
12356 0
12357 0
12358 0
12359 0
12360 0
12361 0
12362 0
12363 0
12364 0
12365 0
12366 0
12367 0
12368 0
12369 0
12370 0
12371 0
12372 0
12373 0
12374 0
12375 0
12376 0
12377 0
12378 0
12379 0
12380 0
12381 0
12382 0
12383 0
12384 0
12385 0
12386 0
12387 0
12388 0
12389 0
12390 0
12391 0
12392 0
12393 0
12394 0
12395 0
12396 0
12397 0
12398 0
12399 0
12400 0
12401 0
12402 0
12403 0
12404 0
12405 0
12406 0
12407 0
12408 0
12409 0
12410 0
12411 0
12412 0
12413 0
12414 0
12415 0
12416 0
12417 0
12418 0
12419 0
12420 0
12421 0
12422 0
12423 0
12424 0
12425 0
12426 0
12427 0
12428 0
12429 0
12430 0
12431 0
12432 0
12433 0
12434 0
12435 0
12436 0
12437 0
12438 0
12439 0
12440 0
12441 0
12442 0
12443 0
12444 0
12445 0
12446 0
12447 0
12448 0
12449 0
12450 0
12451 0
12452 0
12453 0
12454 0
12455 0
12456 0
12457 0
12458 0
12459 0
12460 0
12461 0
12462 0
12463 0
12464 0
12465 0
12466 0
12467 0
12468 0
12469 0
12470 0
12471 0
12472 0
12473 0
12474 0
12475 0
12476 0
12477 0
12478 0
12479 0
12480 0
12481 0
12482 0
12483 0
12484 0
12485 0
12486 0
12487 0
12488 0
12489 0
12490 0
12491 0
12492 0
12493 0
12494 0
12495 0
12496 0
12497 0
12498 0
12499 0
12500 0
12501 0
12502 0
12503 0
12504 0
12505 0
12506 0
12507 0
12508 0
12509 0
12510 0
12511 0
12512 0
12513 0
12514 0
12515 0
12516 0
12517 0
12518 0
12519 0
12520 0
12521 0
12522 0
12523 0
12524 0
12525 0
12526 0
12527 0
12528 0
12529 0
12530 0
12531 0
12532 0
12533 0
12534 0
12535 0
12536 0
12537 0
12538 0
12539 0
12540 0
12541 0
12542 0
12543 0
12544 0
12545 0
12546 0
12547 0
12548 0
12549 0
12550 0
12551 0
12552 0
12553 0
12554 0
12555 0
12556 0
12557 0
12558 0
12559 0
12560 0
12561 0
12562 0
12563 0
12564 0
12565 0
12566 0
12567 0
12568 0
12569 0
12570 0
12571 0
12572 0
12573 0
12574 0
12575 0
12576 0
12577 0
12578 0
12579 0
12580 0
12581 0
12582 0
12583 0
12584 0
12585 0
12586 0
12587 0
12588 0
12589 0
12590 0
12591 0
12592 0
12593 0
12594 0
12595 0
12596 0
12597 0
12598 0
12599 0
12600 0
12601 0
12602 0
12603 0
12604 0
12605 0
12606 0
12607 0
12608 0
12609 0
12610 0
12611 0
12612 0
12613 0
12614 0
12615 0
12616 0
12617 0
12618 0
12619 0
12620 0
12621 0
12622 0
12623 0
12624 0
12625 0
12626 0
12627 0
12628 0
12629 0
12630 0
12631 0
12632 0
12633 0
12634 0
12635 0
12636 0
12637 0
12638 0
12639 0
12640 0
12641 0
12642 0
12643 0
12644 0
12645 0
12646 0
12647 0
12648 0
12649 0
12650 0
12651 0
12652 0
12653 0
12654 0
12655 0
12656 0
12657 0
12658 0
12659 0
12660 0
12661 0
12662 0
12663 0
12664 0
12665 0
12666 0
12667 0
12668 0
12669 0
12670 0
12671 0
12672 0
12673 0
12674 0
12675 0
12676 0
12677 0
12678 0
12679 0
12680 0
12681 0
12682 0
12683 0
12684 0
12685 0
12686 0
12687 0
12688 0
12689 0
12690 0
12691 0
12692 0
12693 0
12694 0
12695 0
12696 0
12697 0
12698 0
12699 0
12700 0
12701 0
12702 0
12703 0
12704 0
12705 0
12706 0
12707 0
12708 0
12709 0
12710 0
12711 0
12712 0
12713 0
12714 0
12715 0
12716 0
12717 0
12718 0
12719 0
12720 0
12721 0
12722 0
12723 0
12724 0
12725 0
12726 0
12727 0
12728 0
12729 0
12730 0
12731 0
12732 0
12733 0
12734 0
12735 0
12736 0
12737 0
12738 0
12739 0
12740 0
12741 0
12742 0
12743 0
12744 0
12745 0
12746 0
12747 0
12748 0
12749 0
12750 0
12751 0
12752 0
12753 0
12754 0
12755 0
12756 0
12757 0
12758 0
12759 0
12760 0
12761 0
12762 0
12763 0
12764 0
12765 0
12766 0
12767 0
12768 0
12769 0
12770 0
12771 0
12772 0
12773 0
12774 0
12775 0
12776 0
12777 0
12778 0
12779 0
12780 0
12781 0
12782 0
12783 0
12784 0
12785 0
12786 0
12787 0
12788 0
12789 0
12790 0
12791 0
12792 0
12793 0
12794 0
12795 0
12796 0
12797 0
12798 0
12799 0
12800 0
12801 0
12802 0
12803 0
12804 0
12805 0
12806 0
12807 0
12808 0
12809 0
12810 0
12811 0
12812 0
12813 0
12814 0
12815 0
12816 0
12817 0
12818 0
12819 0
12820 0
12821 0
12822 0
12823 0
12824 0
12825 0
12826 0
12827 0
12828 0
12829 0
12830 0
12831 0
12832 0
12833 0
12834 0
12835 0
12836 0
12837 0
12838 0
12839 0
12840 0
12841 0
12842 0
12843 0
12844 0
12845 0
12846 0
12847 0
12848 0
12849 0
12850 0
12851 0
12852 0
12853 0
12854 0
12855 0
12856 0
12857 0
12858 0
12859 0
12860 0
12861 0
12862 0
12863 0
12864 0
12865 0
12866 0
12867 0
12868 0
12869 0
12870 0
12871 0
12872 0
12873 0
12874 0
12875 0
12876 0
12877 0
12878 0
12879 0
12880 0
12881 0
12882 0
12883 0
12884 0
12885 0
12886 0
12887 0
12888 0
12889 0
12890 0
12891 0
12892 0
12893 0
12894 0
12895 0
12896 0
12897 0
12898 0
12899 0
12900 0
12901 0
12902 0
12903 0
12904 0
12905 0
12906 0
12907 0
12908 0
12909 0
12910 0
12911 0
12912 0
12913 0
12914 0
12915 0
12916 0
12917 0
12918 0
12919 0
12920 0
12921 0
12922 0
12923 0
12924 0
12925 0
12926 0
12927 0
12928 0
12929 0
12930 0
12931 0
12932 0
12933 0
12934 0
12935 0
12936 0
12937 0
12938 0
12939 0
12940 0
12941 0
12942 0
12943 0
12944 0
12945 0
12946 0
12947 0
12948 0
12949 0
12950 0
12951 0
12952 0
12953 0
12954 0
12955 0
12956 0
12957 0
12958 0
12959 0
12960 0
12961 0
12962 0
12963 0
12964 0
12965 0
12966 0
12967 0
12968 0
12969 0
12970 0
12971 0
12972 0
12973 0
12974 0
12975 0
12976 0
12977 0
12978 0
12979 0
12980 0
12981 0
12982 0
12983 0
12984 0
12985 0
12986 0
12987 0
12988 0
12989 0
12990 0
12991 0
12992 0
12993 0
12994 0
12995 0
12996 0
12997 0
12998 0
12999 0
13000 0
13001 0
13002 0
13003 0
13004 0
13005 0
13006 0
13007 0
13008 0
13009 0
13010 0
13011 0
13012 0
13013 0
13014 0
13015 0
13016 0
13017 0
13018 0
13019 0
13020 0
13021 0
13022 0
13023 0
13024 0
13025 0
13026 0
13027 0
13028 0
13029 0
13030 0
13031 0
13032 0
13033 0
13034 0
13035 0
13036 0
13037 0
13038 0
13039 0
13040 0
13041 0
13042 0
13043 0
13044 0
13045 0
13046 0
13047 0
13048 0
13049 0
13050 0
13051 0
13052 0
13053 0
13054 0
13055 0
13056 0
13057 0
13058 0
13059 0
13060 0
13061 0
13062 0
13063 0
13064 0
13065 0
13066 0
13067 0
13068 0
13069 0
13070 0
13071 0
13072 0
13073 0
13074 0
13075 0
13076 0
13077 0
13078 0
13079 0
13080 0
13081 0
13082 0
13083 0
13084 0
13085 0
13086 0
13087 0
13088 0
13089 0
13090 0
13091 0
13092 0
13093 0
13094 0
13095 0
13096 0
13097 0
13098 0
13099 0
13100 0
13101 0
13102 0
13103 0
13104 0
13105 0
13106 0
13107 0
13108 0
13109 0
13110 0
13111 0
13112 0
13113 0
13114 0
13115 0
13116 0
13117 0
13118 0
13119 0
13120 0
13121 0
13122 0
13123 0
13124 0
13125 0
13126 0
13127 0
13128 0
13129 0
13130 0
13131 0
13132 0
13133 0
13134 0
13135 0
13136 0
13137 0
13138 0
13139 0
13140 0
13141 0
13142 0
13143 0
13144 0
13145 0
13146 0
13147 0
13148 0
13149 0
13150 0
13151 0
13152 0
13153 0
13154 0
13155 0
13156 0
13157 0
13158 0
13159 0
13160 0
13161 0
13162 0
13163 0
13164 0
13165 0
13166 0
13167 0
13168 0
13169 0
13170 0
13171 0
13172 0
13173 0
13174 0
13175 0
13176 0
13177 0
13178 0
13179 0
13180 0
13181 0
13182 0
13183 0
13184 0
13185 0
13186 0
13187 0
13188 0
13189 0
13190 0
13191 0
13192 0
13193 0
13194 0
13195 0
13196 0
13197 0
13198 0
13199 0
13200 0
13201 0
13202 0
13203 0
13204 0
13205 0
13206 0
13207 0
13208 0
13209 0
13210 0
13211 0
13212 0
13213 0
13214 0
13215 0
13216 0
13217 0
13218 0
13219 0
13220 0
13221 0
13222 0
13223 0
13224 0
13225 0
13226 0
13227 0
13228 0
13229 0
13230 0
13231 0
13232 0
13233 0
13234 0
13235 0
13236 0
13237 0
13238 0
13239 0
13240 0
13241 0
13242 0
13243 0
13244 0
13245 0
13246 0
13247 0
13248 0
13249 0
13250 0
13251 0
13252 0
13253 0
13254 0
13255 0
13256 0
13257 0
13258 0
13259 0
13260 0
13261 0
13262 0
13263 0
13264 0
13265 0
13266 0
13267 0
13268 0
13269 0
13270 0
13271 0
13272 0
13273 0
13274 0
13275 0
13276 0
13277 0
13278 0
13279 0
13280 0
13281 0
13282 0
13283 0
13284 0
13285 0
13286 0
13287 0
13288 0
13289 0
13290 0
13291 0
13292 0
13293 0
13294 0
13295 0
13296 0
13297 0
13298 0
13299 0
13300 0
13301 0
13302 0
13303 0
13304 0
13305 0
13306 0
13307 0
13308 0
13309 0
13310 0
13311 0
13312 0
13313 0
13314 0
13315 0
13316 0
13317 0
13318 0
13319 0
13320 0
13321 0
13322 0
13323 0
13324 0
13325 0
13326 0
13327 0
13328 0
13329 0
13330 0
13331 0
13332 0
13333 0
13334 0
13335 0
13336 0
13337 0
13338 0
13339 0
13340 0
13341 0
13342 0
13343 0
13344 0
13345 0
13346 0
13347 0
13348 0
13349 0
13350 0
13351 0
13352 0
13353 0
13354 0
13355 0
13356 0
13357 0
13358 0
13359 0
13360 0
13361 0
13362 0
13363 0
13364 0
13365 0
13366 0
13367 0
13368 0
13369 0
13370 0
13371 0
13372 0
13373 0
13374 0
13375 0
13376 0
13377 0
13378 0
13379 0
13380 0
13381 0
13382 0
13383 0
13384 0
13385 0
13386 0
13387 0
13388 0
13389 0
13390 0
13391 0
13392 0
13393 0
13394 0
13395 0
13396 0
13397 0
13398 0
13399 0
13400 0
13401 0
13402 0
13403 0
13404 0
13405 0
13406 0
13407 0
13408 0
13409 0
13410 0
13411 0
13412 0
13413 0
13414 0
13415 0
13416 0
13417 0
13418 0
13419 0
13420 0
13421 0
13422 0
13423 0
13424 0
13425 0
13426 0
13427 0
13428 0
13429 0
13430 0
13431 0
13432 0
13433 0
13434 0
13435 0
13436 0
13437 0
13438 0
13439 0
13440 0
13441 0
13442 0
13443 0
13444 0
13445 0
13446 0
13447 0
13448 0
13449 0
13450 0
13451 0
13452 0
13453 0
13454 0
13455 0
13456 0
13457 0
13458 0
13459 0
13460 0
13461 0
13462 0
13463 0
13464 0
13465 0
13466 0
13467 0
13468 0
13469 0
13470 0
13471 0
13472 0
13473 0
13474 0
13475 0
13476 0
13477 0
13478 0
13479 0
13480 0
13481 0
13482 0
13483 0
13484 0
13485 0
13486 0
13487 0
13488 0
13489 0
13490 0
13491 0
13492 0
13493 0
13494 0
13495 0
13496 0
13497 0
13498 0
13499 0
13500 0
13501 0
13502 0
13503 0
13504 0
13505 0
13506 0
13507 0
13508 0
13509 0
13510 0
13511 0
13512 0
13513 0
13514 0
13515 0
13516 0
13517 0
13518 0
13519 0
13520 0
13521 0
13522 0
13523 0
13524 0
13525 0
13526 0
13527 0
13528 0
13529 0
13530 0
13531 0
13532 0
13533 0
13534 0
13535 0
13536 0
13537 0
13538 0
13539 0
13540 0
13541 0
13542 0
13543 0
13544 0
13545 0
13546 0
13547 0
13548 0
13549 0
13550 0
13551 0
13552 0
13553 0
13554 0
13555 0
13556 0
13557 0
13558 0
13559 0
13560 0
13561 0
13562 0
13563 0
13564 0
13565 0
13566 0
13567 0
13568 0
13569 0
13570 0
13571 0
13572 0
13573 0
13574 0
13575 0
13576 0
13577 0
13578 0
13579 0
13580 0
13581 0
13582 0
13583 0
13584 0
13585 0
13586 0
13587 0
13588 0
13589 0
13590 0
13591 0
13592 0
13593 0
13594 0
13595 0
13596 0
13597 0
13598 0
13599 0
13600 0
13601 0
13602 0
13603 0
13604 0
13605 0
13606 0
13607 0
13608 0
13609 0
13610 0
13611 0
13612 0
13613 0
13614 0
13615 0
13616 0
13617 0
13618 0
13619 0
13620 0
13621 0
13622 0
13623 0
13624 0
13625 0
13626 0
13627 0
13628 0
13629 0
13630 0
13631 0
13632 0
13633 0
13634 0
13635 0
13636 0
13637 0
13638 0
13639 0
13640 0
13641 0
13642 0
13643 0
13644 0
13645 0
13646 0
13647 0
13648 0
13649 0
13650 0
13651 0
13652 0
13653 0
13654 0
13655 0
13656 0
13657 0
13658 0
13659 0
13660 0
13661 0
13662 0
13663 0
13664 0
13665 0
13666 0
13667 0
13668 0
13669 0
13670 0
13671 0
13672 0
13673 0
13674 0
13675 0
13676 0
13677 0
13678 0
13679 0
13680 0
13681 0
13682 0
13683 0
13684 0
13685 0
13686 0
13687 0
13688 0
13689 0
13690 0
13691 0
13692 0
13693 0
13694 0
13695 0
13696 0
13697 0
13698 0
13699 0
13700 0
13701 0
13702 0
13703 0
13704 0
13705 0
13706 0
13707 0
13708 0
13709 0
13710 0
13711 0
13712 0
13713 0
13714 0
13715 0
13716 0
13717 0
13718 0
13719 0
13720 0
13721 0
13722 0
13723 0
13724 0
13725 0
13726 0
13727 0
13728 0
13729 0
13730 0
13731 0
13732 0
13733 0
13734 0
13735 0
13736 0
13737 0
13738 0
13739 0
13740 0
13741 0
13742 0
13743 0
13744 0
13745 0
13746 0
13747 0
13748 0
13749 0
13750 0
13751 0
13752 0
13753 0
13754 0
13755 0
13756 0
13757 0
13758 0
13759 0
13760 0
13761 0
13762 0
13763 0
13764 0
13765 0
13766 0
13767 0
13768 0
13769 0
13770 0
13771 0
13772 0
13773 0
13774 0
13775 0
13776 0
13777 0
13778 0
13779 0
13780 0
13781 0
13782 0
13783 0
13784 0
13785 0
13786 0
13787 0
13788 0
13789 0
13790 0
13791 0
13792 0
13793 0
13794 0
13795 0
13796 0
13797 0
13798 0
13799 0
13800 0
13801 0
13802 0
13803 0
13804 0
13805 0
13806 0
13807 0
13808 0
13809 0
13810 0
13811 0
13812 0
13813 0
13814 0
13815 0
13816 0
13817 0
13818 0
13819 0
13820 0
13821 0
13822 0
13823 0
13824 0
13825 0
13826 0
13827 0
13828 0
13829 0
13830 0
13831 0
13832 0
13833 0
13834 0
13835 0
13836 0
13837 0
13838 0
13839 0
13840 0
13841 0
13842 0
13843 0
13844 0
13845 0
13846 0
13847 0
13848 0
13849 0
13850 0
13851 0
13852 0
13853 0
13854 0
13855 0
13856 0
13857 0
13858 0
13859 0
13860 0
13861 0
13862 0
13863 0
13864 0
13865 0
13866 0
13867 0
13868 0
13869 0
13870 0
13871 0
13872 0
13873 0
13874 0
13875 0
13876 0
13877 0
13878 0
13879 0
13880 0
13881 0
13882 0
13883 0
13884 0
13885 0
13886 0
13887 0
13888 0
13889 0
13890 0
13891 0
13892 0
13893 0
13894 0
13895 0
13896 0
13897 0
13898 0
13899 0
13900 0
13901 0
13902 0
13903 0
13904 0
13905 0
13906 0
13907 0
13908 0
13909 0
13910 0
13911 0
13912 0
13913 0
13914 0
13915 0
13916 0
13917 0
13918 0
13919 0
13920 0
13921 0
13922 0
13923 0
13924 0
13925 0
13926 0
13927 0
13928 0
13929 0
13930 0
13931 0
13932 0
13933 0
13934 0
13935 0
13936 0
13937 0
13938 0
13939 0
13940 0
13941 0
13942 0
13943 0
13944 0
13945 0
13946 0
13947 0
13948 0
13949 0
13950 0
13951 0
13952 0
13953 0
13954 0
13955 0
13956 0
13957 0
13958 0
13959 0
13960 0
13961 0
13962 0
13963 0
13964 0
13965 0
13966 0
13967 0
13968 0
13969 0
13970 0
13971 0
13972 0
13973 0
13974 0
13975 0
13976 0
13977 0
13978 0
13979 0
13980 0
13981 0
13982 0
13983 0
13984 0
13985 0
13986 0
13987 0
13988 0
13989 0
13990 0
13991 0
13992 0
13993 0
13994 0
13995 0
13996 0
13997 0
13998 0
13999 0
14000 0
14001 0
14002 0
14003 0
14004 0
14005 0
14006 0
14007 0
14008 0
14009 0
14010 0
14011 0
14012 0
14013 0
14014 0
14015 0
14016 0
14017 0
14018 0
14019 0
14020 0
14021 0
14022 0
14023 0
14024 0
14025 0
14026 0
14027 0
14028 0
14029 0
14030 0
14031 0
14032 0
14033 0
14034 0
14035 0
14036 0
14037 0
14038 0
14039 0
14040 0
14041 0
14042 0
14043 0
14044 0
14045 0
14046 0
14047 0
14048 0
14049 0
14050 0
14051 0
14052 0
14053 0
14054 0
14055 0
14056 0
14057 0
14058 0
14059 0
14060 0
14061 0
14062 0
14063 0
14064 0
14065 0
14066 0
14067 0
14068 0
14069 0
14070 0
14071 0
14072 0
14073 0
14074 0
14075 0
14076 0
14077 0
14078 0
14079 0
14080 0
14081 0
14082 0
14083 0
14084 0
14085 0
14086 0
14087 0
14088 0
14089 0
14090 0
14091 0
14092 0
14093 0
14094 0
14095 0
14096 0
14097 0
14098 0
14099 0
14100 0
14101 0
14102 0
14103 0
14104 0
14105 0
14106 0
14107 0
14108 0
14109 0
14110 0
14111 0
14112 0
14113 0
14114 0
14115 0
14116 0
14117 0
14118 0
14119 0
14120 0
14121 0
14122 0
14123 0
14124 0
14125 0
14126 0
14127 0
14128 0
14129 0
14130 0
14131 0
14132 0
14133 0
14134 0
14135 0
14136 0
14137 0
14138 0
14139 0
14140 0
14141 0
14142 0
14143 0
14144 0
14145 0
14146 0
14147 0
14148 0
14149 0
14150 0
14151 0
14152 0
14153 0
14154 0
14155 0
14156 0
14157 0
14158 0
14159 0
14160 0
14161 0
14162 0
14163 0
14164 0
14165 0
14166 0
14167 0
14168 0
14169 0
14170 0
14171 0
14172 0
14173 0
14174 0
14175 0
14176 0
14177 0
14178 0
14179 0
14180 0
14181 0
14182 0
14183 0
14184 0
14185 0
14186 0
14187 0
14188 0
14189 0
14190 0
14191 0
14192 0
14193 0
14194 0
14195 0
14196 0
14197 0
14198 0
14199 0
14200 0
14201 0
14202 0
14203 0
14204 0
14205 0
14206 0
14207 0
14208 0
14209 0
14210 0
14211 0
14212 0
14213 0
14214 0
14215 0
14216 0
14217 0
14218 0
14219 0
14220 0
14221 0
14222 0
14223 0
14224 0
14225 0
14226 0
14227 0
14228 0
14229 0
14230 0
14231 0
14232 0
14233 0
14234 0
14235 0
14236 0
14237 0
14238 0
14239 0
14240 0
14241 0
14242 0
14243 0
14244 0
14245 0
14246 0
14247 0
14248 0
14249 0
14250 0
14251 0
14252 0
14253 0
14254 0
14255 0
14256 0
14257 0
14258 0
14259 0
14260 0
14261 0
14262 0
14263 0
14264 0
14265 0
14266 0
14267 0
14268 0
14269 0
14270 0
14271 0
14272 0
14273 0
14274 0
14275 0
14276 0
14277 0
14278 0
14279 0
14280 0
14281 0
14282 0
14283 0
14284 0
14285 0
14286 0
14287 0
14288 0
14289 0
14290 0
14291 0
14292 0
14293 0
14294 0
14295 0
14296 0
14297 0
14298 0
14299 0
14300 0
14301 0
14302 0
14303 0
14304 0
14305 0
14306 0
14307 0
14308 0
14309 0
14310 0
14311 0
14312 0
14313 0
14314 0
14315 0
14316 0
14317 0
14318 0
14319 0
14320 0
14321 0
14322 0
14323 0
14324 0
14325 0
14326 0
14327 0
14328 0
14329 0
14330 0
14331 0
14332 0
14333 0
14334 0
14335 0
14336 0
14337 0
14338 0
14339 0
14340 0
14341 0
14342 0
14343 0
14344 0
14345 0
14346 0
14347 0
14348 0
14349 0
14350 0
14351 0
14352 0
14353 0
14354 0
14355 0
14356 0
14357 0
14358 0
14359 0
14360 0
14361 0
14362 0
14363 0
14364 0
14365 0
14366 0
14367 0
14368 0
14369 0
14370 0
14371 0
14372 0
14373 0
14374 0
14375 0
14376 0
14377 0
14378 0
14379 0
14380 0
14381 0
14382 0
14383 0
14384 0
14385 0
14386 0
14387 0
14388 0
14389 0
14390 0
14391 0
14392 0
14393 0
14394 0
14395 0
14396 0
14397 0
14398 0
14399 0
14400 0
14401 0
14402 0
14403 0
14404 0
14405 0
14406 0
14407 0
14408 0
14409 0
14410 0
14411 0
14412 0
14413 0
14414 0
14415 0
14416 0
14417 0
14418 0
14419 0
14420 0
14421 0
14422 0
14423 0
14424 0
14425 0
14426 0
14427 0
14428 0
14429 0
14430 0
14431 0
14432 0
14433 0
14434 0
14435 0
14436 0
14437 0
14438 0
14439 0
14440 0
14441 0
14442 0
14443 0
14444 0
14445 0
14446 0
14447 0
14448 0
14449 0
14450 0
14451 0
14452 0
14453 0
14454 0
14455 0
14456 0
14457 0
14458 0
14459 0
14460 0
14461 0
14462 0
14463 0
14464 0
14465 0
14466 0
14467 0
14468 0
14469 0
14470 0
14471 0
14472 0
14473 0
14474 0
14475 0
14476 0
14477 0
14478 0
14479 0
14480 0
14481 0
14482 0
14483 0
14484 0
14485 0
14486 0
14487 0
14488 0
14489 0
14490 0
14491 0
14492 0
14493 0
14494 0
14495 0
14496 0
14497 0
14498 0
14499 0
14500 0
14501 0
14502 0
14503 0
14504 0
14505 0
14506 0
14507 0
14508 0
14509 0
14510 0
14511 0
14512 0
14513 0
14514 0
14515 0
14516 0
14517 0
14518 0
14519 0
14520 0
14521 0
14522 0
14523 0
14524 0
14525 0
14526 0
14527 0
14528 0
14529 0
14530 0
14531 0
14532 0
14533 0
14534 0
14535 0
14536 0
14537 0
14538 0
14539 0
14540 0
14541 0
14542 0
14543 0
14544 0
14545 0
14546 0
14547 0
14548 0
14549 0
14550 0
14551 0
14552 0
14553 0
14554 0
14555 0
14556 0
14557 0
14558 0
14559 0
14560 0
14561 0
14562 0
14563 0
14564 0
14565 0
14566 0
14567 0
14568 0
14569 0
14570 0
14571 0
14572 0
14573 0
14574 0
14575 0
14576 0
14577 0
14578 0
14579 0
14580 0
14581 0
14582 0
14583 0
14584 0
14585 0
14586 0
14587 0
14588 0
14589 0
14590 0
14591 0
14592 0
14593 0
14594 0
14595 0
14596 0
14597 0
14598 0
14599 0
14600 0
14601 0
14602 0
14603 0
14604 0
14605 0
14606 0
14607 0
14608 0
14609 0
14610 0
14611 0
14612 0
14613 0
14614 0
14615 0
14616 0
14617 0
14618 0
14619 0
14620 0
14621 0
14622 0
14623 0
14624 0
14625 0
14626 0
14627 0
14628 0
14629 0
14630 0
14631 0
14632 0
14633 0
14634 0
14635 0
14636 0
14637 0
14638 0
14639 0
14640 0
14641 0
14642 0
14643 0
14644 0
14645 0
14646 0
14647 0
14648 0
14649 0
14650 0
14651 0
14652 0
14653 0
14654 0
14655 0
14656 0
14657 0
14658 0
14659 0
14660 0
14661 0
14662 0
14663 0
14664 0
14665 0
14666 0
14667 0
14668 0
14669 0
14670 0
14671 0
14672 0
14673 0
14674 0
14675 0
14676 0
14677 0
14678 0
14679 0
14680 0
14681 0
14682 0
14683 0
14684 0
14685 0
14686 0
14687 0
14688 0
14689 0
14690 0
14691 0
14692 0
14693 0
14694 0
14695 0
14696 0
14697 0
14698 0
14699 0
14700 0
14701 0
14702 0
14703 0
14704 0
14705 0
14706 0
14707 0
14708 0
14709 0
14710 0
14711 0
14712 0
14713 0
14714 0
14715 0
14716 0
14717 0
14718 0
14719 0
14720 0
14721 0
14722 0
14723 0
14724 0
14725 0
14726 0
14727 0
14728 0
14729 0
14730 0
14731 0
14732 0
14733 0
14734 0
14735 0
14736 0
14737 0
14738 0
14739 0
14740 0
14741 0
14742 0
14743 0
14744 0
14745 0
14746 0
14747 0
14748 0
14749 0
14750 0
14751 0
14752 0
14753 0
14754 0
14755 0
14756 0
14757 0
14758 0
14759 0
14760 0
14761 0
14762 0
14763 0
14764 0
14765 0
14766 0
14767 0
14768 0
14769 0
14770 0
14771 0
14772 0
14773 0
14774 0
14775 0
14776 0
14777 0
14778 0
14779 0
14780 0
14781 0
14782 0
14783 0
14784 0
14785 0
14786 0
14787 0
14788 0
14789 0
14790 0
14791 0
14792 0
14793 0
14794 0
14795 0
14796 0
14797 0
14798 0
14799 0
14800 0
14801 0
14802 0
14803 0
14804 0
14805 0
14806 0
14807 0
14808 0
14809 0
14810 0
14811 0
14812 0
14813 0
14814 0
14815 0
14816 0
14817 0
14818 0
14819 0
14820 0
14821 0
14822 0
14823 0
14824 0
14825 0
14826 0
14827 0
14828 0
14829 0
14830 0
14831 0
14832 0
14833 0
14834 0
14835 0
14836 0
14837 0
14838 0
14839 0
14840 0
14841 0
14842 0
14843 0
14844 0
14845 0
14846 0
14847 0
14848 0
14849 0
14850 0
14851 0
14852 0
14853 0
14854 0
14855 0
14856 0
14857 0
14858 0
14859 0
14860 0
14861 0
14862 0
14863 0
14864 0
14865 0
14866 0
14867 0
14868 0
14869 0
14870 0
14871 0
14872 0
14873 0
14874 0
14875 0
14876 0
14877 0
14878 0
14879 0
14880 0
14881 0
14882 0
14883 0
14884 0
14885 0
14886 0
14887 0
14888 0
14889 0
14890 0
14891 0
14892 0
14893 0
14894 0
14895 0
14896 0
14897 0
14898 0
14899 0
14900 0
14901 0
14902 0
14903 0
14904 0
14905 0
14906 0
14907 0
14908 0
14909 0
14910 0
14911 0
14912 0
14913 0
14914 0
14915 0
14916 0
14917 0
14918 0
14919 0
14920 0
14921 0
14922 0
14923 0
14924 0
14925 0
14926 0
14927 0
14928 0
14929 0
14930 0
14931 0
14932 0
14933 0
14934 0
14935 0
14936 0
14937 0
14938 0
14939 0
14940 0
14941 0
14942 0
14943 0
14944 0
14945 0
14946 0
14947 0
14948 0
14949 0
14950 0
14951 0
14952 0
14953 0
14954 0
14955 0
14956 0
14957 0
14958 0
14959 0
14960 0
14961 0
14962 0
14963 0
14964 0
14965 0
14966 0
14967 0
14968 0
14969 0
14970 0
14971 0
14972 0
14973 0
14974 0
14975 0
14976 0
14977 0
14978 0
14979 0
14980 0
14981 0
14982 0
14983 0
14984 0
14985 0
14986 0
14987 0
14988 0
14989 0
14990 0
14991 0
14992 0
14993 0
14994 0
14995 0
14996 0
14997 0
14998 0
14999 0
15000 0
15001 0
15002 0
15003 0
15004 0
15005 0
15006 0
15007 0
15008 0
15009 0
15010 0
15011 0
15012 0
15013 0
15014 0
15015 0
15016 0
15017 0
15018 0
15019 0
15020 0
15021 0
15022 0
15023 0
15024 0
15025 0
15026 0
15027 0
15028 0
15029 0
15030 0
15031 0
15032 0
15033 0
15034 0
15035 0
15036 0
15037 0
15038 0
15039 0
15040 0
15041 0
15042 0
15043 0
15044 0
15045 0
15046 0
15047 0
15048 0
15049 0
15050 0
15051 0
15052 0
15053 0
15054 0
15055 0
15056 0
15057 0
15058 0
15059 0
15060 0
15061 0
15062 0
15063 0
15064 0
15065 0
15066 0
15067 0
15068 0
15069 0
15070 0
15071 0
15072 0
15073 0
15074 0
15075 0
15076 0
15077 0
15078 0
15079 0
15080 0
15081 0
15082 0
15083 0
15084 0
15085 0
15086 0
15087 0
15088 0
15089 0
15090 0
15091 0
15092 0
15093 0
15094 0
15095 0
15096 0
15097 0
15098 0
15099 0
15100 0
15101 0
15102 0
15103 0
15104 0
15105 0
15106 0
15107 0
15108 0
15109 0
15110 0
15111 0
15112 0
15113 0
15114 0
15115 0
15116 0
15117 0
15118 0
15119 0
15120 0
15121 0
15122 0
15123 0
15124 0
15125 0
15126 0
15127 0
15128 0
15129 0
15130 0
15131 0
15132 0
15133 0
15134 0
15135 0
15136 0
15137 0
15138 0
15139 0
15140 0
15141 0
15142 0
15143 0
15144 0
15145 0
15146 0
15147 0
15148 0
15149 0
15150 0
15151 0
15152 0
15153 0
15154 0
15155 0
15156 0
15157 0
15158 0
15159 0
15160 0
15161 0
15162 0
15163 0
15164 0
15165 0
15166 0
15167 0
15168 0
15169 0
15170 0
15171 0
15172 0
15173 0
15174 0
15175 0
15176 0
15177 0
15178 0
15179 0
15180 0
15181 0
15182 0
15183 0
15184 0
15185 0
15186 0
15187 0
15188 0
15189 0
15190 0
15191 0
15192 0
15193 0
15194 0
15195 0
15196 0
15197 0
15198 0
15199 0
15200 0
15201 0
15202 0
15203 0
15204 0
15205 0
15206 0
15207 0
15208 0
15209 0
15210 0
15211 0
15212 0
15213 0
15214 0
15215 0
15216 0
15217 0
15218 0
15219 0
15220 0
15221 0
15222 0
15223 0
15224 0
15225 0
15226 0
15227 0
15228 0
15229 0
15230 0
15231 0
15232 0
15233 0
15234 0
15235 0
15236 0
15237 0
15238 0
15239 0
15240 0
15241 0
15242 0
15243 0
15244 0
15245 0
15246 0
15247 0
15248 0
15249 0
15250 0
15251 0
15252 0
15253 0
15254 0
15255 0
15256 0
15257 0
15258 0
15259 0
15260 0
15261 0
15262 0
15263 0
15264 0
15265 0
15266 0
15267 0
15268 0
15269 0
15270 0
15271 0
15272 0
15273 0
15274 0
15275 0
15276 0
15277 0
15278 0
15279 0
15280 0
15281 0
15282 0
15283 0
15284 0
15285 0
15286 0
15287 0
15288 0
15289 0
15290 0
15291 0
15292 0
15293 0
15294 0
15295 0
15296 0
15297 0
15298 0
15299 0
15300 0
15301 0
15302 0
15303 0
15304 0
15305 0
15306 0
15307 0
15308 0
15309 0
15310 0
15311 0
15312 0
15313 0
15314 0
15315 0
15316 0
15317 0
15318 0
15319 0
15320 0
15321 0
15322 0
15323 0
15324 0
15325 0
15326 0
15327 0
15328 0
15329 0
15330 0
15331 0
15332 0
15333 0
15334 0
15335 0
15336 0
15337 0
15338 0
15339 0
15340 0
15341 0
15342 0
15343 0
15344 0
15345 0
15346 0
15347 0
15348 0
15349 0
15350 0
15351 0
15352 0
15353 0
15354 0
15355 0
15356 0
15357 0
15358 0
15359 0
15360 0
15361 0
15362 0
15363 0
15364 0
15365 0
15366 0
15367 0
15368 0
15369 0
15370 0
15371 0
15372 0
15373 0
15374 0
15375 0
15376 0
15377 0
15378 0
15379 0
15380 0
15381 0
15382 0
15383 0
15384 0
15385 0
15386 0
15387 0
15388 0
15389 0
15390 0
15391 0
15392 0
15393 0
15394 0
15395 0
15396 0
15397 0
15398 0
15399 0
15400 0
15401 0
15402 0
15403 0
15404 0
15405 0
15406 0
15407 0
15408 0
15409 0
15410 0
15411 0
15412 0
15413 0
15414 0
15415 0
15416 0
15417 0
15418 0
15419 0
15420 0
15421 0
15422 0
15423 0
15424 0
15425 0
15426 0
15427 0
15428 0
15429 0
15430 0
15431 0
15432 0
15433 0
15434 0
15435 0
15436 0
15437 0
15438 0
15439 0
15440 0
15441 0
15442 0
15443 0
15444 0
15445 0
15446 0
15447 0
15448 0
15449 0
15450 0
15451 0
15452 0
15453 0
15454 0
15455 0
15456 0
15457 0
15458 0
15459 0
15460 0
15461 0
15462 0
15463 0
15464 0
15465 0
15466 0
15467 0
15468 0
15469 0
15470 0
15471 0
15472 0
15473 0
15474 0
15475 0
15476 0
15477 0
15478 0
15479 0
15480 0
15481 0
15482 0
15483 0
15484 0
15485 0
15486 0
15487 0
15488 0
15489 0
15490 0
15491 0
15492 0
15493 0
15494 0
15495 0
15496 0
15497 0
15498 0
15499 0
15500 0
15501 0
15502 0
15503 0
15504 0
15505 0
15506 0
15507 0
15508 0
15509 0
15510 0
15511 0
15512 0
15513 0
15514 0
15515 0
15516 0
15517 0
15518 0
15519 0
15520 0
15521 0
15522 0
15523 0
15524 0
15525 0
15526 0
15527 0
15528 0
15529 0
15530 0
15531 0
15532 0
15533 0
15534 0
15535 0
15536 0
15537 0
15538 0
15539 0
15540 0
15541 0
15542 0
15543 0
15544 0
15545 0
15546 0
15547 0
15548 0
15549 0
15550 0
15551 0
15552 0
15553 0
15554 0
15555 0
15556 0
15557 0
15558 0
15559 0
15560 0
15561 0
15562 0
15563 0
15564 0
15565 0
15566 0
15567 0
15568 0
15569 0
15570 0
15571 0
15572 0
15573 0
15574 0
15575 0
15576 0
15577 0
15578 0
15579 0
15580 0
15581 0
15582 0
15583 0
15584 0
15585 0
15586 0
15587 0
15588 0
15589 0
15590 0
15591 0
15592 0
15593 0
15594 0
15595 0
15596 0
15597 0
15598 0
15599 0
15600 0
15601 0
15602 0
15603 0
15604 0
15605 0
15606 0
15607 0
15608 0
15609 0
15610 0
15611 0
15612 0
15613 0
15614 0
15615 0
15616 0
15617 0
15618 0
15619 0
15620 0
15621 0
15622 0
15623 0
15624 0
15625 0
15626 0
15627 0
15628 0
15629 0
15630 0
15631 0
15632 0
15633 0
15634 0
15635 0
15636 0
15637 0
15638 0
15639 0
15640 0
15641 0
15642 0
15643 0
15644 0
15645 0
15646 0
15647 0
15648 0
15649 0
15650 0
15651 0
15652 0
15653 0
15654 0
15655 0
15656 0
15657 0
15658 0
15659 0
15660 0
15661 0
15662 0
15663 0
15664 0
15665 0
15666 0
15667 0
15668 0
15669 0
15670 0
15671 0
15672 0
15673 0
15674 0
15675 0
15676 0
15677 0
15678 0
15679 0
15680 0
15681 0
15682 0
15683 0
15684 0
15685 0
15686 0
15687 0
15688 0
15689 0
15690 0
15691 0
15692 0
15693 0
15694 0
15695 0
15696 0
15697 0
15698 0
15699 0
15700 0
15701 0
15702 0
15703 0
15704 0
15705 0
15706 0
15707 0
15708 0
15709 0
15710 0
15711 0
15712 0
15713 0
15714 0
15715 0
15716 0
15717 0
15718 0
15719 0
15720 0
15721 0
15722 0
15723 0
15724 0
15725 0
15726 0
15727 0
15728 0
15729 0
15730 0
15731 0
15732 0
15733 0
15734 0
15735 0
15736 0
15737 0
15738 0
15739 0
15740 0
15741 0
15742 0
15743 0
15744 0
15745 0
15746 0
15747 0
15748 0
15749 0
15750 0
15751 0
15752 0
15753 0
15754 0
15755 0
15756 0
15757 0
15758 0
15759 0
15760 0
15761 0
15762 0
15763 0
15764 0
15765 0
15766 0
15767 0
15768 0
15769 0
15770 0
15771 0
15772 0
15773 0
15774 0
15775 0
15776 0
15777 0
15778 0
15779 0
15780 0
15781 0
15782 0
15783 0
15784 0
15785 0
15786 0
15787 0
15788 0
15789 0
15790 0
15791 0
15792 0
15793 0
15794 0
15795 0
15796 0
15797 0
15798 0
15799 0
15800 0
15801 0
15802 0
15803 0
15804 0
15805 0
15806 0
15807 0
15808 0
15809 0
15810 0
15811 0
15812 0
15813 0
15814 0
15815 0
15816 0
15817 0
15818 0
15819 0
15820 0
15821 0
15822 0
15823 0
15824 0
15825 0
15826 0
15827 0
15828 0
15829 0
15830 0
15831 0
15832 0
15833 0
15834 0
15835 0
15836 0
15837 0
15838 0
15839 0
15840 0
15841 0
15842 0
15843 0
15844 0
15845 0
15846 0
15847 0
15848 0
15849 0
15850 0
15851 0
15852 0
15853 0
15854 0
15855 0
15856 0
15857 0
15858 0
15859 0
15860 0
15861 0
15862 0
15863 0
15864 0
15865 0
15866 0
15867 0
15868 0
15869 0
15870 0
15871 0
15872 0
15873 0
15874 0
15875 0
15876 0
15877 0
15878 0
15879 0
15880 0
15881 0
15882 0
15883 0
15884 0
15885 0
15886 0
15887 0
15888 0
15889 0
15890 0
15891 0
15892 0
15893 0
15894 0
15895 0
15896 0
15897 0
15898 0
15899 0
15900 0
15901 0
15902 0
15903 0
15904 0
15905 0
15906 0
15907 0
15908 0
15909 0
15910 0
15911 0
15912 0
15913 0
15914 0
15915 0
15916 0
15917 0
15918 0
15919 0
15920 0
15921 0
15922 0
15923 0
15924 0
15925 0
15926 0
15927 0
15928 0
15929 0
15930 0
15931 0
15932 0
15933 0
15934 0
15935 0
15936 0
15937 0
15938 0
15939 0
15940 0
15941 0
15942 0
15943 0
15944 0
15945 0
15946 0
15947 0
15948 0
15949 0
15950 0
15951 0
15952 0
15953 0
15954 0
15955 0
15956 0
15957 0
15958 0
15959 0
15960 0
15961 0
15962 0
15963 0
15964 0
15965 0
15966 0
15967 0
15968 0
15969 0
15970 0
15971 0
15972 0
15973 0
15974 0
15975 0
15976 0
15977 0
15978 0
15979 0
15980 0
15981 0
15982 0
15983 0
15984 0
15985 0
15986 0
15987 0
15988 0
15989 0
15990 0
15991 0
15992 0
15993 0
15994 0
15995 0
15996 0
15997 0
15998 0
15999 0
16000 0
16001 0
16002 0
16003 0
16004 0
16005 0
16006 0
16007 0
16008 0
16009 0
16010 0
16011 0
16012 0
16013 0
16014 0
16015 0
16016 0
16017 0
16018 0
16019 0
16020 0
16021 0
16022 0
16023 0
16024 0
16025 0
16026 0
16027 0
16028 0
16029 0
16030 0
16031 0
16032 0
16033 0
16034 0
16035 0
16036 0
16037 0
16038 0
16039 0
16040 0
16041 0
16042 0
16043 0
16044 0
16045 0
16046 0
16047 0
16048 0
16049 0
16050 0
16051 0
16052 0
16053 0
16054 0
16055 0
16056 0
16057 0
16058 0
16059 0
16060 0
16061 0
16062 0
16063 0
16064 0
16065 0
16066 0
16067 0
16068 0
16069 0
16070 0
16071 0
16072 0
16073 0
16074 0
16075 0
16076 0
16077 0
16078 0
16079 0
16080 0
16081 0
16082 0
16083 0
16084 0
16085 0
16086 0
16087 0
16088 0
16089 0
16090 0
16091 0
16092 0
16093 0
16094 0
16095 0
16096 0
16097 0
16098 0
16099 0
16100 0
16101 0
16102 0
16103 0
16104 0
16105 0
16106 0
16107 0
16108 0
16109 0
16110 0
16111 0
16112 0
16113 0
16114 0
16115 0
16116 0
16117 0
16118 0
16119 0
16120 0
16121 0
16122 0
16123 0
16124 0
16125 0
16126 0
16127 0
16128 0
16129 0
16130 0
16131 0
16132 0
16133 0
16134 0
16135 0
16136 0
16137 0
16138 0
16139 0
16140 0
16141 0
16142 0
16143 0
16144 0
16145 0
16146 0
16147 0
16148 0
16149 0
16150 0
16151 0
16152 0
16153 0
16154 0
16155 0
16156 0
16157 0
16158 0
16159 0
16160 0
16161 0
16162 0
16163 0
16164 0
16165 0
16166 0
16167 0
16168 0
16169 0
16170 0
16171 0
16172 0
16173 0
16174 0
16175 0
16176 0
16177 0
16178 0
16179 0
16180 0
16181 0
16182 0
16183 0
16184 0
16185 0
16186 0
16187 0
16188 0
16189 0
16190 0
16191 0
16192 0
16193 0
16194 0
16195 0
16196 0
16197 0
16198 0
16199 0
16200 0
16201 0
16202 0
16203 0
16204 0
16205 0
16206 0
16207 0
16208 0
16209 0
16210 0
16211 0
16212 0
16213 0
16214 0
16215 0
16216 0
16217 0
16218 0
16219 0
16220 0
16221 0
16222 0
16223 0
16224 0
16225 0
16226 0
16227 0
16228 0
16229 0
16230 0
16231 0
16232 0
16233 0
16234 0
16235 0
16236 0
16237 0
16238 0
16239 0
16240 0
16241 0
16242 0
16243 0
16244 0
16245 0
16246 0
16247 0
16248 0
16249 0
16250 0
16251 0
16252 0
16253 0
16254 0
16255 0
16256 0
16257 0
16258 0
16259 0
16260 0
16261 0
16262 0
16263 0
16264 0
16265 0
16266 0
16267 0
16268 0
16269 0
16270 0
16271 0
16272 0
16273 0
16274 0
16275 0
16276 0
16277 0
16278 0
16279 0
16280 0
16281 0
16282 0
16283 0
16284 0
16285 0
16286 0
16287 0
16288 0
16289 0
16290 0
16291 0
16292 0
16293 0
16294 0
16295 0
16296 0
16297 0
16298 0
16299 0
16300 0
16301 0
16302 0
16303 0
16304 0
16305 0
16306 0
16307 0
16308 0
16309 0
16310 0
16311 0
16312 0
16313 0
16314 0
16315 0
16316 0
16317 0
16318 0
16319 0
16320 0
16321 0
16322 0
16323 0
16324 0
16325 0
16326 0
16327 0
16328 0
16329 0
16330 0
16331 0
16332 0
16333 0
16334 0
16335 0
16336 0
16337 0
16338 0
16339 0
16340 0
16341 0
16342 0
16343 0
16344 0
16345 0
16346 0
16347 0
16348 0
16349 0
16350 0
16351 0
16352 0
16353 0
16354 0
16355 0
16356 0
16357 0
16358 0
16359 0
16360 0
16361 0
16362 0
16363 0
16364 0
16365 0
16366 0
16367 0
16368 0
16369 0
16370 0
16371 0
16372 0
16373 0
16374 0
16375 0
16376 0
16377 0
16378 0
16379 0
16380 0
16381 0
16382 0
16383 0
16384 0
16385 0
16386 0
16387 0
16388 0
16389 0
16390 0
16391 0
16392 0
16393 0
16394 0
16395 0
16396 0
16397 0
16398 0
16399 0
16400 0
16401 0
16402 0
16403 0
16404 0
16405 0
16406 0
16407 0
16408 0
16409 0
16410 0
16411 0
16412 0
16413 0
16414 0
16415 0
16416 0
16417 0
16418 0
16419 0
16420 0
16421 0
16422 0
16423 0
16424 0
16425 0
16426 0
16427 0
16428 0
16429 0
16430 0
16431 0
16432 0
16433 0
16434 0
16435 0
16436 0
16437 0
16438 0
16439 0
16440 0
16441 0
16442 0
16443 0
16444 0
16445 0
16446 0
16447 0
16448 0
16449 0
16450 0
16451 0
16452 0
16453 0
16454 0
16455 0
16456 0
16457 0
16458 0
16459 0
16460 0
16461 0
16462 0
16463 0
16464 0
16465 0
16466 0
16467 0
16468 0
16469 0
16470 0
16471 0
16472 0
16473 0
16474 0
16475 0
16476 0
16477 0
16478 0
16479 0
16480 0
16481 0
16482 0
16483 0
16484 0
16485 0
16486 0
16487 0
16488 0
16489 0
16490 0
16491 0
16492 0
16493 0
16494 0
16495 0
16496 0
16497 0
16498 0
16499 0
16500 0
16501 0
16502 0
16503 0
16504 0
16505 0
16506 0
16507 0
16508 0
16509 0
16510 0
16511 0
16512 0
16513 0
16514 0
16515 0
16516 0
16517 0
16518 0
16519 0
16520 0
16521 0
16522 0
16523 0
16524 0
16525 0
16526 0
16527 0
16528 0
16529 0
16530 0
16531 0
16532 0
16533 0
16534 0
16535 0
16536 0
16537 0
16538 0
16539 0
16540 0
16541 0
16542 0
16543 0
16544 0
16545 0
16546 0
16547 0
16548 0
16549 0
16550 0
16551 0
16552 0
16553 0
16554 0
16555 0
16556 0
16557 0
16558 0
16559 0
16560 0
16561 0
16562 0
16563 0
16564 0
16565 0
16566 0
16567 0
16568 0
16569 0
16570 0
16571 0
16572 0
16573 0
16574 0
16575 0
16576 0
16577 0
16578 0
16579 0
16580 0
16581 0
16582 0
16583 0
16584 0
16585 0
16586 0
16587 0
16588 0
16589 0
16590 0
16591 0
16592 0
16593 0
16594 0
16595 0
16596 0
16597 0
16598 0
16599 0
16600 0
16601 0
16602 0
16603 0
16604 0
16605 0
16606 0
16607 0
16608 0
16609 0
16610 0
16611 0
16612 0
16613 0
16614 0
16615 0
16616 0
16617 0
16618 0
16619 0
16620 0
16621 0
16622 0
16623 0
16624 0
16625 0
16626 0
16627 0
16628 0
16629 0
16630 0
16631 0
16632 0
16633 0
16634 0
16635 0
16636 0
16637 0
16638 0
16639 0
16640 0
16641 0
16642 0
16643 0
16644 0
16645 0
16646 0
16647 0
16648 0
16649 0
16650 0
16651 0
16652 0
16653 0
16654 0
16655 0
16656 0
16657 0
16658 0
16659 0
16660 0
16661 0
16662 0
16663 0
16664 0
16665 0
16666 0
16667 0
16668 0
16669 0
16670 0
16671 0
16672 0
16673 0
16674 0
16675 0
16676 0
16677 0
16678 0
16679 0
16680 0
16681 0
16682 0
16683 0
16684 0
16685 0
16686 0
16687 0
16688 0
16689 0
16690 0
16691 0
16692 0
16693 0
16694 0
16695 0
16696 0
16697 0
16698 0
16699 0
16700 0
16701 0
16702 0
16703 0
16704 0
16705 0
16706 0
16707 0
16708 0
16709 0
16710 0
16711 0
16712 0
16713 0
16714 0
16715 0
16716 0
16717 0
16718 0
16719 0
16720 0
16721 0
16722 0
16723 0
16724 0
16725 0
16726 0
16727 0
16728 0
16729 0
16730 0
16731 0
16732 0
16733 0
16734 0
16735 0
16736 0
16737 0
16738 0
16739 0
16740 0
16741 0
16742 0
16743 0
16744 0
16745 0
16746 0
16747 0
16748 0
16749 0
16750 0
16751 0
16752 0
16753 0
16754 0
16755 0
16756 0
16757 0
16758 0
16759 0
16760 0
16761 0
16762 0
16763 0
16764 0
16765 0
16766 0
16767 0
16768 0
16769 0
16770 0
16771 0
16772 0
16773 0
16774 0
16775 0
16776 0
16777 0
16778 0
16779 0
16780 0
16781 0
16782 0
16783 0
16784 0
16785 0
16786 0
16787 0
16788 0
16789 0
16790 0
16791 0
16792 0
16793 0
16794 0
16795 0
16796 0
16797 0
16798 0
16799 0
16800 0
16801 0
16802 0
16803 0
16804 0
16805 0
16806 0
16807 0
16808 0
16809 0
16810 0
16811 0
16812 0
16813 0
16814 0
16815 0
16816 0
16817 0
16818 0
16819 0
16820 0
16821 0
16822 0
16823 0
16824 0
16825 0
16826 0
16827 0
16828 0
16829 0
16830 0
16831 0
16832 0
16833 0
16834 0
16835 0
16836 0
16837 0
16838 0
16839 0
16840 0
16841 0
16842 0
16843 0
16844 0
16845 0
16846 0
16847 0
16848 0
16849 0
16850 0
16851 0
16852 0
16853 0
16854 0
16855 0
16856 0
16857 0
16858 0
16859 0
16860 0
16861 0
16862 0
16863 0
16864 0
16865 0
16866 0
16867 0
16868 0
16869 0
16870 0
16871 0
16872 0
16873 0
16874 0
16875 0
16876 0
16877 0
16878 0
16879 0
16880 0
16881 0
16882 0
16883 0
16884 0
16885 0
16886 0
16887 0
16888 0
16889 0
16890 0
16891 0
16892 0
16893 0
16894 0
16895 0
16896 0
16897 0
16898 0
16899 0
16900 0
16901 0
16902 0
16903 0
16904 0
16905 0
16906 0
16907 0
16908 0
16909 0
16910 0
16911 0
16912 0
16913 0
16914 0
16915 0
16916 0
16917 0
16918 0
16919 0
16920 0
16921 0
16922 0
16923 0
16924 0
16925 0
16926 0
16927 0
16928 0
16929 0
16930 0
16931 0
16932 0
16933 0
16934 0
16935 0
16936 0
16937 0
16938 0
16939 0
16940 0
16941 0
16942 0
16943 0
16944 0
16945 0
16946 0
16947 0
16948 0
16949 0
16950 0
16951 0
16952 0
16953 0
16954 0
16955 0
16956 0
16957 0
16958 0
16959 0
16960 0
16961 0
16962 0
16963 0
16964 0
16965 0
16966 0
16967 0
16968 0
16969 0
16970 0
16971 0
16972 0
16973 0
16974 0
16975 0
16976 0
16977 0
16978 0
16979 0
16980 0
16981 0
16982 0
16983 0
16984 0
16985 0
16986 0
16987 0
16988 0
16989 0
16990 0
16991 0
16992 0
16993 0
16994 0
16995 0
16996 0
16997 0
16998 0
16999 0
17000 0
17001 0
17002 0
17003 0
17004 0
17005 0
17006 0
17007 0
17008 0
17009 0
17010 0
17011 0
17012 0
17013 0
17014 0
17015 0
17016 0
17017 0
17018 0
17019 0
17020 0
17021 0
17022 0
17023 0
17024 0
17025 0
17026 0
17027 0
17028 0
17029 0
17030 0
17031 0
17032 0
17033 0
17034 0
17035 0
17036 0
17037 0
17038 0
17039 0
17040 0
17041 0
17042 0
17043 0
17044 0
17045 0
17046 0
17047 0
17048 0
17049 0
17050 0
17051 0
17052 0
17053 0
17054 0
17055 0
17056 0
17057 0
17058 0
17059 0
17060 0
17061 0
17062 0
17063 0
17064 0
17065 0
17066 0
17067 0
17068 0
17069 0
17070 0
17071 0
17072 0
17073 0
17074 0
17075 0
17076 0
17077 0
17078 0
17079 0
17080 0
17081 0
17082 0
17083 0
17084 0
17085 0
17086 0
17087 0
17088 0
17089 0
17090 0
17091 0
17092 0
17093 0
17094 0
17095 0
17096 0
17097 0
17098 0
17099 0
17100 0
17101 0
17102 0
17103 0
17104 0
17105 0
17106 0
17107 0
17108 0
17109 0
17110 0
17111 0
17112 0
17113 0
17114 0
17115 0
17116 0
17117 0
17118 0
17119 0
17120 0
17121 0
17122 0
17123 0
17124 0
17125 0
17126 0
17127 0
17128 0
17129 0
17130 0
17131 0
17132 0
17133 0
17134 0
17135 0
17136 0
17137 0
17138 0
17139 0
17140 0
17141 0
17142 0
17143 0
17144 0
17145 0
17146 0
17147 0
17148 0
17149 0
17150 0
17151 0
17152 0
17153 0
17154 0
17155 0
17156 0
17157 0
17158 0
17159 0
17160 0
17161 0
17162 0
17163 0
17164 0
17165 0
17166 0
17167 0
17168 0
17169 0
17170 0
17171 0
17172 0
17173 0
17174 0
17175 0
17176 0
17177 0
17178 0
17179 0
17180 0
17181 0
17182 0
17183 0
17184 0
17185 0
17186 0
17187 0
17188 0
17189 0
17190 0
17191 0
17192 0
17193 0
17194 0
17195 0
17196 0
17197 0
17198 0
17199 0
17200 0
17201 0
17202 0
17203 0
17204 0
17205 0
17206 0
17207 0
17208 0
17209 0
17210 0
17211 0
17212 0
17213 0
17214 0
17215 0
17216 0
17217 0
17218 0
17219 0
17220 0
17221 0
17222 0
17223 0
17224 0
17225 0
17226 0
17227 0
17228 0
17229 0
17230 0
17231 0
17232 0
17233 0
17234 0
17235 0
17236 0
17237 0
17238 0
17239 0
17240 0
17241 0
17242 0
17243 0
17244 0
17245 0
17246 0
17247 0
17248 0
17249 0
17250 0
17251 0
17252 0
17253 0
17254 0
17255 0
17256 0
17257 0
17258 0
17259 0
17260 0
17261 0
17262 0
17263 0
17264 0
17265 0
17266 0
17267 0
17268 0
17269 0
17270 0
17271 0
17272 0
17273 0
17274 0
17275 0
17276 0
17277 0
17278 0
17279 0
17280 0
17281 0
17282 0
17283 0
17284 0
17285 0
17286 0
17287 0
17288 0
17289 0
17290 0
17291 0
17292 0
17293 0
17294 0
17295 0
17296 0
17297 0
17298 0
17299 0
17300 0
17301 0
17302 0
17303 0
17304 0
17305 0
17306 0
17307 0
17308 0
17309 0
17310 0
17311 0
17312 0
17313 0
17314 0
17315 0
17316 0
17317 0
17318 0
17319 0
17320 0
17321 0
17322 0
17323 0
17324 0
17325 0
17326 0
17327 0
17328 0
17329 0
17330 0
17331 0
17332 0
17333 0
17334 0
17335 0
17336 0
17337 0
17338 0
17339 0
17340 0
17341 0
17342 0
17343 0
17344 0
17345 0
17346 0
17347 0
17348 0
17349 0
17350 0
17351 0
17352 0
17353 0
17354 0
17355 0
17356 0
17357 0
17358 0
17359 0
17360 0
17361 0
17362 0
17363 0
17364 0
17365 0
17366 0
17367 0
17368 0
17369 0
17370 0
17371 0
17372 0
17373 0
17374 0
17375 0
17376 0
17377 0
17378 0
17379 0
17380 0
17381 0
17382 0
17383 0
17384 0
17385 0
17386 0
17387 0
17388 0
17389 0
17390 0
17391 0
17392 0
17393 0
17394 0
17395 0
17396 0
17397 0
17398 0
17399 0
17400 0
17401 0
17402 0
17403 0
17404 0
17405 0
17406 0
17407 0
17408 0
17409 0
17410 0
17411 0
17412 0
17413 0
17414 0
17415 0
17416 0
17417 0
17418 0
17419 0
17420 0
17421 0
17422 0
17423 0
17424 0
17425 0
17426 0
17427 0
17428 0
17429 0
17430 0
17431 0
17432 0
17433 0
17434 0
17435 0
17436 0
17437 0
17438 0
17439 0
17440 0
17441 0
17442 0
17443 0
17444 0
17445 0
17446 0
17447 0
17448 0
17449 0
17450 0
17451 0
17452 0
17453 0
17454 0
17455 0
17456 0
17457 0
17458 0
17459 0
17460 0
17461 0
17462 0
17463 0
17464 0
17465 0
17466 0
17467 0
17468 0
17469 0
17470 0
17471 0
17472 0
17473 0
17474 0
17475 0
17476 0
17477 0
17478 0
17479 0
17480 0
17481 0
17482 0
17483 0
17484 0
17485 0
17486 0
17487 0
17488 0
17489 0
17490 0
17491 0
17492 0
17493 0
17494 0
17495 0
17496 0
17497 0
17498 0
17499 0
17500 0
17501 0
17502 0
17503 0
17504 0
17505 0
17506 0
17507 0
17508 0
17509 0
17510 0
17511 0
17512 0
17513 0
17514 0
17515 0
17516 0
17517 0
17518 0
17519 0
17520 0
17521 0
17522 0
17523 0
17524 0
17525 0
17526 0
17527 0
17528 0
17529 0
17530 0
17531 0
17532 0
17533 0
17534 0
17535 0
17536 0
17537 0
17538 0
17539 0
17540 0
17541 0
17542 0
17543 0
17544 0
17545 0
17546 0
17547 0
17548 0
17549 0
17550 0
17551 0
17552 0
17553 0
17554 0
17555 0
17556 0
17557 0
17558 0
17559 0
17560 0
17561 0
17562 0
17563 0
17564 0
17565 0
17566 0
17567 0
17568 0
17569 0
17570 0
17571 0
17572 0
17573 0
17574 0
17575 0
17576 0
17577 0
17578 0
17579 0
17580 0
17581 0
17582 0
17583 0
17584 0
17585 0
17586 0
17587 0
17588 0
17589 0
17590 0
17591 0
17592 0
17593 0
17594 0
17595 0
17596 0
17597 0
17598 0
17599 0
17600 0
17601 0
17602 0
17603 0
17604 0
17605 0
17606 0
17607 0
17608 0
17609 0
17610 0
17611 0
17612 0
17613 0
17614 0
17615 0
17616 0
17617 0
17618 0
17619 0
17620 0
17621 0
17622 0
17623 0
17624 0
17625 0
17626 0
17627 0
17628 0
17629 0
17630 0
17631 0
17632 0
17633 0
17634 0
17635 0
17636 0
17637 0
17638 0
17639 0
17640 0
17641 0
17642 0
17643 0
17644 0
17645 0
17646 0
17647 0
17648 0
17649 0
17650 0
17651 0
17652 0
17653 0
17654 0
17655 0
17656 0
17657 0
17658 0
17659 0
17660 0
17661 0
17662 0
17663 0
17664 0
17665 0
17666 0
17667 0
17668 0
17669 0
17670 0
17671 0
17672 0
17673 0
17674 0
17675 0
17676 0
17677 0
17678 0
17679 0
17680 0
17681 0
17682 0
17683 0
17684 0
17685 0
17686 0
17687 0
17688 0
17689 0
17690 0
17691 0
17692 0
17693 0
17694 0
17695 0
17696 0
17697 0
17698 0
17699 0
17700 0
17701 0
17702 0
17703 0
17704 0
17705 0
17706 0
17707 0
17708 0
17709 0
17710 0
17711 0
17712 0
17713 0
17714 0
17715 0
17716 0
17717 0
17718 0
17719 0
17720 0
17721 0
17722 0
17723 0
17724 0
17725 0
17726 0
17727 0
17728 0
17729 0
17730 0
17731 0
17732 0
17733 0
17734 0
17735 0
17736 0
17737 0
17738 0
17739 0
17740 0
17741 0
17742 0
17743 0
17744 0
17745 0
17746 0
17747 0
17748 0
17749 0
17750 0
17751 0
17752 0
17753 0
17754 0
17755 0
17756 0
17757 0
17758 0
17759 0
17760 0
17761 0
17762 0
17763 0
17764 0
17765 0
17766 0
17767 0
17768 0
17769 0
17770 0
17771 0
17772 0
17773 0
17774 0
17775 0
17776 0
17777 0
17778 0
17779 0
17780 0
17781 0
17782 0
17783 0
17784 0
17785 0
17786 0
17787 0
17788 0
17789 0
17790 0
17791 0
17792 0
17793 0
17794 0
17795 0
17796 0
17797 0
17798 0
17799 0
17800 0
17801 0
17802 0
17803 0
17804 0
17805 0
17806 0
17807 0
17808 0
17809 0
17810 0
17811 0
17812 0
17813 0
17814 0
17815 0
17816 0
17817 0
17818 0
17819 0
17820 0
17821 0
17822 0
17823 0
17824 0
17825 0
17826 0
17827 0
17828 0
17829 0
17830 0
17831 0
17832 0
17833 0
17834 0
17835 0
17836 0
17837 0
17838 0
17839 0
17840 0
17841 0
17842 0
17843 0
17844 0
17845 0
17846 0
17847 0
17848 0
17849 0
17850 0
17851 0
17852 0
17853 0
17854 0
17855 0
17856 0
17857 0
17858 0
17859 0
17860 0
17861 0
17862 0
17863 0
17864 0
17865 0
17866 0
17867 0
17868 0
17869 0
17870 0
17871 0
17872 0
17873 0
17874 0
17875 0
17876 0
17877 0
17878 0
17879 0
17880 0
17881 0
17882 0
17883 0
17884 0
17885 0
17886 0
17887 0
17888 0
17889 0
17890 0
17891 0
17892 0
17893 0
17894 0
17895 0
17896 0
17897 0
17898 0
17899 0
17900 0
17901 0
17902 0
17903 0
17904 0
17905 0
17906 0
17907 0
17908 0
17909 0
17910 0
17911 0
17912 0
17913 0
17914 0
17915 0
17916 0
17917 0
17918 0
17919 0
17920 0
17921 0
17922 0
17923 0
17924 0
17925 0
17926 0
17927 0
17928 0
17929 0
17930 0
17931 0
17932 0
17933 0
17934 0
17935 0
17936 0
17937 0
17938 0
17939 0
17940 0
17941 0
17942 0
17943 0
17944 0
17945 0
17946 0
17947 0
17948 0
17949 0
17950 0
17951 0
17952 0
17953 0
17954 0
17955 0
17956 0
17957 0
17958 0
17959 0
17960 0
17961 0
17962 0
17963 0
17964 0
17965 0
17966 0
17967 0
17968 0
17969 0
17970 0
17971 0
17972 0
17973 0
17974 0
17975 0
17976 0
17977 0
17978 0
17979 0
17980 0
17981 0
17982 0
17983 0
17984 0
17985 0
17986 0
17987 0
17988 0
17989 0
17990 0
17991 0
17992 0
17993 0
17994 0
17995 0
17996 0
17997 0
17998 0
17999 0
18000 0
18001 0
18002 0
18003 0
18004 0
18005 0
18006 0
18007 0
18008 0
18009 0
18010 0
18011 0
18012 0
18013 0
18014 0
18015 0
18016 0
18017 0
18018 0
18019 0
18020 0
18021 0
18022 0
18023 0
18024 0
18025 0
18026 0
18027 0
18028 0
18029 0
18030 0
18031 0
18032 0
18033 0
18034 0
18035 0
18036 0
18037 0
18038 0
18039 0
18040 0
18041 0
18042 0
18043 0
18044 0
18045 0
18046 0
18047 0
18048 0
18049 0
18050 0
18051 0
18052 0
18053 0
18054 0
18055 0
18056 0
18057 0
18058 0
18059 0
18060 0
18061 0
18062 0
18063 0
18064 0
18065 0
18066 0
18067 0
18068 0
18069 0
18070 0
18071 0
18072 0
18073 0
18074 0
18075 0
18076 0
18077 0
18078 0
18079 0
18080 0
18081 0
18082 0
18083 0
18084 0
18085 0
18086 0
18087 0
18088 0
18089 0
18090 0
18091 0
18092 0
18093 0
18094 0
18095 0
18096 0
18097 0
18098 0
18099 0
18100 0
18101 0
18102 0
18103 0
18104 0
18105 0
18106 0
18107 0
18108 0
18109 0
18110 0
18111 0
18112 0
18113 0
18114 0
18115 0
18116 0
18117 0
18118 0
18119 0
18120 0
18121 0
18122 0
18123 0
18124 0
18125 0
18126 0
18127 0
18128 0
18129 0
18130 0
18131 0
18132 0
18133 0
18134 0
18135 0
18136 0
18137 0
18138 0
18139 0
18140 0
18141 0
18142 0
18143 0
18144 0
18145 0
18146 0
18147 0
18148 0
18149 0
18150 0
18151 0
18152 0
18153 0
18154 0
18155 0
18156 0
18157 0
18158 0
18159 0
18160 0
18161 0
18162 0
18163 0
18164 0
18165 0
18166 0
18167 0
18168 0
18169 0
18170 0
18171 0
18172 0
18173 0
18174 0
18175 0
18176 0
18177 0
18178 0
18179 0
18180 0
18181 0
18182 0
18183 0
18184 0
18185 0
18186 0
18187 0
18188 0
18189 0
18190 0
18191 0
18192 0
18193 0
18194 0
18195 0
18196 0
18197 0
18198 0
18199 0
18200 0
18201 0
18202 0
18203 0
18204 0
18205 0
18206 0
18207 0
18208 0
18209 0
18210 0
18211 0
18212 0
18213 0
18214 0
18215 0
18216 0
18217 0
18218 0
18219 0
18220 0
18221 0
18222 0
18223 0
18224 0
18225 0
18226 0
18227 0
18228 0
18229 0
18230 0
18231 0
18232 0
18233 0
18234 0
18235 0
18236 0
18237 0
18238 0
18239 0
18240 0
18241 0
18242 0
18243 0
18244 0
18245 0
18246 0
18247 0
18248 0
18249 0
18250 0
18251 0
18252 0
18253 0
18254 0
18255 0
18256 0
18257 0
18258 0
18259 0
18260 0
18261 0
18262 0
18263 0
18264 0
18265 0
18266 0
18267 0
18268 0
18269 0
18270 0
18271 0
18272 0
18273 0
18274 0
18275 0
18276 0
18277 0
18278 0
18279 0
18280 0
18281 0
18282 0
18283 0
18284 0
18285 0
18286 0
18287 0
18288 0
18289 0
18290 0
18291 0
18292 0
18293 0
18294 0
18295 0
18296 0
18297 0
18298 0
18299 0
18300 0
18301 0
18302 0
18303 0
18304 0
18305 0
18306 0
18307 0
18308 0
18309 0
18310 0
18311 0
18312 0
18313 0
18314 0
18315 0
18316 0
18317 0
18318 0
18319 0
18320 0
18321 0
18322 0
18323 0
18324 0
18325 0
18326 0
18327 0
18328 0
18329 0
18330 0
18331 0
18332 0
18333 0
18334 0
18335 0
18336 0
18337 0
18338 0
18339 0
18340 0
18341 0
18342 0
18343 0
18344 0
18345 0
18346 0
18347 0
18348 0
18349 0
18350 0
18351 0
18352 0
18353 0
18354 0
18355 0
18356 0
18357 0
18358 0
18359 0
18360 0
18361 0
18362 0
18363 0
18364 0
18365 0
18366 0
18367 0
18368 0
18369 0
18370 0
18371 0
18372 0
18373 0
18374 0
18375 0
18376 0
18377 0
18378 0
18379 0
18380 0
18381 0
18382 0
18383 0
18384 0
18385 0
18386 0
18387 0
18388 0
18389 0
18390 0
18391 0
18392 0
18393 0
18394 0
18395 0
18396 0
18397 0
18398 0
18399 0
18400 0
18401 0
18402 0
18403 0
18404 0
18405 0
18406 0
18407 0
18408 0
18409 0
18410 0
18411 0
18412 0
18413 0
18414 0
18415 0
18416 0
18417 0
18418 0
18419 0
18420 0
18421 0
18422 0
18423 0
18424 0
18425 0
18426 0
18427 0
18428 0
18429 0
18430 0
18431 0
18432 0
18433 0
18434 0
18435 0
18436 0
18437 0
18438 0
18439 0
18440 0
18441 0
18442 0
18443 0
18444 0
18445 0
18446 0
18447 0
18448 0
18449 0
18450 0
18451 0
18452 0
18453 0
18454 0
18455 0
18456 0
18457 0
18458 0
18459 0
18460 0
18461 0
18462 0
18463 0
18464 0
18465 0
18466 0
18467 0
18468 0
18469 0
18470 0
18471 0
18472 0
18473 0
18474 0
18475 0
18476 0
18477 0
18478 0
18479 0
18480 0
18481 0
18482 0
18483 0
18484 0
18485 0
18486 0
18487 0
18488 0
18489 0
18490 0
18491 0
18492 0
18493 0
18494 0
18495 0
18496 0
18497 0
18498 0
18499 0
18500 0
18501 0
18502 0
18503 0
18504 0
18505 0
18506 0
18507 0
18508 0
18509 0
18510 0
18511 0
18512 0
18513 0
18514 0
18515 0
18516 0
18517 0
18518 0
18519 0
18520 0
18521 0
18522 0
18523 0
18524 0
18525 0
18526 0
18527 0
18528 0
18529 0
18530 0
18531 0
18532 0
18533 0
18534 0
18535 0
18536 0
18537 0
18538 0
18539 0
18540 0
18541 0
18542 0
18543 0
18544 0
18545 0
18546 0
18547 0
18548 0
18549 0
18550 0
18551 0
18552 0
18553 0
18554 0
18555 0
18556 0
18557 0
18558 0
18559 0
18560 0
18561 0
18562 0
18563 0
18564 0
18565 0
18566 0
18567 0
18568 0
18569 0
18570 0
18571 0
18572 0
18573 0
18574 0
18575 0
18576 0
18577 0
18578 0
18579 0
18580 0
18581 0
18582 0
18583 0
18584 0
18585 0
18586 0
18587 0
18588 0
18589 0
18590 0
18591 0
18592 0
18593 0
18594 0
18595 0
18596 0
18597 0
18598 0
18599 0
18600 0
18601 0
18602 0
18603 0
18604 0
18605 0
18606 0
18607 0
18608 0
18609 0
18610 0
18611 0
18612 0
18613 0
18614 0
18615 0
18616 0
18617 0
18618 0
18619 0
18620 0
18621 0
18622 0
18623 0
18624 0
18625 0
18626 0
18627 0
18628 0
18629 0
18630 0
18631 0
18632 0
18633 0
18634 0
18635 0
18636 0
18637 0
18638 0
18639 0
18640 0
18641 0
18642 0
18643 0
18644 0
18645 0
18646 0
18647 0
18648 0
18649 0
18650 0
18651 0
18652 0
18653 0
18654 0
18655 0
18656 0
18657 0
18658 0
18659 0
18660 0
18661 0
18662 0
18663 0
18664 0
18665 0
18666 0
18667 0
18668 0
18669 0
18670 0
18671 0
18672 0
18673 0
18674 0
18675 0
18676 0
18677 0
18678 0
18679 0
18680 0
18681 0
18682 0
18683 0
18684 0
18685 0
18686 0
18687 0
18688 0
18689 0
18690 0
18691 0
18692 0
18693 0
18694 0
18695 0
18696 0
18697 0
18698 0
18699 0
18700 0
18701 0
18702 0
18703 0
18704 0
18705 0
18706 0
18707 0
18708 0
18709 0
18710 0
18711 0
18712 0
18713 0
18714 0
18715 0
18716 0
18717 0
18718 0
18719 0
18720 0
18721 0
18722 0
18723 0
18724 0
18725 0
18726 0
18727 0
18728 0
18729 0
18730 0
18731 0
18732 0
18733 0
18734 0
18735 0
18736 0
18737 0
18738 0
18739 0
18740 0
18741 0
18742 0
18743 0
18744 0
18745 0
18746 0
18747 0
18748 0
18749 0
18750 0
18751 0
18752 0
18753 0
18754 0
18755 0
18756 0
18757 0
18758 0
18759 0
18760 0
18761 0
18762 0
18763 0
18764 0
18765 0
18766 0
18767 0
18768 0
18769 0
18770 0
18771 0
18772 0
18773 0
18774 0
18775 0
18776 0
18777 0
18778 0
18779 0
18780 0
18781 0
18782 0
18783 0
18784 0
18785 0
18786 0
18787 0
18788 0
18789 0
18790 0
18791 0
18792 0
18793 0
18794 0
18795 0
18796 0
18797 0
18798 0
18799 0
18800 0
18801 0
18802 0
18803 0
18804 0
18805 0
18806 0
18807 0
18808 0
18809 0
18810 0
18811 0
18812 0
18813 0
18814 0
18815 0
18816 0
18817 0
18818 0
18819 0
18820 0
18821 0
18822 0
18823 0
18824 0
18825 0
18826 0
18827 0
18828 0
18829 0
18830 0
18831 0
18832 0
18833 0
18834 0
18835 0
18836 0
18837 0
18838 0
18839 0
18840 0
18841 0
18842 0
18843 0
18844 0
18845 0
18846 0
18847 0
18848 0
18849 0
18850 0
18851 0
18852 0
18853 0
18854 0
18855 0
18856 0
18857 0
18858 0
18859 0
18860 0
18861 0
18862 0
18863 0
18864 0
18865 0
18866 0
18867 0
18868 0
18869 0
18870 0
18871 0
18872 0
18873 0
18874 0
18875 0
18876 0
18877 0
18878 0
18879 0
18880 0
18881 0
18882 0
18883 0
18884 0
18885 0
18886 0
18887 0
18888 0
18889 0
18890 0
18891 0
18892 0
18893 0
18894 0
18895 0
18896 0
18897 0
18898 0
18899 0
18900 0
18901 0
18902 0
18903 0
18904 0
18905 0
18906 0
18907 0
18908 0
18909 0
18910 0
18911 0
18912 0
18913 0
18914 0
18915 0
18916 0
18917 0
18918 0
18919 0
18920 0
18921 0
18922 0
18923 0
18924 0
18925 0
18926 0
18927 0
18928 0
18929 0
18930 0
18931 0
18932 0
18933 0
18934 0
18935 0
18936 0
18937 0
18938 0
18939 0
18940 0
18941 0
18942 0
18943 0
18944 0
18945 0
18946 0
18947 0
18948 0
18949 0
18950 0
18951 0
18952 0
18953 0
18954 0
18955 0
18956 0
18957 0
18958 0
18959 0
18960 0
18961 0
18962 0
18963 0
18964 0
18965 0
18966 0
18967 0
18968 0
18969 0
18970 0
18971 0
18972 0
18973 0
18974 0
18975 0
18976 0
18977 0
18978 0
18979 0
18980 0
18981 0
18982 0
18983 0
18984 0
18985 0
18986 0
18987 0
18988 0
18989 0
18990 0
18991 0
18992 0
18993 0
18994 0
18995 0
18996 0
18997 0
18998 0
18999 0
19000 0
19001 0
19002 0
19003 0
19004 0
19005 0
19006 0
19007 0
19008 0
19009 0
19010 0
19011 0
19012 0
19013 0
19014 0
19015 0
19016 0
19017 0
19018 0
19019 0
19020 0
19021 0
19022 0
19023 0
19024 0
19025 0
19026 0
19027 0
19028 0
19029 0
19030 0
19031 0
19032 0
19033 0
19034 0
19035 0
19036 0
19037 0
19038 0
19039 0
19040 0
19041 0
19042 0
19043 0
19044 0
19045 0
19046 0
19047 0
19048 0
19049 0
19050 0
19051 0
19052 0
19053 0
19054 0
19055 0
19056 0
19057 0
19058 0
19059 0
19060 0
19061 0
19062 0
19063 0
19064 0
19065 0
19066 0
19067 0
19068 0
19069 0
19070 0
19071 0
19072 0
19073 0
19074 0
19075 0
19076 0
19077 0
19078 0
19079 0
19080 0
19081 0
19082 0
19083 0
19084 0
19085 0
19086 0
19087 0
19088 0
19089 0
19090 0
19091 0
19092 0
19093 0
19094 0
19095 0
19096 0
19097 0
19098 0
19099 0
19100 0
19101 0
19102 0
19103 0
19104 0
19105 0
19106 0
19107 0
19108 0
19109 0
19110 0
19111 0
19112 0
19113 0
19114 0
19115 0
19116 0
19117 0
19118 0
19119 0
19120 0
19121 0
19122 0
19123 0
19124 0
19125 0
19126 0
19127 0
19128 0
19129 0
19130 0
19131 0
19132 0
19133 0
19134 0
19135 0
19136 0
19137 0
19138 0
19139 0
19140 0
19141 0
19142 0
19143 0
19144 0
19145 0
19146 0
19147 0
19148 0
19149 0
19150 0
19151 0
19152 0
19153 0
19154 0
19155 0
19156 0
19157 0
19158 0
19159 0
19160 0
19161 0
19162 0
19163 0
19164 0
19165 0
19166 0
19167 0
19168 0
19169 0
19170 0
19171 0
19172 0
19173 0
19174 0
19175 0
19176 0
19177 0
19178 0
19179 0
19180 0
19181 0
19182 0
19183 0
19184 0
19185 0
19186 0
19187 0
19188 0
19189 0
19190 0
19191 0
19192 0
19193 0
19194 0
19195 0
19196 0
19197 0
19198 0
19199 0
19200 0
19201 0
19202 0
19203 0
19204 0
19205 0
19206 0
19207 0
19208 0
19209 0
19210 0
19211 0
19212 0
19213 0
19214 0
19215 0
19216 0
19217 0
19218 0
19219 0
19220 0
19221 0
19222 0
19223 0
19224 0
19225 0
19226 0
19227 0
19228 0
19229 0
19230 0
19231 0
19232 0
19233 0
19234 0
19235 0
19236 0
19237 0
19238 0
19239 0
19240 0
19241 0
19242 0
19243 0
19244 0
19245 0
19246 0
19247 0
19248 0
19249 0
19250 0
19251 0
19252 0
19253 0
19254 0
19255 0
19256 0
19257 0
19258 0
19259 0
19260 0
19261 0
19262 0
19263 0
19264 0
19265 0
19266 0
19267 0
19268 0
19269 0
19270 0
19271 0
19272 0
19273 0
19274 0
19275 0
19276 0
19277 0
19278 0
19279 0
19280 0
19281 0
19282 0
19283 0
19284 0
19285 0
19286 0
19287 0
19288 0
19289 0
19290 0
19291 0
19292 0
19293 0
19294 0
19295 0
19296 0
19297 0
19298 0
19299 0
19300 0
19301 0
19302 0
19303 0
19304 0
19305 0
19306 0
19307 0
19308 0
19309 0
19310 0
19311 0
19312 0
19313 0
19314 0
19315 0
19316 0
19317 0
19318 0
19319 0
19320 0
19321 0
19322 0
19323 0
19324 0
19325 0
19326 0
19327 0
19328 0
19329 0
19330 0
19331 0
19332 0
19333 0
19334 0
19335 0
19336 0
19337 0
19338 0
19339 0
19340 0
19341 0
19342 0
19343 0
19344 0
19345 0
19346 0
19347 0
19348 0
19349 0
19350 0
19351 0
19352 0
19353 0
19354 0
19355 0
19356 0
19357 0
19358 0
19359 0
19360 0
19361 0
19362 0
19363 0
19364 0
19365 0
19366 0
19367 0
19368 0
19369 0
19370 0
19371 0
19372 0
19373 0
19374 0
19375 0
19376 0
19377 0
19378 0
19379 0
19380 0
19381 0
19382 0
19383 0
19384 0
19385 0
19386 0
19387 0
19388 0
19389 0
19390 0
19391 0
19392 0
19393 0
19394 0
19395 0
19396 0
19397 0
19398 0
19399 0
19400 0
19401 0
19402 0
19403 0
19404 0
19405 0
19406 0
19407 0
19408 0
19409 0
19410 0
19411 0
19412 0
19413 0
19414 0
19415 0
19416 0
19417 0
19418 0
19419 0
19420 0
19421 0
19422 0
19423 0
19424 0
19425 0
19426 0
19427 0
19428 0
19429 0
19430 0
19431 0
19432 0
19433 0
19434 0
19435 0
19436 0
19437 0
19438 0
19439 0
19440 0
19441 0
19442 0
19443 0
19444 0
19445 0
19446 0
19447 0
19448 0
19449 0
19450 0
19451 0
19452 0
19453 0
19454 0
19455 0
19456 0
19457 0
19458 0
19459 0
19460 0
19461 0
19462 0
19463 0
19464 0
19465 0
19466 0
19467 0
19468 0
19469 0
19470 0
19471 0
19472 0
19473 0
19474 0
19475 0
19476 0
19477 0
19478 0
19479 0
19480 0
19481 0
19482 0
19483 0
19484 0
19485 0
19486 0
19487 0
19488 0
19489 0
19490 0
19491 0
19492 0
19493 0
19494 0
19495 0
19496 0
19497 0
19498 0
19499 0
19500 0
19501 0
19502 0
19503 0
19504 0
19505 0
19506 0
19507 0
19508 0
19509 0
19510 0
19511 0
19512 0
19513 0
19514 0
19515 0
19516 0
19517 0
19518 0
19519 0
19520 0
19521 0
19522 0
19523 0
19524 0
19525 0
19526 0
19527 0
19528 0
19529 0
19530 0
19531 0
19532 0
19533 0
19534 0
19535 0
19536 0
19537 0
19538 0
19539 0
19540 0
19541 0
19542 0
19543 0
19544 0
19545 0
19546 0
19547 0
19548 0
19549 0
19550 0
19551 0
19552 0
19553 0
19554 0
19555 0
19556 0
19557 0
19558 0
19559 0
19560 0
19561 0
19562 0
19563 0
19564 0
19565 0
19566 0
19567 0
19568 0
19569 0
19570 0
19571 0
19572 0
19573 0
19574 0
19575 0
19576 0
19577 0
19578 0
19579 0
19580 0
19581 0
19582 0
19583 0
19584 0
19585 0
19586 0
19587 0
19588 0
19589 0
19590 0
19591 0
19592 0
19593 0
19594 0
19595 0
19596 0
19597 0
19598 0
19599 0
19600 0
19601 0
19602 0
19603 0
19604 0
19605 0
19606 0
19607 0
19608 0
19609 0
19610 0
19611 0
19612 0
19613 0
19614 0
19615 0
19616 0
19617 0
19618 0
19619 0
19620 0
19621 0
19622 0
19623 0
19624 0
19625 0
19626 0
19627 0
19628 0
19629 0
19630 0
19631 0
19632 0
19633 0
19634 0
19635 0
19636 0
19637 0
19638 0
19639 0
19640 0
19641 0
19642 0
19643 0
19644 0
19645 0
19646 0
19647 0
19648 0
19649 0
19650 0
19651 0
19652 0
19653 0
19654 0
19655 0
19656 0
19657 0
19658 0
19659 0
19660 0
19661 0
19662 0
19663 0
19664 0
19665 0
19666 0
19667 0
19668 0
19669 0
19670 0
19671 0
19672 0
19673 0
19674 0
19675 0
19676 0
19677 0
19678 0
19679 0
19680 0
19681 0
19682 0
19683 0
19684 0
19685 0
19686 0
19687 0
19688 0
19689 0
19690 0
19691 0
19692 0
19693 0
19694 0
19695 0
19696 0
19697 0
19698 0
19699 0
19700 0
19701 0
19702 0
19703 0
19704 0
19705 0
19706 0
19707 0
19708 0
19709 0
19710 0
19711 0
19712 0
19713 0
19714 0
19715 0
19716 0
19717 0
19718 0
19719 0
19720 0
19721 0
19722 0
19723 0
19724 0
19725 0
19726 0
19727 0
19728 0
19729 0
19730 0
19731 0
19732 0
19733 0
19734 0
19735 0
19736 0
19737 0
19738 0
19739 0
19740 0
19741 0
19742 0
19743 0
19744 0
19745 0
19746 0
19747 0
19748 0
19749 0
19750 0
19751 0
19752 0
19753 0
19754 0
19755 0
19756 0
19757 0
19758 0
19759 0
19760 0
19761 0
19762 0
19763 0
19764 0
19765 0
19766 0
19767 0
19768 0
19769 0
19770 0
19771 0
19772 0
19773 0
19774 0
19775 0
19776 0
19777 0
19778 0
19779 0
19780 0
19781 0
19782 0
19783 0
19784 0
19785 0
19786 0
19787 0
19788 0
19789 0
19790 0
19791 0
19792 0
19793 0
19794 0
19795 0
19796 0
19797 0
19798 0
19799 0
19800 0
19801 0
19802 0
19803 0
19804 0
19805 0
19806 0
19807 0
19808 0
19809 0
19810 0
19811 0
19812 0
19813 0
19814 0
19815 0
19816 0
19817 0
19818 0
19819 0
19820 0
19821 0
19822 0
19823 0
19824 0
19825 0
19826 0
19827 0
19828 0
19829 0
19830 0
19831 0
19832 0
19833 0
19834 0
19835 0
19836 0
19837 0
19838 0
19839 0
19840 0
19841 0
19842 0
19843 0
19844 0
19845 0
19846 0
19847 0
19848 0
19849 0
19850 0
19851 0
19852 0
19853 0
19854 0
19855 0
19856 0
19857 0
19858 0
19859 0
19860 0
19861 0
19862 0
19863 0
19864 0
19865 0
19866 0
19867 0
19868 0
19869 0
19870 0
19871 0
19872 0
19873 0
19874 0
19875 0
19876 0
19877 0
19878 0
19879 0
19880 0
19881 0
19882 0
19883 0
19884 0
19885 0
19886 0
19887 0
19888 0
19889 0
19890 0
19891 0
19892 0
19893 0
19894 0
19895 0
19896 0
19897 0
19898 0
19899 0
19900 0
19901 0
19902 0
19903 0
19904 0
19905 0
19906 0
19907 0
19908 0
19909 0
19910 0
19911 0
19912 0
19913 0
19914 0
19915 0
19916 0
19917 0
19918 0
19919 0
19920 0
19921 0
19922 0
19923 0
19924 0
19925 0
19926 0
19927 0
19928 0
19929 0
19930 0
19931 0
19932 0
19933 0
19934 0
19935 0
19936 0
19937 0
19938 0
19939 0
19940 0
19941 0
19942 0
19943 0
19944 0
19945 0
19946 0
19947 0
19948 0
19949 0
19950 0
19951 0
19952 0
19953 0
19954 0
19955 0
19956 0
19957 0
19958 0
19959 0
19960 0
19961 0
19962 0
19963 0
19964 0
19965 0
19966 0
19967 0
19968 0
19969 0
19970 0
19971 0
19972 0
19973 0
19974 0
19975 0
19976 0
19977 0
19978 0
19979 0
19980 0
19981 0
19982 0
19983 0
19984 0
19985 0
19986 0
19987 0
19988 0
19989 0
19990 0
19991 0
19992 0
19993 0
19994 0
19995 0
19996 0
19997 0
19998 0
19999 0
20000 0
20001 0
20002 0
20003 0
20004 0
20005 0
20006 0
20007 0
20008 0
20009 0
20010 0
20011 0
20012 0
20013 0
20014 0
20015 0
20016 0
20017 0
20018 0
20019 0
20020 0
20021 0
20022 0
20023 0
20024 0
20025 0
20026 0
20027 0
20028 0
20029 0
20030 0
20031 0
20032 0
20033 0
20034 0
20035 0
20036 0
20037 0
20038 0
20039 0
20040 0
20041 0
20042 0
20043 0
20044 0
20045 0
20046 0
20047 0
20048 0
20049 0
20050 0
20051 0
20052 0
20053 0
20054 0
20055 0
20056 0
20057 0
20058 0
20059 0
20060 0
20061 0
20062 0
20063 0
20064 0
20065 0
20066 0
20067 0
20068 0
20069 0
20070 0
20071 0
20072 0
20073 0
20074 0
20075 0
20076 0
20077 0
20078 0
20079 0
20080 0
20081 0
20082 0
20083 0
20084 0
20085 0
20086 0
20087 0
20088 0
20089 0
20090 0
20091 0
20092 0
20093 0
20094 0
20095 0
20096 0
20097 0
20098 0
20099 0
20100 0
20101 0
20102 0
20103 0
20104 0
20105 0
20106 0
20107 0
20108 0
20109 0
20110 0
20111 0
20112 0
20113 0
20114 0
20115 0
20116 0
20117 0
20118 0
20119 0
20120 0
20121 0
20122 0
20123 0
20124 0
20125 0
20126 0
20127 0
20128 0
20129 0
20130 0
20131 0
20132 0
20133 0
20134 0
20135 0
20136 0
20137 0
20138 0
20139 0
20140 0
20141 0
20142 0
20143 0
20144 0
20145 0
20146 0
20147 0
20148 0
20149 0
20150 0
20151 0
20152 0
20153 0
20154 0
20155 0
20156 0
20157 0
20158 0
20159 0
20160 0
20161 0
20162 0
20163 0
20164 0
20165 0
20166 0
20167 0
20168 0
20169 0
20170 0
20171 0
20172 0
20173 0
20174 0
20175 0
20176 0
20177 0
20178 0
20179 0
20180 0
20181 0
20182 0
20183 0
20184 0
20185 0
20186 0
20187 0
20188 0
20189 0
20190 0
20191 0
20192 0
20193 0
20194 0
20195 0
20196 0
20197 0
20198 0
20199 0
20200 0
20201 0
20202 0
20203 0
20204 0
20205 0
20206 0
20207 0
20208 0
20209 0
20210 0
20211 0
20212 0
20213 0
20214 0
20215 0
20216 0
20217 0
20218 0
20219 0
20220 0
20221 0
20222 0
20223 0
20224 0
20225 0
20226 0
20227 0
20228 0
20229 0
20230 0
20231 0
20232 0
20233 0
20234 0
20235 0
20236 0
20237 0
20238 0
20239 0
20240 0
20241 0
20242 0
20243 0
20244 0
20245 0
20246 0
20247 0
20248 0
20249 0
20250 0
20251 0
20252 0
20253 0
20254 0
20255 0
20256 0
20257 0
20258 0
20259 0
20260 0
20261 0
20262 0
20263 0
20264 0
20265 0
20266 0
20267 0
20268 0
20269 0
20270 0
20271 0
20272 0
20273 0
20274 0
20275 0
20276 0
20277 0
20278 0
20279 0
20280 0
20281 0
20282 0
20283 0
20284 0
20285 0
20286 0
20287 0
20288 0
20289 0
20290 0
20291 0
20292 0
20293 0
20294 0
20295 0
20296 0
20297 0
20298 0
20299 0
20300 0
20301 0
20302 0
20303 0
20304 0
20305 0
20306 0
20307 0
20308 0
20309 0
20310 0
20311 0
20312 0
20313 0
20314 0
20315 0
20316 0
20317 0
20318 0
20319 0
20320 0
20321 0
20322 0
20323 0
20324 0
20325 0
20326 0
20327 0
20328 0
20329 0
20330 0
20331 0
20332 0
20333 0
20334 0
20335 0
20336 0
20337 0
20338 0
20339 0
20340 0
20341 0
20342 0
20343 0
20344 0
20345 0
20346 0
20347 0
20348 0
20349 0
20350 0
20351 0
20352 0
20353 0
20354 0
20355 0
20356 0
20357 0
20358 0
20359 0
20360 0
20361 0
20362 0
20363 0
20364 0
20365 0
20366 0
20367 0
20368 0
20369 0
20370 0
20371 0
20372 0
20373 0
20374 0
20375 0
20376 0
20377 0
20378 0
20379 0
20380 0
20381 0
20382 0
20383 0
20384 0
20385 0
20386 0
20387 0
20388 0
20389 0
20390 0
20391 0
20392 0
20393 0
20394 0
20395 0
20396 0
20397 0
20398 0
20399 0
20400 0
20401 0
20402 0
20403 0
20404 0
20405 0
20406 0
20407 0
20408 0
20409 0
20410 0
20411 0
20412 0
20413 0
20414 0
20415 0
20416 0
20417 0
20418 0
20419 0
20420 0
20421 0
20422 0
20423 0
20424 0
20425 0
20426 0
20427 0
20428 0
20429 0
20430 0
20431 0
20432 0
20433 0
20434 0
20435 0
20436 0
20437 0
20438 0
20439 0
20440 0
20441 0
20442 0
20443 0
20444 0
20445 0
20446 0
20447 0
20448 0
20449 0
20450 0
20451 0
20452 0
20453 0
20454 0
20455 0
20456 0
20457 0
20458 0
20459 0
20460 0
20461 0
20462 0
20463 0
20464 0
20465 0
20466 0
20467 0
20468 0
20469 0
20470 0
20471 0
20472 0
20473 0
20474 0
20475 0
20476 0
20477 0
20478 0
20479 0
20480 0
20481 0
20482 0
20483 0
20484 0
20485 0
20486 0
20487 0
20488 0
20489 0
20490 0
20491 0
20492 0
20493 0
20494 0
20495 0
20496 0
20497 0
20498 0
20499 0
20500 0
20501 0
20502 0
20503 0
20504 0
20505 0
20506 0
20507 0
20508 0
20509 0
20510 0
20511 0
20512 0
20513 0
20514 0
20515 0
20516 0
20517 0
20518 0
20519 0
20520 0
20521 0
20522 0
20523 0
20524 0
20525 0
20526 0
20527 0
20528 0
20529 0
20530 0
20531 0
20532 0
20533 0
20534 0
20535 0
20536 0
20537 0
20538 0
20539 0
20540 0
20541 0
20542 0
20543 0
20544 0
20545 0
20546 0
20547 0
20548 0
20549 0
20550 0
20551 0
20552 0
20553 0
20554 0
20555 0
20556 0
20557 0
20558 0
20559 0
20560 0
20561 0
20562 0
20563 0
20564 0
20565 0
20566 0
20567 0
20568 0
20569 0
20570 0
20571 0
20572 0
20573 0
20574 0
20575 0
20576 0
20577 0
20578 0
20579 0
20580 0
20581 0
20582 0
20583 0
20584 0
20585 0
20586 0
20587 0
20588 0
20589 0
20590 0
20591 0
20592 0
20593 0
20594 0
20595 0
20596 0
20597 0
20598 0
20599 0
20600 0
20601 0
20602 0
20603 0
20604 0
20605 0
20606 0
20607 0
20608 0
20609 0
20610 0
20611 0
20612 0
20613 0
20614 0
20615 0
20616 0
20617 0
20618 0
20619 0
20620 0
20621 0
20622 0
20623 0
20624 0
20625 0
20626 0
20627 0
20628 0
20629 0
20630 0
20631 0
20632 0
20633 0
20634 0
20635 0
20636 0
20637 0
20638 0
20639 0
20640 0
20641 0
20642 0
20643 0
20644 0
20645 0
20646 0
20647 0
20648 0
20649 0
20650 0
20651 0
20652 0
20653 0
20654 0
20655 0
20656 0
20657 0
20658 0
20659 0
20660 0
20661 0
20662 0
20663 0
20664 0
20665 0
20666 0
20667 0
20668 0
20669 0
20670 0
20671 0
20672 0
20673 0
20674 0
20675 0
20676 0
20677 0
20678 0
20679 0
20680 0
20681 0
20682 0
20683 0
20684 0
20685 0
20686 0
20687 0
20688 0
20689 0
20690 0
20691 0
20692 0
20693 0
20694 0
20695 0
20696 0
20697 0
20698 0
20699 0
20700 0
20701 0
20702 0
20703 0
20704 0
20705 0
20706 0
20707 0
20708 0
20709 0
20710 0
20711 0
20712 0
20713 0
20714 0
20715 0
20716 0
20717 0
20718 0
20719 0
20720 0
20721 0
20722 0
20723 0
20724 0
20725 0
20726 0
20727 0
20728 0
20729 0
20730 0
20731 0
20732 0
20733 0
20734 0
20735 0
20736 0
20737 0
20738 0
20739 0
20740 0
20741 0
20742 0
20743 0
20744 0
20745 0
20746 0
20747 0
20748 0
20749 0
20750 0
20751 0
20752 0
20753 0
20754 0
20755 0
20756 0
20757 0
20758 0
20759 0
20760 0
20761 0
20762 0
20763 0
20764 0
20765 0
20766 0
20767 0
20768 0
20769 0
20770 0
20771 0
20772 0
20773 0
20774 0
20775 0
20776 0
20777 0
20778 0
20779 0
20780 0
20781 0
20782 0
20783 0
20784 0
20785 0
20786 0
20787 0
20788 0
20789 0
20790 0
20791 0
20792 0
20793 0
20794 0
20795 0
20796 0
20797 0
20798 0
20799 0
20800 0
20801 0
20802 0
20803 0
20804 0
20805 0
20806 0
20807 0
20808 0
20809 0
20810 0
20811 0
20812 0
20813 0
20814 0
20815 0
20816 0
20817 0
20818 0
20819 0
20820 0
20821 0
20822 0
20823 0
20824 0
20825 0
20826 0
20827 0
20828 0
20829 0
20830 0
20831 0
20832 0
20833 0
20834 0
20835 0
20836 0
20837 0
20838 0
20839 0
20840 0
20841 0
20842 0
20843 0
20844 0
20845 0
20846 0
20847 0
20848 0
20849 0
20850 0
20851 0
20852 0
20853 0
20854 0
20855 0
20856 0
20857 0
20858 0
20859 0
20860 0
20861 0
20862 0
20863 0
20864 0
20865 0
20866 0
20867 0
20868 0
20869 0
20870 0
20871 0
20872 0
20873 0
20874 0
20875 0
20876 0
20877 0
20878 0
20879 0
20880 0
20881 0
20882 0
20883 0
20884 0
20885 0
20886 0
20887 0
20888 0
20889 0
20890 0
20891 0
20892 0
20893 0
20894 0
20895 0
20896 0
20897 0
20898 0
20899 0
20900 0
20901 0
20902 0
20903 0
20904 0
20905 0
20906 0
20907 0
20908 0
20909 0
20910 0
20911 0
20912 0
20913 0
20914 0
20915 0
20916 0
20917 0
20918 0
20919 0
20920 0
20921 0
20922 0
20923 0
20924 0
20925 0
20926 0
20927 0
20928 0
20929 0
20930 0
20931 0
20932 0
20933 0
20934 0
20935 0
20936 0
20937 0
20938 0
20939 0
20940 0
20941 0
20942 0
20943 0
20944 0
20945 0
20946 0
20947 0
20948 0
20949 0
20950 0
20951 0
20952 0
20953 0
20954 0
20955 0
20956 0
20957 0
20958 0
20959 0
20960 0
20961 0
20962 0
20963 0
20964 0
20965 0
20966 0
20967 0
20968 0
20969 0
20970 0
20971 0
20972 0
20973 0
20974 0
20975 0
20976 0
20977 0
20978 0
20979 0
20980 0
20981 0
20982 0
20983 0
20984 0
20985 0
20986 0
20987 0
20988 0
20989 0
20990 0
20991 0
20992 0
20993 0
20994 0
20995 0
20996 0
20997 0
20998 0
20999 0
21000 0
21001 0
21002 0
21003 0
21004 0
21005 0
21006 0
21007 0
21008 0
21009 0
21010 0
21011 0
21012 0
21013 0
21014 0
21015 0
21016 0
21017 0
21018 0
21019 0
21020 0
21021 0
21022 0
21023 0
21024 0
21025 0
21026 0
21027 0
21028 0
21029 0
21030 0
21031 0
21032 0
21033 0
21034 0
21035 0
21036 0
21037 0
21038 0
21039 0
21040 0
21041 0
21042 0
21043 0
21044 0
21045 0
21046 0
21047 0
21048 0
21049 0
21050 0
21051 0
21052 0
21053 0
21054 0
21055 0
21056 0
21057 0
21058 0
21059 0
21060 0
21061 0
21062 0
21063 0
21064 0
21065 0
21066 0
21067 0
21068 0
21069 0
21070 0
21071 0
21072 0
21073 0
21074 0
21075 0
21076 0
21077 0
21078 0
21079 0
21080 0
21081 0
21082 0
21083 0
21084 0
21085 0
21086 0
21087 0
21088 0
21089 0
21090 0
21091 0
21092 0
21093 0
21094 0
21095 0
21096 0
21097 0
21098 0
21099 0
21100 0
21101 0
21102 0
21103 0
21104 0
21105 0
21106 0
21107 0
21108 0
21109 0
21110 0
21111 0
21112 0
21113 0
21114 0
21115 0
21116 0
21117 0
21118 0
21119 0
21120 0
21121 0
21122 0
21123 0
21124 0
21125 0
21126 0
21127 0
21128 0
21129 0
21130 0
21131 0
21132 0
21133 0
21134 0
21135 0
21136 0
21137 0
21138 0
21139 0
21140 0
21141 0
21142 0
21143 0
21144 0
21145 0
21146 0
21147 0
21148 0
21149 0
21150 0
21151 0
21152 0
21153 0
21154 0
21155 0
21156 0
21157 0
21158 0
21159 0
21160 0
21161 0
21162 0
21163 0
21164 0
21165 0
21166 0
21167 0
21168 0
21169 0
21170 0
21171 0
21172 0
21173 0
21174 0
21175 0
21176 0
21177 0
21178 0
21179 0
21180 0
21181 0
21182 0
21183 0
21184 0
21185 0
21186 0
21187 0
21188 0
21189 0
21190 0
21191 0
21192 0
21193 0
21194 0
21195 0
21196 0
21197 0
21198 0
21199 0
21200 0
21201 0
21202 0
21203 0
21204 0
21205 0
21206 0
21207 0
21208 0
21209 0
21210 0
21211 0
21212 0
21213 0
21214 0
21215 0
21216 0
21217 0
21218 0
21219 0
21220 0
21221 0
21222 0
21223 0
21224 0
21225 0
21226 0
21227 0
21228 0
21229 0
21230 0
21231 0
21232 0
21233 0
21234 0
21235 0
21236 0
21237 0
21238 0
21239 0
21240 0
21241 0
21242 0
21243 0
21244 0
21245 0
21246 0
21247 0
21248 0
21249 0
21250 0
21251 0
21252 0
21253 0
21254 0
21255 0
21256 0
21257 0
21258 0
21259 0
21260 0
21261 0
21262 0
21263 0
21264 0
21265 0
21266 0
21267 0
21268 0
21269 0
21270 0
21271 0
21272 0
21273 0
21274 0
21275 0
21276 0
21277 0
21278 0
21279 0
21280 0
21281 0
21282 0
21283 0
21284 0
21285 0
21286 0
21287 0
21288 0
21289 0
21290 0
21291 0
21292 0
21293 0
21294 0
21295 0
21296 0
21297 0
21298 0
21299 0
21300 0
21301 0
21302 0
21303 0
21304 0
21305 0
21306 0
21307 0
21308 0
21309 0
21310 0
21311 0
21312 0
21313 0
21314 0
21315 0
21316 0
21317 0
21318 0
21319 0
21320 0
21321 0
21322 0
21323 0
21324 0
21325 0
21326 0
21327 0
21328 0
21329 0
21330 0
21331 0
21332 0
21333 0
21334 0
21335 0
21336 0
21337 0
21338 0
21339 0
21340 0
21341 0
21342 0
21343 0
21344 0
21345 0
21346 0
21347 0
21348 0
21349 0
21350 0
21351 0
21352 0
21353 0
21354 0
21355 0
21356 0
21357 0
21358 0
21359 0
21360 0
21361 0
21362 0
21363 0
21364 0
21365 0
21366 0
21367 0
21368 0
21369 0
21370 0
21371 0
21372 0
21373 0
21374 0
21375 0
21376 0
21377 0
21378 0
21379 0
21380 0
21381 0
21382 0
21383 0
21384 0
21385 0
21386 0
21387 0
21388 0
21389 0
21390 0
21391 0
21392 0
21393 0
21394 0
21395 0
21396 0
21397 0
21398 0
21399 0
21400 0
21401 0
21402 0
21403 0
21404 0
21405 0
21406 0
21407 0
21408 0
21409 0
21410 0
21411 0
21412 0
21413 0
21414 0
21415 0
21416 0
21417 0
21418 0
21419 0
21420 0
21421 0
21422 0
21423 0
21424 0
21425 0
21426 0
21427 0
21428 0
21429 0
21430 0
21431 0
21432 0
21433 0
21434 0
21435 0
21436 0
21437 0
21438 0
21439 0
21440 0
21441 0
21442 0
21443 0
21444 0
21445 0
21446 0
21447 0
21448 0
21449 0
21450 0
21451 0
21452 0
21453 0
21454 0
21455 0
21456 0
21457 0
21458 0
21459 0
21460 0
21461 0
21462 0
21463 0
21464 0
21465 0
21466 0
21467 0
21468 0
21469 0
21470 0
21471 0
21472 0
21473 0
21474 0
21475 0
21476 0
21477 0
21478 0
21479 0
21480 0
21481 0
21482 0
21483 0
21484 0
21485 0
21486 0
21487 0
21488 0
21489 0
21490 0
21491 0
21492 0
21493 0
21494 0
21495 0
21496 0
21497 0
21498 0
21499 0
21500 0
21501 0
21502 0
21503 0
21504 0
21505 0
21506 0
21507 0
21508 0
21509 0
21510 0
21511 0
21512 0
21513 0
21514 0
21515 0
21516 0
21517 0
21518 0
21519 0
21520 0
21521 0
21522 0
21523 0
21524 0
21525 0
21526 0
21527 0
21528 0
21529 0
21530 0
21531 0
21532 0
21533 0
21534 0
21535 0
21536 0
21537 0
21538 0
21539 0
21540 0
21541 0
21542 0
21543 0
21544 0
21545 0
21546 0
21547 0
21548 0
21549 0
21550 0
21551 0
21552 0
21553 0
21554 0
21555 0
21556 0
21557 0
21558 0
21559 0
21560 0
21561 0
21562 0
21563 0
21564 0
21565 0
21566 0
21567 0
21568 0
21569 0
21570 0
21571 0
21572 0
21573 0
21574 0
21575 0
21576 0
21577 0
21578 0
21579 0
21580 0
21581 0
21582 0
21583 0
21584 0
21585 0
21586 0
21587 0
21588 0
21589 0
21590 0
21591 0
21592 0
21593 0
21594 0
21595 0
21596 0
21597 0
21598 0
21599 0
21600 0
21601 0
21602 0
21603 0
21604 0
21605 0
21606 0
21607 0
21608 0
21609 0
21610 0
21611 0
21612 0
21613 0
21614 0
21615 0
21616 0
21617 0
21618 0
21619 0
21620 0
21621 0
21622 0
21623 0
21624 0
21625 0
21626 0
21627 0
21628 0
21629 0
21630 0
21631 0
21632 0
21633 0
21634 0
21635 0
21636 0
21637 0
21638 0
21639 0
21640 0
21641 0
21642 0
21643 0
21644 0
21645 0
21646 0
21647 0
21648 0
21649 0
21650 0
21651 0
21652 0
21653 0
21654 0
21655 0
21656 0
21657 0
21658 0
21659 0
21660 0
21661 0
21662 0
21663 0
21664 0
21665 0
21666 0
21667 0
21668 0
21669 0
21670 0
21671 0
21672 0
21673 0
21674 0
21675 0
21676 0
21677 0
21678 0
21679 0
21680 0
21681 0
21682 0
21683 0
21684 0
21685 0
21686 0
21687 0
21688 0
21689 0
21690 0
21691 0
21692 0
21693 0
21694 0
21695 0
21696 0
21697 0
21698 0
21699 0
21700 0
21701 0
21702 0
21703 0
21704 0
21705 0
21706 0
21707 0
21708 0
21709 0
21710 0
21711 0
21712 0
21713 0
21714 0
21715 0
21716 0
21717 0
21718 0
21719 0
21720 0
21721 0
21722 0
21723 0
21724 0
21725 0
21726 0
21727 0
21728 0
21729 0
21730 0
21731 0
21732 0
21733 0
21734 0
21735 0
21736 0
21737 0
21738 0
21739 0
21740 0
21741 0
21742 0
21743 0
21744 0
21745 0
21746 0
21747 0
21748 0
21749 0
21750 0
21751 0
21752 0
21753 0
21754 0
21755 0
21756 0
21757 0
21758 0
21759 0
21760 0
21761 0
21762 0
21763 0
21764 0
21765 0
21766 0
21767 0
21768 0
21769 0
21770 0
21771 0
21772 0
21773 0
21774 0
21775 0
21776 0
21777 0
21778 0
21779 0
21780 0
21781 0
21782 0
21783 0
21784 0
21785 0
21786 0
21787 0
21788 0
21789 0
21790 0
21791 0
21792 0
21793 0
21794 0
21795 0
21796 0
21797 0
21798 0
21799 0
21800 0
21801 0
21802 0
21803 0
21804 0
21805 0
21806 0
21807 0
21808 0
21809 0
21810 0
21811 0
21812 0
21813 0
21814 0
21815 0
21816 0
21817 0
21818 0
21819 0
21820 0
21821 0
21822 0
21823 0
21824 0
21825 0
21826 0
21827 0
21828 0
21829 0
21830 0
21831 0
21832 0
21833 0
21834 0
21835 0
21836 0
21837 0
21838 0
21839 0
21840 0
21841 0
21842 0
21843 0
21844 0
21845 0
21846 0
21847 0
21848 0
21849 0
21850 0
21851 0
21852 0
21853 0
21854 0
21855 0
21856 0
21857 0
21858 0
21859 0
21860 0
21861 0
21862 0
21863 0
21864 0
21865 0
21866 0
21867 0
21868 0
21869 0
21870 0
21871 0
21872 0
21873 0
21874 0
21875 0
21876 0
21877 0
21878 0
21879 0
21880 0
21881 0
21882 0
21883 0
21884 0
21885 0
21886 0
21887 0
21888 0
21889 0
21890 0
21891 0
21892 0
21893 0
21894 0
21895 0
21896 0
21897 0
21898 0
21899 0
21900 0
21901 0
21902 0
21903 0
21904 0
21905 0
21906 0
21907 0
21908 0
21909 0
21910 0
21911 0
21912 0
21913 0
21914 0
21915 0
21916 0
21917 0
21918 0
21919 0
21920 0
21921 0
21922 0
21923 0
21924 0
21925 0
21926 0
21927 0
21928 0
21929 0
21930 0
21931 0
21932 0
21933 0
21934 0
21935 0
21936 0
21937 0
21938 0
21939 0
21940 0
21941 0
21942 0
21943 0
21944 0
21945 0
21946 0
21947 0
21948 0
21949 0
21950 0
21951 0
21952 0
21953 0
21954 0
21955 0
21956 0
21957 0
21958 0
21959 0
21960 0
21961 0
21962 0
21963 0
21964 0
21965 0
21966 0
21967 0
21968 0
21969 0
21970 0
21971 0
21972 0
21973 0
21974 0
21975 0
21976 0
21977 0
21978 0
21979 0
21980 0
21981 0
21982 0
21983 0
21984 0
21985 0
21986 0
21987 0
21988 0
21989 0
21990 0
21991 0
21992 0
21993 0
21994 0
21995 0
21996 0
21997 0
21998 0
21999 0
22000 0
22001 0
22002 0
22003 0
22004 0
22005 0
22006 0
22007 0
22008 0
22009 0
22010 0
22011 0
22012 0
22013 0
22014 0
22015 0
22016 0
22017 0
22018 0
22019 0
22020 0
22021 0
22022 0
22023 0
22024 0
22025 0
22026 0
22027 0
22028 0
22029 0
22030 0
22031 0
22032 0
22033 0
22034 0
22035 0
22036 0
22037 0
22038 0
22039 0
22040 0
22041 0
22042 0
22043 0
22044 0
22045 0
22046 0
22047 0
22048 0
22049 0
22050 0
22051 0
22052 0
22053 0
22054 0
22055 0
22056 0
22057 0
22058 0
22059 0
22060 0
22061 0
22062 0
22063 0
22064 0
22065 0
22066 0
22067 0
22068 0
22069 0
22070 0
22071 0
22072 0
22073 0
22074 0
22075 0
22076 0
22077 0
22078 0
22079 0
22080 0
22081 0
22082 0
22083 0
22084 0
22085 0
22086 0
22087 0
22088 0
22089 0
22090 0
22091 0
22092 0
22093 0
22094 0
22095 0
22096 0
22097 0
22098 0
22099 0
22100 0
22101 0
22102 0
22103 0
22104 0
22105 0
22106 0
22107 0
22108 0
22109 0
22110 0
22111 0
22112 0
22113 0
22114 0
22115 0
22116 0
22117 0
22118 0
22119 0
22120 0
22121 0
22122 0
22123 0
22124 0
22125 0
22126 0
22127 0
22128 0
22129 0
22130 0
22131 0
22132 0
22133 0
22134 0
22135 0
22136 0
22137 0
22138 0
22139 0
22140 0
22141 0
22142 0
22143 0
22144 0
22145 0
22146 0
22147 0
22148 0
22149 0
22150 0
22151 0
22152 0
22153 0
22154 0
22155 0
22156 0
22157 0
22158 0
22159 0
22160 0
22161 0
22162 0
22163 0
22164 0
22165 0
22166 0
22167 0
22168 0
22169 0
22170 0
22171 0
22172 0
22173 0
22174 0
22175 0
22176 0
22177 0
22178 0
22179 0
22180 0
22181 0
22182 0
22183 0
22184 0
22185 0
22186 0
22187 0
22188 0
22189 0
22190 0
22191 0
22192 0
22193 0
22194 0
22195 0
22196 0
22197 0
22198 0
22199 0
22200 0
22201 0
22202 0
22203 0
22204 0
22205 0
22206 0
22207 0
22208 0
22209 0
22210 0
22211 0
22212 0
22213 0
22214 0
22215 0
22216 0
22217 0
22218 0
22219 0
22220 0
22221 0
22222 0
22223 0
22224 0
22225 0
22226 0
22227 0
22228 0
22229 0
22230 0
22231 0
22232 0
22233 0
22234 0
22235 0
22236 0
22237 0
22238 0
22239 0
22240 0
22241 0
22242 0
22243 0
22244 0
22245 0
22246 0
22247 0
22248 0
22249 0
22250 0
22251 0
22252 0
22253 0
22254 0
22255 0
22256 0
22257 0
22258 0
22259 0
22260 0
22261 0
22262 0
22263 0
22264 0
22265 0
22266 0
22267 0
22268 0
22269 0
22270 0
22271 0
22272 0
22273 0
22274 0
22275 0
22276 0
22277 0
22278 0
22279 0
22280 0
22281 0
22282 0
22283 0
22284 0
22285 0
22286 0
22287 0
22288 0
22289 0
22290 0
22291 0
22292 0
22293 0
22294 0
22295 0
22296 0
22297 0
22298 0
22299 0
22300 0
22301 0
22302 0
22303 0
22304 0
22305 0
22306 0
22307 0
22308 0
22309 0
22310 0
22311 0
22312 0
22313 0
22314 0
22315 0
22316 0
22317 0
22318 0
22319 0
22320 0
22321 0
22322 0
22323 0
22324 0
22325 0
22326 0
22327 0
22328 0
22329 0
22330 0
22331 0
22332 0
22333 0
22334 0
22335 0
22336 0
22337 0
22338 0
22339 0
22340 0
22341 0
22342 0
22343 0
22344 0
22345 0
22346 0
22347 0
22348 0
22349 0
22350 0
22351 0
22352 0
22353 0
22354 0
22355 0
22356 0
22357 0
22358 0
22359 0
22360 0
22361 0
22362 0
22363 0
22364 0
22365 0
22366 0
22367 0
22368 0
22369 0
22370 0
22371 0
22372 0
22373 0
22374 0
22375 0
22376 0
22377 0
22378 0
22379 0
22380 0
22381 0
22382 0
22383 0
22384 0
22385 0
22386 0
22387 0
22388 0
22389 0
22390 0
22391 0
22392 0
22393 0
22394 0
22395 0
22396 0
22397 0
22398 0
22399 0
22400 0
22401 0
22402 0
22403 0
22404 0
22405 0
22406 0
22407 0
22408 0
22409 0
22410 0
22411 0
22412 0
22413 0
22414 0
22415 0
22416 0
22417 0
22418 0
22419 0
22420 0
22421 0
22422 0
22423 0
22424 0
22425 0
22426 0
22427 0
22428 0
22429 0
22430 0
22431 0
22432 0
22433 0
22434 0
22435 0
22436 0
22437 0
22438 0
22439 0
22440 0
22441 0
22442 0
22443 0
22444 0
22445 0
22446 0
22447 0
22448 0
22449 0
22450 0
22451 0
22452 0
22453 0
22454 0
22455 0
22456 0
22457 0
22458 0
22459 0
22460 0
22461 0
22462 0
22463 0
22464 0
22465 0
22466 0
22467 0
22468 0
22469 0
22470 0
22471 0
22472 0
22473 0
22474 0
22475 0
22476 0
22477 0
22478 0
22479 0
22480 0
22481 0
22482 0
22483 0
22484 0
22485 0
22486 0
22487 0
22488 0
22489 0
22490 0
22491 0
22492 0
22493 0
22494 0
22495 0
22496 0
22497 0
22498 0
22499 0
22500 0
22501 0
22502 0
22503 0
22504 0
22505 0
22506 0
22507 0
22508 0
22509 0
22510 0
22511 0
22512 0
22513 0
22514 0
22515 0
22516 0
22517 0
22518 0
22519 0
22520 0
22521 0
22522 0
22523 0
22524 0
22525 0
22526 0
22527 0
22528 0
22529 0
22530 0
22531 0
22532 0
22533 0
22534 0
22535 0
22536 0
22537 0
22538 0
22539 0
22540 0
22541 0
22542 0
22543 0
22544 0
22545 0
22546 0
22547 0
22548 0
22549 0
22550 0
22551 0
22552 0
22553 0
22554 0
22555 0
22556 0
22557 0
22558 0
22559 0
22560 0
22561 0
22562 0
22563 0
22564 0
22565 0
22566 0
22567 0
22568 0
22569 0
22570 0
22571 0
22572 0
22573 0
22574 0
22575 0
22576 0
22577 0
22578 0
22579 0
22580 0
22581 0
22582 0
22583 0
22584 0
22585 0
22586 0
22587 0
22588 0
22589 0
22590 0
22591 0
22592 0
22593 0
22594 0
22595 0
22596 0
22597 0
22598 0
22599 0
22600 0
22601 0
22602 0
22603 0
22604 0
22605 0
22606 0
22607 0
22608 0
22609 0
22610 0
22611 0
22612 0
22613 0
22614 0
22615 0
22616 0
22617 0
22618 0
22619 0
22620 0
22621 0
22622 0
22623 0
22624 0
22625 0
22626 0
22627 0
22628 0
22629 0
22630 0
22631 0
22632 0
22633 0
22634 0
22635 0
22636 0
22637 0
22638 0
22639 0
22640 0
22641 0
22642 0
22643 0
22644 0
22645 0
22646 0
22647 0
22648 0
22649 0
22650 0
22651 0
22652 0
22653 0
22654 0
22655 0
22656 0
22657 0
22658 0
22659 0
22660 0
22661 0
22662 0
22663 0
22664 0
22665 0
22666 0
22667 0
22668 0
22669 0
22670 0
22671 0
22672 0
22673 0
22674 0
22675 0
22676 0
22677 0
22678 0
22679 0
22680 0
22681 0
22682 0
22683 0
22684 0
22685 0
22686 0
22687 0
22688 0
22689 0
22690 0
22691 0
22692 0
22693 0
22694 0
22695 0
22696 0
22697 0
22698 0
22699 0
22700 0
22701 0
22702 0
22703 0
22704 0
22705 0
22706 0
22707 0
22708 0
22709 0
22710 0
22711 0
22712 0
22713 0
22714 0
22715 0
22716 0
22717 0
22718 0
22719 0
22720 0
22721 0
22722 0
22723 0
22724 0
22725 0
22726 0
22727 0
22728 0
22729 0
22730 0
22731 0
22732 0
22733 0
22734 0
22735 0
22736 0
22737 0
22738 0
22739 0
22740 0
22741 0
22742 0
22743 0
22744 0
22745 0
22746 0
22747 0
22748 0
22749 0
22750 0
22751 0
22752 0
22753 0
22754 0
22755 0
22756 0
22757 0
22758 0
22759 0
22760 0
22761 0
22762 0
22763 0
22764 0
22765 0
22766 0
22767 0
22768 0
22769 0
22770 0
22771 0
22772 0
22773 0
22774 0
22775 0
22776 0
22777 0
22778 0
22779 0
22780 0
22781 0
22782 0
22783 0
22784 0
22785 0
22786 0
22787 0
22788 0
22789 0
22790 0
22791 0
22792 0
22793 0
22794 0
22795 0
22796 0
22797 0
22798 0
22799 0
22800 0
22801 0
22802 0
22803 0
22804 0
22805 0
22806 0
22807 0
22808 0
22809 0
22810 0
22811 0
22812 0
22813 0
22814 0
22815 0
22816 0
22817 0
22818 0
22819 0
22820 0
22821 0
22822 0
22823 0
22824 0
22825 0
22826 0
22827 0
22828 0
22829 0
22830 0
22831 0
22832 0
22833 0
22834 0
22835 0
22836 0
22837 0
22838 0
22839 0
22840 0
22841 0
22842 0
22843 0
22844 0
22845 0
22846 0
22847 0
22848 0
22849 0
22850 0
22851 0
22852 0
22853 0
22854 0
22855 0
22856 0
22857 0
22858 0
22859 0
22860 0
22861 0
22862 0
22863 0
22864 0
22865 0
22866 0
22867 0
22868 0
22869 0
22870 0
22871 0
22872 0
22873 0
22874 0
22875 0
22876 0
22877 0
22878 0
22879 0
22880 0
22881 0
22882 0
22883 0
22884 0
22885 0
22886 0
22887 0
22888 0
22889 0
22890 0
22891 0
22892 0
22893 0
22894 0
22895 0
22896 0
22897 0
22898 0
22899 0
22900 0
22901 0
22902 0
22903 0
22904 0
22905 0
22906 0
22907 0
22908 0
22909 0
22910 0
22911 0
22912 0
22913 0
22914 0
22915 0
22916 0
22917 0
22918 0
22919 0
22920 0
22921 0
22922 0
22923 0
22924 0
22925 0
22926 0
22927 0
22928 0
22929 0
22930 0
22931 0
22932 0
22933 0
22934 0
22935 0
22936 0
22937 0
22938 0
22939 0
22940 0
22941 0
22942 0
22943 0
22944 0
22945 0
22946 0
22947 0
22948 0
22949 0
22950 0
22951 0
22952 0
22953 0
22954 0
22955 0
22956 0
22957 0
22958 0
22959 0
22960 0
22961 0
22962 0
22963 0
22964 0
22965 0
22966 0
22967 0
22968 0
22969 0
22970 0
22971 0
22972 0
22973 0
22974 0
22975 0
22976 0
22977 0
22978 0
22979 0
22980 0
22981 0
22982 0
22983 0
22984 0
22985 0
22986 0
22987 0
22988 0
22989 0
22990 0
22991 0
22992 0
22993 0
22994 0
22995 0
22996 0
22997 0
22998 0
22999 0
23000 0
23001 0
23002 0
23003 0
23004 0
23005 0
23006 0
23007 0
23008 0
23009 0
23010 0
23011 0
23012 0
23013 0
23014 0
23015 0
23016 0
23017 0
23018 0
23019 0
23020 0
23021 0
23022 0
23023 0
23024 0
23025 0
23026 0
23027 0
23028 0
23029 0
23030 0
23031 0
23032 0
23033 0
23034 0
23035 0
23036 0
23037 0
23038 0
23039 0
23040 0
23041 0
23042 0
23043 0
23044 0
23045 0
23046 0
23047 0
23048 0
23049 0
23050 0
23051 0
23052 0
23053 0
23054 0
23055 0
23056 0
23057 0
23058 0
23059 0
23060 0
23061 0
23062 0
23063 0
23064 0
23065 0
23066 0
23067 0
23068 0
23069 0
23070 0
23071 0
23072 0
23073 0
23074 0
23075 0
23076 0
23077 0
23078 0
23079 0
23080 0
23081 0
23082 0
23083 0
23084 0
23085 0
23086 0
23087 0
23088 0
23089 0
23090 0
23091 0
23092 0
23093 0
23094 0
23095 0
23096 0
23097 0
23098 0
23099 0
23100 0
23101 0
23102 0
23103 0
23104 0
23105 0
23106 0
23107 0
23108 0
23109 0
23110 0
23111 0
23112 0
23113 0
23114 0
23115 0
23116 0
23117 0
23118 0
23119 0
23120 0
23121 0
23122 0
23123 0
23124 0
23125 0
23126 0
23127 0
23128 0
23129 0
23130 0
23131 0
23132 0
23133 0
23134 0
23135 0
23136 0
23137 0
23138 0
23139 0
23140 0
23141 0
23142 0
23143 0
23144 0
23145 0
23146 0
23147 0
23148 0
23149 0
23150 0
23151 0
23152 0
23153 0
23154 0
23155 0
23156 0
23157 0
23158 0
23159 0
23160 0
23161 0
23162 0
23163 0
23164 0
23165 0
23166 0
23167 0
23168 0
23169 0
23170 0
23171 0
23172 0
23173 0
23174 0
23175 0
23176 0
23177 0
23178 0
23179 0
23180 0
23181 0
23182 0
23183 0
23184 0
23185 0
23186 0
23187 0
23188 0
23189 0
23190 0
23191 0
23192 0
23193 0
23194 0
23195 0
23196 0
23197 0
23198 0
23199 0
23200 0
23201 0
23202 0
23203 0
23204 0
23205 0
23206 0
23207 0
23208 0
23209 0
23210 0
23211 0
23212 0
23213 0
23214 0
23215 0
23216 0
23217 0
23218 0
23219 0
23220 0
23221 0
23222 0
23223 0
23224 0
23225 0
23226 0
23227 0
23228 0
23229 0
23230 0
23231 0
23232 0
23233 0
23234 0
23235 0
23236 0
23237 0
23238 0
23239 0
23240 0
23241 0
23242 0
23243 0
23244 0
23245 0
23246 0
23247 0
23248 0
23249 0
23250 0
23251 0
23252 0
23253 0
23254 0
23255 0
23256 0
23257 0
23258 0
23259 0
23260 0
23261 0
23262 0
23263 0
23264 0
23265 0
23266 0
23267 0
23268 0
23269 0
23270 0
23271 0
23272 0
23273 0
23274 0
23275 0
23276 0
23277 0
23278 0
23279 0
23280 0
23281 0
23282 0
23283 0
23284 0
23285 0
23286 0
23287 0
23288 0
23289 0
23290 0
23291 0
23292 0
23293 0
23294 0
23295 0
23296 0
23297 0
23298 0
23299 0
23300 0
23301 0
23302 0
23303 0
23304 0
23305 0
23306 0
23307 0
23308 0
23309 0
23310 0
23311 0
23312 0
23313 0
23314 0
23315 0
23316 0
23317 0
23318 0
23319 0
23320 0
23321 0
23322 0
23323 0
23324 0
23325 0
23326 0
23327 0
23328 0
23329 0
23330 0
23331 0
23332 0
23333 0
23334 0
23335 0
23336 0
23337 0
23338 0
23339 0
23340 0
23341 0
23342 0
23343 0
23344 0
23345 0
23346 0
23347 0
23348 0
23349 0
23350 0
23351 0
23352 0
23353 0
23354 0
23355 0
23356 0
23357 0
23358 0
23359 0
23360 0
23361 0
23362 0
23363 0
23364 0
23365 0
23366 0
23367 0
23368 0
23369 0
23370 0
23371 0
23372 0
23373 0
23374 0
23375 0
23376 0
23377 0
23378 0
23379 0
23380 0
23381 0
23382 0
23383 0
23384 0
23385 0
23386 0
23387 0
23388 0
23389 0
23390 0
23391 0
23392 0
23393 0
23394 0
23395 0
23396 0
23397 0
23398 0
23399 0
23400 0
23401 0
23402 0
23403 0
23404 0
23405 0
23406 0
23407 0
23408 0
23409 0
23410 0
23411 0
23412 0
23413 0
23414 0
23415 0
23416 0
23417 0
23418 0
23419 0
23420 0
23421 0
23422 0
23423 0
23424 0
23425 0
23426 0
23427 0
23428 0
23429 0
23430 0
23431 0
23432 0
23433 0
23434 0
23435 0
23436 0
23437 0
23438 0
23439 0
23440 0
23441 0
23442 0
23443 0
23444 0
23445 0
23446 0
23447 0
23448 0
23449 0
23450 0
23451 0
23452 0
23453 0
23454 0
23455 0
23456 0
23457 0
23458 0
23459 0
23460 0
23461 0
23462 0
23463 0
23464 0
23465 0
23466 0
23467 0
23468 0
23469 0
23470 0
23471 0
23472 0
23473 0
23474 0
23475 0
23476 0
23477 0
23478 0
23479 0
23480 0
23481 0
23482 0
23483 0
23484 0
23485 0
23486 0
23487 0
23488 0
23489 0
23490 0
23491 0
23492 0
23493 0
23494 0
23495 0
23496 0
23497 0
23498 0
23499 0
23500 0
23501 0
23502 0
23503 0
23504 0
23505 0
23506 0
23507 0
23508 0
23509 0
23510 0
23511 0
23512 0
23513 0
23514 0
23515 0
23516 0
23517 0
23518 0
23519 0
23520 0
23521 0
23522 0
23523 0
23524 0
23525 0
23526 0
23527 0
23528 0
23529 0
23530 0
23531 0
23532 0
23533 0
23534 0
23535 0
23536 0
23537 0
23538 0
23539 0
23540 0
23541 0
23542 0
23543 0
23544 0
23545 0
23546 0
23547 0
23548 0
23549 0
23550 0
23551 0
23552 0
23553 0
23554 0
23555 0
23556 0
23557 0
23558 0
23559 0
23560 0
23561 0
23562 0
23563 0
23564 0
23565 0
23566 0
23567 0
23568 0
23569 0
23570 0
23571 0
23572 0
23573 0
23574 0
23575 0
23576 0
23577 0
23578 0
23579 0
23580 0
23581 0
23582 0
23583 0
23584 0
23585 0
23586 0
23587 0
23588 0
23589 0
23590 0
23591 0
23592 0
23593 0
23594 0
23595 0
23596 0
23597 0
23598 0
23599 0
23600 0
23601 0
23602 0
23603 0
23604 0
23605 0
23606 0
23607 0
23608 0
23609 0
23610 0
23611 0
23612 0
23613 0
23614 0
23615 0
23616 0
23617 0
23618 0
23619 0
23620 0
23621 0
23622 0
23623 0
23624 0
23625 0
23626 0
23627 0
23628 0
23629 0
23630 0
23631 0
23632 0
23633 0
23634 0
23635 0
23636 0
23637 0
23638 0
23639 0
23640 0
23641 0
23642 0
23643 0
23644 0
23645 0
23646 0
23647 0
23648 0
23649 0
23650 0
23651 0
23652 0
23653 0
23654 0
23655 0
23656 0
23657 0
23658 0
23659 0
23660 0
23661 0
23662 0
23663 0
23664 0
23665 0
23666 0
23667 0
23668 0
23669 0
23670 0
23671 0
23672 0
23673 0
23674 0
23675 0
23676 0
23677 0
23678 0
23679 0
23680 0
23681 0
23682 0
23683 0
23684 0
23685 0
23686 0
23687 0
23688 0
23689 0
23690 0
23691 0
23692 0
23693 0
23694 0
23695 0
23696 0
23697 0
23698 0
23699 0
23700 0
23701 0
23702 0
23703 0
23704 0
23705 0
23706 0
23707 0
23708 0
23709 0
23710 0
23711 0
23712 0
23713 0
23714 0
23715 0
23716 0
23717 0
23718 0
23719 0
23720 0
23721 0
23722 0
23723 0
23724 0
23725 0
23726 0
23727 0
23728 0
23729 0
23730 0
23731 0
23732 0
23733 0
23734 0
23735 0
23736 0
23737 0
23738 0
23739 0
23740 0
23741 0
23742 0
23743 0
23744 0
23745 0
23746 0
23747 0
23748 0
23749 0
23750 0
23751 0
23752 0
23753 0
23754 0
23755 0
23756 0
23757 0
23758 0
23759 0
23760 0
23761 0
23762 0
23763 0
23764 0
23765 0
23766 0
23767 0
23768 0
23769 0
23770 0
23771 0
23772 0
23773 0
23774 0
23775 0
23776 0
23777 0
23778 0
23779 0
23780 0
23781 0
23782 0
23783 0
23784 0
23785 0
23786 0
23787 0
23788 0
23789 0
23790 0
23791 0
23792 0
23793 0
23794 0
23795 0
23796 0
23797 0
23798 0
23799 0
23800 0
23801 0
23802 0
23803 0
23804 0
23805 0
23806 0
23807 0
23808 0
23809 0
23810 0
23811 0
23812 0
23813 0
23814 0
23815 0
23816 0
23817 0
23818 0
23819 0
23820 0
23821 0
23822 0
23823 0
23824 0
23825 0
23826 0
23827 0
23828 0
23829 0
23830 0
23831 0
23832 0
23833 0
23834 0
23835 0
23836 0
23837 0
23838 0
23839 0
23840 0
23841 0
23842 0
23843 0
23844 0
23845 0
23846 0
23847 0
23848 0
23849 0
23850 0
23851 0
23852 0
23853 0
23854 0
23855 0
23856 0
23857 0
23858 0
23859 0
23860 0
23861 0
23862 0
23863 0
23864 0
23865 0
23866 0
23867 0
23868 0
23869 0
23870 0
23871 0
23872 0
23873 0
23874 0
23875 0
23876 0
23877 0
23878 0
23879 0
23880 0
23881 0
23882 0
23883 0
23884 0
23885 0
23886 0
23887 0
23888 0
23889 0
23890 0
23891 0
23892 0
23893 0
23894 0
23895 0
23896 0
23897 0
23898 0
23899 0
23900 0
23901 0
23902 0
23903 0
23904 0
23905 0
23906 0
23907 0
23908 0
23909 0
23910 0
23911 0
23912 0
23913 0
23914 0
23915 0
23916 0
23917 0
23918 0
23919 0
23920 0
23921 0
23922 0
23923 0
23924 0
23925 0
23926 0
23927 0
23928 0
23929 0
23930 0
23931 0
23932 0
23933 0
23934 0
23935 0
23936 0
23937 0
23938 0
23939 0
23940 0
23941 0
23942 0
23943 0
23944 0
23945 0
23946 0
23947 0
23948 0
23949 0
23950 0
23951 0
23952 0
23953 0
23954 0
23955 0
23956 0
23957 0
23958 0
23959 0
23960 0
23961 0
23962 0
23963 0
23964 0
23965 0
23966 0
23967 0
23968 0
23969 0
23970 0
23971 0
23972 0
23973 0
23974 0
23975 0
23976 0
23977 0
23978 0
23979 0
23980 0
23981 0
23982 0
23983 0
23984 0
23985 0
23986 0
23987 0
23988 0
23989 0
23990 0
23991 0
23992 0
23993 0
23994 0
23995 0
23996 0
23997 0
23998 0
23999 0
24000 0
24001 0
24002 0
24003 0
24004 0
24005 0
24006 0
24007 0
24008 0
24009 0
24010 0
24011 0
24012 0
24013 0
24014 0
24015 0
24016 0
24017 0
24018 0
24019 0
24020 0
24021 0
24022 0
24023 0
24024 0
24025 0
24026 0
24027 0
24028 0
24029 0
24030 0
24031 0
24032 0
24033 0
24034 0
24035 0
24036 0
24037 0
24038 0
24039 0
24040 0
24041 0
24042 0
24043 0
24044 0
24045 0
24046 0
24047 0
24048 0
24049 0
24050 0
24051 0
24052 0
24053 0
24054 0
24055 0
24056 0
24057 0
24058 0
24059 0
24060 0
24061 0
24062 0
24063 0
24064 0
24065 0
24066 0
24067 0
24068 0
24069 0
24070 0
24071 0
24072 0
24073 0
24074 0
24075 0
24076 0
24077 0
24078 0
24079 0
24080 0
24081 0
24082 0
24083 0
24084 0
24085 0
24086 0
24087 0
24088 0
24089 0
24090 0
24091 0
24092 0
24093 0
24094 0
24095 0
24096 0
24097 0
24098 0
24099 0
24100 0
24101 0
24102 0
24103 0
24104 0
24105 0
24106 0
24107 0
24108 0
24109 0
24110 0
24111 0
24112 0
24113 0
24114 0
24115 0
24116 0
24117 0
24118 0
24119 0
24120 0
24121 0
24122 0
24123 0
24124 0
24125 0
24126 0
24127 0
24128 0
24129 0
24130 0
24131 0
24132 0
24133 0
24134 0
24135 0
24136 0
24137 0
24138 0
24139 0
24140 0
24141 0
24142 0
24143 0
24144 0
24145 0
24146 0
24147 0
24148 0
24149 0
24150 0
24151 0
24152 0
24153 0
24154 0
24155 0
24156 0
24157 0
24158 0
24159 0
24160 0
24161 0
24162 0
24163 0
24164 0
24165 0
24166 0
24167 0
24168 0
24169 0
24170 0
24171 0
24172 0
24173 0
24174 0
24175 0
24176 0
24177 0
24178 0
24179 0
24180 0
24181 0
24182 0
24183 0
24184 0
24185 0
24186 0
24187 0
24188 0
24189 0
24190 0
24191 0
24192 0
24193 0
24194 0
24195 0
24196 0
24197 0
24198 0
24199 0
24200 0
24201 0
24202 0
24203 0
24204 0
24205 0
24206 0
24207 0
24208 0
24209 0
24210 0
24211 0
24212 0
24213 0
24214 0
24215 0
24216 0
24217 0
24218 0
24219 0
24220 0
24221 0
24222 0
24223 0
24224 0
24225 0
24226 0
24227 0
24228 0
24229 0
24230 0
24231 0
24232 0
24233 0
24234 0
24235 0
24236 0
24237 0
24238 0
24239 0
24240 0
24241 0
24242 0
24243 0
24244 0
24245 0
24246 0
24247 0
24248 0
24249 0
24250 0
24251 0
24252 0
24253 0
24254 0
24255 0
24256 0
24257 0
24258 0
24259 0
24260 0
24261 0
24262 0
24263 0
24264 0
24265 0
24266 0
24267 0
24268 0
24269 0
24270 0
24271 0
24272 0
24273 0
24274 0
24275 0
24276 0
24277 0
24278 0
24279 0
24280 0
24281 0
24282 0
24283 0
24284 0
24285 0
24286 0
24287 0
24288 0
24289 0
24290 0
24291 0
24292 0
24293 0
24294 0
24295 0
24296 0
24297 0
24298 0
24299 0
24300 0
24301 0
24302 0
24303 0
24304 0
24305 0
24306 0
24307 0
24308 0
24309 0
24310 0
24311 0
24312 0
24313 0
24314 0
24315 0
24316 0
24317 0
24318 0
24319 0
24320 0
24321 0
24322 0
24323 0
24324 0
24325 0
24326 0
24327 0
24328 0
24329 0
24330 0
24331 0
24332 0
24333 0
24334 0
24335 0
24336 0
24337 0
24338 0
24339 0
24340 0
24341 0
24342 0
24343 0
24344 0
24345 0
24346 0
24347 0
24348 0
24349 0
24350 0
24351 0
24352 0
24353 0
24354 0
24355 0
24356 0
24357 0
24358 0
24359 0
24360 0
24361 0
24362 0
24363 0
24364 0
24365 0
24366 0
24367 0
24368 0
24369 0
24370 0
24371 0
24372 0
24373 0
24374 0
24375 0
24376 0
24377 0
24378 0
24379 0
24380 0
24381 0
24382 0
24383 0
24384 0
24385 0
24386 0
24387 0
24388 0
24389 0
24390 0
24391 0
24392 0
24393 0
24394 0
24395 0
24396 0
24397 0
24398 0
24399 0
24400 0
24401 0
24402 0
24403 0
24404 0
24405 0
24406 0
24407 0
24408 0
24409 0
24410 0
24411 0
24412 0
24413 0
24414 0
24415 0
24416 0
24417 0
24418 0
24419 0
24420 0
24421 0
24422 0
24423 0
24424 0
24425 0
24426 0
24427 0
24428 0
24429 0
24430 0
24431 0
24432 0
24433 0
24434 0
24435 0
24436 0
24437 0
24438 0
24439 0
24440 0
24441 0
24442 0
24443 0
24444 0
24445 0
24446 0
24447 0
24448 0
24449 0
24450 0
24451 0
24452 0
24453 0
24454 0
24455 0
24456 0
24457 0
24458 0
24459 0
24460 0
24461 0
24462 0
24463 0
24464 0
24465 0
24466 0
24467 0
24468 0
24469 0
24470 0
24471 0
24472 0
24473 0
24474 0
24475 0
24476 0
24477 0
24478 0
24479 0
24480 0
24481 0
24482 0
24483 0
24484 0
24485 0
24486 0
24487 0
24488 0
24489 0
24490 0
24491 0
24492 0
24493 0
24494 0
24495 0
24496 0
24497 0
24498 0
24499 0
24500 0
24501 0
24502 0
24503 0
24504 0
24505 0
24506 0
24507 0
24508 0
24509 0
24510 0
24511 0
24512 0
24513 0
24514 0
24515 0
24516 0
24517 0
24518 0
24519 0
24520 0
24521 0
24522 0
24523 0
24524 0
24525 0
24526 0
24527 0
24528 0
24529 0
24530 0
24531 0
24532 0
24533 0
24534 0
24535 0
24536 0
24537 0
24538 0
24539 0
24540 0
24541 0
24542 0
24543 0
24544 0
24545 0
24546 0
24547 0
24548 0
24549 0
24550 0
24551 0
24552 0
24553 0
24554 0
24555 0
24556 0
24557 0
24558 0
24559 0
24560 0
24561 0
24562 0
24563 0
24564 0
24565 0
24566 0
24567 0
24568 0
24569 0
24570 0
24571 0
24572 0
24573 0
24574 0
24575 0
24576 0
24577 0
24578 0
24579 0
24580 0
24581 0
24582 0
24583 0
24584 0
24585 0
24586 0
24587 0
24588 0
24589 0
24590 0
24591 0
24592 0
24593 0
24594 0
24595 0
24596 0
24597 0
24598 0
24599 0
24600 0
24601 0
24602 0
24603 0
24604 0
24605 0
24606 0
24607 0
24608 0
24609 0
24610 0
24611 0
24612 0
24613 0
24614 0
24615 0
24616 0
24617 0
24618 0
24619 0
24620 0
24621 0
24622 0
24623 0
24624 0
24625 0
24626 0
24627 0
24628 0
24629 0
24630 0
24631 0
24632 0
24633 0
24634 0
24635 0
24636 0
24637 0
24638 0
24639 0
24640 0
24641 0
24642 0
24643 0
24644 0
24645 0
24646 0
24647 0
24648 0
24649 0
24650 0
24651 0
24652 0
24653 0
24654 0
24655 0
24656 0
24657 0
24658 0
24659 0
24660 0
24661 0
24662 0
24663 0
24664 0
24665 0
24666 0
24667 0
24668 0
24669 0
24670 0
24671 0
24672 0
24673 0
24674 0
24675 0
24676 0
24677 0
24678 0
24679 0
24680 0
24681 0
24682 0
24683 0
24684 0
24685 0
24686 0
24687 0
24688 0
24689 0
24690 0
24691 0
24692 0
24693 0
24694 0
24695 0
24696 0
24697 0
24698 0
24699 0
24700 0
24701 0
24702 0
24703 0
24704 0
24705 0
24706 0
24707 0
24708 0
24709 0
24710 0
24711 0
24712 0
24713 0
24714 0
24715 0
24716 0
24717 0
24718 0
24719 0
24720 0
24721 0
24722 0
24723 0
24724 0
24725 0
24726 0
24727 0
24728 0
24729 0
24730 0
24731 0
24732 0
24733 0
24734 0
24735 0
24736 0
24737 0
24738 0
24739 0
24740 0
24741 0
24742 0
24743 0
24744 0
24745 0
24746 0
24747 0
24748 0
24749 0
24750 0
24751 0
24752 0
24753 0
24754 0
24755 0
24756 0
24757 0
24758 0
24759 0
24760 0
24761 0
24762 0
24763 0
24764 0
24765 0
24766 0
24767 0
24768 0
24769 0
24770 0
24771 0
24772 0
24773 0
24774 0
24775 0
24776 0
24777 0
24778 0
24779 0
24780 0
24781 0
24782 0
24783 0
24784 0
24785 0
24786 0
24787 0
24788 0
24789 0
24790 0
24791 0
24792 0
24793 0
24794 0
24795 0
24796 0
24797 0
24798 0
24799 0
24800 0
24801 0
24802 0
24803 0
24804 0
24805 0
24806 0
24807 0
24808 0
24809 0
24810 0
24811 0
24812 0
24813 0
24814 0
24815 0
24816 0
24817 0
24818 0
24819 0
24820 0
24821 0
24822 0
24823 0
24824 0
24825 0
24826 0
24827 0
24828 0
24829 0
24830 0
24831 0
24832 0
24833 0
24834 0
24835 0
24836 0
24837 0
24838 0
24839 0
24840 0
24841 0
24842 0
24843 0
24844 0
24845 0
24846 0
24847 0
24848 0
24849 0
24850 0
24851 0
24852 0
24853 0
24854 0
24855 0
24856 0
24857 0
24858 0
24859 0
24860 0
24861 0
24862 0
24863 0
24864 0
24865 0
24866 0
24867 0
24868 0
24869 0
24870 0
24871 0
24872 0
24873 0
24874 0
24875 0
24876 0
24877 0
24878 0
24879 0
24880 0
24881 0
24882 0
24883 0
24884 0
24885 0
24886 0
24887 0
24888 0
24889 0
24890 0
24891 0
24892 0
24893 0
24894 0
24895 0
24896 0
24897 0
24898 0
24899 0
24900 0
24901 0
24902 0
24903 0
24904 0
24905 0
24906 0
24907 0
24908 0
24909 0
24910 0
24911 0
24912 0
24913 0
24914 0
24915 0
24916 0
24917 0
24918 0
24919 0
24920 0
24921 0
24922 0
24923 0
24924 0
24925 0
24926 0
24927 0
24928 0
24929 0
24930 0
24931 0
24932 0
24933 0
24934 0
24935 0
24936 0
24937 0
24938 0
24939 0
24940 0
24941 0
24942 0
24943 0
24944 0
24945 0
24946 0
24947 0
24948 0
24949 0
24950 0
24951 0
24952 0
24953 0
24954 0
24955 0
24956 0
24957 0
24958 0
24959 0
24960 0
24961 0
24962 0
24963 0
24964 0
24965 0
24966 0
24967 0
24968 0
24969 0
24970 0
24971 0
24972 0
24973 0
24974 0
24975 0
24976 0
24977 0
24978 0
24979 0
24980 0
24981 0
24982 0
24983 0
24984 0
24985 0
24986 0
24987 0
24988 0
24989 0
24990 0
24991 0
24992 0
24993 0
24994 0
24995 0
24996 0
24997 0
24998 0
24999 0
25000 0
25001 0
25002 0
25003 0
25004 0
25005 0
25006 0
25007 0
25008 0
25009 0
25010 0
25011 0
25012 0
25013 0
25014 0
25015 0
25016 0
25017 0
25018 0
25019 0
25020 0
25021 0
25022 0
25023 0
25024 0
25025 0
25026 0
25027 0
25028 0
25029 0
25030 0
25031 0
25032 0
25033 0
25034 0
25035 0
25036 0
25037 0
25038 0
25039 0
25040 0
25041 0
25042 0
25043 0
25044 0
25045 0
25046 0
25047 0
25048 0
25049 0
25050 0
25051 0
25052 0
25053 0
25054 0
25055 0
25056 0
25057 0
25058 0
25059 0
25060 0
25061 0
25062 0
25063 0
25064 0
25065 0
25066 0
25067 0
25068 0
25069 0
25070 0
25071 0
25072 0
25073 0
25074 0
25075 0
25076 0
25077 0
25078 0
25079 0
25080 0
25081 0
25082 0
25083 0
25084 0
25085 0
25086 0
25087 0
25088 0
25089 0
25090 0
25091 0
25092 0
25093 0
25094 0
25095 0
25096 0
25097 0
25098 0
25099 0
25100 0
25101 0
25102 0
25103 0
25104 0
25105 0
25106 0
25107 0
25108 0
25109 0
25110 0
25111 0
25112 0
25113 0
25114 0
25115 0
25116 0
25117 0
25118 0
25119 0
25120 0
25121 0
25122 0
25123 0
25124 0
25125 0
25126 0
25127 0
25128 0
25129 0
25130 0
25131 0
25132 0
25133 0
25134 0
25135 0
25136 0
25137 0
25138 0
25139 0
25140 0
25141 0
25142 0
25143 0
25144 0
25145 0
25146 0
25147 0
25148 0
25149 0
25150 0
25151 0
25152 0
25153 0
25154 0
25155 0
25156 0
25157 0
25158 0
25159 0
25160 0
25161 0
25162 0
25163 0
25164 0
25165 0
25166 0
25167 0
25168 0
25169 0
25170 0
25171 0
25172 0
25173 0
25174 0
25175 0
25176 0
25177 0
25178 0
25179 0
25180 0
25181 0
25182 0
25183 0
25184 0
25185 0
25186 0
25187 0
25188 0
25189 0
25190 0
25191 0
25192 0
25193 0
25194 0
25195 0
25196 0
25197 0
25198 0
25199 0
25200 0
25201 0
25202 0
25203 0
25204 0
25205 0
25206 0
25207 0
25208 0
25209 0
25210 0
25211 0
25212 0
25213 0
25214 0
25215 0
25216 0
25217 0
25218 0
25219 0
25220 0
25221 0
25222 0
25223 0
25224 0
25225 0
25226 0
25227 0
25228 0
25229 0
25230 0
25231 0
25232 0
25233 0
25234 0
25235 0
25236 0
25237 0
25238 0
25239 0
25240 0
25241 0
25242 0
25243 0
25244 0
25245 0
25246 0
25247 0
25248 0
25249 0
25250 0
25251 0
25252 0
25253 0
25254 0
25255 0
25256 0
25257 0
25258 0
25259 0
25260 0
25261 0
25262 0
25263 0
25264 0
25265 0
25266 0
25267 0
25268 0
25269 0
25270 0
25271 0
25272 0
25273 0
25274 0
25275 0
25276 0
25277 0
25278 0
25279 0
25280 0
25281 0
25282 0
25283 0
25284 0
25285 0
25286 0
25287 0
25288 0
25289 0
25290 0
25291 0
25292 0
25293 0
25294 0
25295 0
25296 0
25297 0
25298 0
25299 0
25300 0
25301 0
25302 0
25303 0
25304 0
25305 0
25306 0
25307 0
25308 0
25309 0
25310 0
25311 0
25312 0
25313 0
25314 0
25315 0
25316 0
25317 0
25318 0
25319 0
25320 0
25321 0
25322 0
25323 0
25324 0
25325 0
25326 0
25327 0
25328 0
25329 0
25330 0
25331 0
25332 0
25333 0
25334 0
25335 0
25336 0
25337 0
25338 0
25339 0
25340 0
25341 0
25342 0
25343 0
25344 0
25345 0
25346 0
25347 0
25348 0
25349 0
25350 0
25351 0
25352 0
25353 0
25354 0
25355 0
25356 0
25357 0
25358 0
25359 0
25360 0
25361 0
25362 0
25363 0
25364 0
25365 0
25366 0
25367 0
25368 0
25369 0
25370 0
25371 0
25372 0
25373 0
25374 0
25375 0
25376 0
25377 0
25378 0
25379 0
25380 0
25381 0
25382 0
25383 0
25384 0
25385 0
25386 0
25387 0
25388 0
25389 0
25390 0
25391 0
25392 0
25393 0
25394 0
25395 0
25396 0
25397 0
25398 0
25399 0
25400 0
25401 0
25402 0
25403 0
25404 0
25405 0
25406 0
25407 0
25408 0
25409 0
25410 0
25411 0
25412 0
25413 0
25414 0
25415 0
25416 0
25417 0
25418 0
25419 0
25420 0
25421 0
25422 0
25423 0
25424 0
25425 0
25426 0
25427 0
25428 0
25429 0
25430 0
25431 0
25432 0
25433 0
25434 0
25435 0
25436 0
25437 0
25438 0
25439 0
25440 0
25441 0
25442 0
25443 0
25444 0
25445 0
25446 0
25447 0
25448 0
25449 0
25450 0
25451 0
25452 0
25453 0
25454 0
25455 0
25456 0
25457 0
25458 0
25459 0
25460 0
25461 0
25462 0
25463 0
25464 0
25465 0
25466 0
25467 0
25468 0
25469 0
25470 0
25471 0
25472 0
25473 0
25474 0
25475 0
25476 0
25477 0
25478 0
25479 0
25480 0
25481 0
25482 0
25483 0
25484 0
25485 0
25486 0
25487 0
25488 0
25489 0
25490 0
25491 0
25492 0
25493 0
25494 0
25495 0
25496 0
25497 0
25498 0
25499 0
25500 0
25501 0
25502 0
25503 0
25504 0
25505 0
25506 0
25507 0
25508 0
25509 0
25510 0
25511 0
25512 0
25513 0
25514 0
25515 0
25516 0
25517 0
25518 0
25519 0
25520 0
25521 0
25522 0
25523 0
25524 0
25525 0
25526 0
25527 0
25528 0
25529 0
25530 0
25531 0
25532 0
25533 0
25534 0
25535 0
25536 0
25537 0
25538 0
25539 0
25540 0
25541 0
25542 0
25543 0
25544 0
25545 0
25546 0
25547 0
25548 0
25549 0
25550 0
25551 0
25552 0
25553 0
25554 0
25555 0
25556 0
25557 0
25558 0
25559 0
25560 0
25561 0
25562 0
25563 0
25564 0
25565 0
25566 0
25567 0
25568 0
25569 0
25570 0
25571 0
25572 0
25573 0
25574 0
25575 0
25576 0
25577 0
25578 0
25579 0
25580 0
25581 0
25582 0
25583 0
25584 0
25585 0
25586 0
25587 0
25588 0
25589 0
25590 0
25591 0
25592 0
25593 0
25594 0
25595 0
25596 0
25597 0
25598 0
25599 0
25600 0
25601 0
25602 0
25603 0
25604 0
25605 0
25606 0
25607 0
25608 0
25609 0
25610 0
25611 0
25612 0
25613 0
25614 0
25615 0
25616 0
25617 0
25618 0
25619 0
25620 0
25621 0
25622 0
25623 0
25624 0
25625 0
25626 0
25627 0
25628 0
25629 0
25630 0
25631 0
25632 0
25633 0
25634 0
25635 0
25636 0
25637 0
25638 0
25639 0
25640 0
25641 0
25642 0
25643 0
25644 0
25645 0
25646 0
25647 0
25648 0
25649 0
25650 0
25651 0
25652 0
25653 0
25654 0
25655 0
25656 0
25657 0
25658 0
25659 0
25660 0
25661 0
25662 0
25663 0
25664 0
25665 0
25666 0
25667 0
25668 0
25669 0
25670 0
25671 0
25672 0
25673 0
25674 0
25675 0
25676 0
25677 0
25678 0
25679 0
25680 0
25681 0
25682 0
25683 0
25684 0
25685 0
25686 0
25687 0
25688 0
25689 0
25690 0
25691 0
25692 0
25693 0
25694 0
25695 0
25696 0
25697 0
25698 0
25699 0
25700 0
25701 0
25702 0
25703 0
25704 0
25705 0
25706 0
25707 0
25708 0
25709 0
25710 0
25711 0
25712 0
25713 0
25714 0
25715 0
25716 0
25717 0
25718 0
25719 0
25720 0
25721 0
25722 0
25723 0
25724 0
25725 0
25726 0
25727 0
25728 0
25729 0
25730 0
25731 0
25732 0
25733 0
25734 0
25735 0
25736 0
25737 0
25738 0
25739 0
25740 0
25741 0
25742 0
25743 0
25744 0
25745 0
25746 0
25747 0
25748 0
25749 0
25750 0
25751 0
25752 0
25753 0
25754 0
25755 0
25756 0
25757 0
25758 0
25759 0
25760 0
25761 0
25762 0
25763 0
25764 0
25765 0
25766 0
25767 0
25768 0
25769 0
25770 0
25771 0
25772 0
25773 0
25774 0
25775 0
25776 0
25777 0
25778 0
25779 0
25780 0
25781 0
25782 0
25783 0
25784 0
25785 0
25786 0
25787 0
25788 0
25789 0
25790 0
25791 0
25792 0
25793 0
25794 0
25795 0
25796 0
25797 0
25798 0
25799 0
25800 0
25801 0
25802 0
25803 0
25804 0
25805 0
25806 0
25807 0
25808 0
25809 0
25810 0
25811 0
25812 0
25813 0
25814 0
25815 0
25816 0
25817 0
25818 0
25819 0
25820 0
25821 0
25822 0
25823 0
25824 0
25825 0
25826 0
25827 0
25828 0
25829 0
25830 0
25831 0
25832 0
25833 0
25834 0
25835 0
25836 0
25837 0
25838 0
25839 0
25840 0
25841 0
25842 0
25843 0
25844 0
25845 0
25846 0
25847 0
25848 0
25849 0
25850 0
25851 0
25852 0
25853 0
25854 0
25855 0
25856 0
25857 0
25858 0
25859 0
25860 0
25861 0
25862 0
25863 0
25864 0
25865 0
25866 0
25867 0
25868 0
25869 0
25870 0
25871 0
25872 0
25873 0
25874 0
25875 0
25876 0
25877 0
25878 0
25879 0
25880 0
25881 0
25882 0
25883 0
25884 0
25885 0
25886 0
25887 0
25888 0
25889 0
25890 0
25891 0
25892 0
25893 0
25894 0
25895 0
25896 0
25897 0
25898 0
25899 0
25900 0
25901 0
25902 0
25903 0
25904 0
25905 0
25906 0
25907 0
25908 0
25909 0
25910 0
25911 0
25912 0
25913 0
25914 0
25915 0
25916 0
25917 0
25918 0
25919 0
25920 0
25921 0
25922 0
25923 0
25924 0
25925 0
25926 0
25927 0
25928 0
25929 0
25930 0
25931 0
25932 0
25933 0
25934 0
25935 0
25936 0
25937 0
25938 0
25939 0
25940 0
25941 0
25942 0
25943 0
25944 0
25945 0
25946 0
25947 0
25948 0
25949 0
25950 0
25951 0
25952 0
25953 0
25954 0
25955 0
25956 0
25957 0
25958 0
25959 0
25960 0
25961 0
25962 0
25963 0
25964 0
25965 0
25966 0
25967 0
25968 0
25969 0
25970 0
25971 0
25972 0
25973 0
25974 0
25975 0
25976 0
25977 0
25978 0
25979 0
25980 0
25981 0
25982 0
25983 0
25984 0
25985 0
25986 0
25987 0
25988 0
25989 0
25990 0
25991 0
25992 0
25993 0
25994 0
25995 0
25996 0
25997 0
25998 0
25999 0
26000 0
26001 0
26002 0
26003 0
26004 0
26005 0
26006 0
26007 0
26008 0
26009 0
26010 0
26011 0
26012 0
26013 0
26014 0
26015 0
26016 0
26017 0
26018 0
26019 0
26020 0
26021 0
26022 0
26023 0
26024 0
26025 0
26026 0
26027 0
26028 0
26029 0
26030 0
26031 0
26032 0
26033 0
26034 0
26035 0
26036 0
26037 0
26038 0
26039 0
26040 0
26041 0
26042 0
26043 0
26044 0
26045 0
26046 0
26047 0
26048 0
26049 0
26050 0
26051 0
26052 0
26053 0
26054 0
26055 0
26056 0
26057 0
26058 0
26059 0
26060 0
26061 0
26062 0
26063 0
26064 0
26065 0
26066 0
26067 0
26068 0
26069 0
26070 0
26071 0
26072 0
26073 0
26074 0
26075 0
26076 0
26077 0
26078 0
26079 0
26080 0
26081 0
26082 0
26083 0
26084 0
26085 0
26086 0
26087 0
26088 0
26089 0
26090 0
26091 0
26092 0
26093 0
26094 0
26095 0
26096 0
26097 0
26098 0
26099 0
26100 0
26101 0
26102 0
26103 0
26104 0
26105 0
26106 0
26107 0
26108 0
26109 0
26110 0
26111 0
26112 0
26113 0
26114 0
26115 0
26116 0
26117 0
26118 0
26119 0
26120 0
26121 0
26122 0
26123 0
26124 0
26125 0
26126 0
26127 0
26128 0
26129 0
26130 0
26131 0
26132 0
26133 0
26134 0
26135 0
26136 0
26137 0
26138 0
26139 0
26140 0
26141 0
26142 0
26143 0
26144 0
26145 0
26146 0
26147 0
26148 0
26149 0
26150 0
26151 0
26152 0
26153 0
26154 0
26155 0
26156 0
26157 0
26158 0
26159 0
26160 0
26161 0
26162 0
26163 0
26164 0
26165 0
26166 0
26167 0
26168 0
26169 0
26170 0
26171 0
26172 0
26173 0
26174 0
26175 0
26176 0
26177 0
26178 0
26179 0
26180 0
26181 0
26182 0
26183 0
26184 0
26185 0
26186 0
26187 0
26188 0
26189 0
26190 0
26191 0
26192 0
26193 0
26194 0
26195 0
26196 0
26197 0
26198 0
26199 0
26200 0
26201 0
26202 0
26203 0
26204 0
26205 0
26206 0
26207 0
26208 0
26209 0
26210 0
26211 0
26212 0
26213 0
26214 0
26215 0
26216 0
26217 0
26218 0
26219 0
26220 0
26221 0
26222 0
26223 0
26224 0
26225 0
26226 0
26227 0
26228 0
26229 0
26230 0
26231 0
26232 0
26233 0
26234 0
26235 0
26236 0
26237 0
26238 0
26239 0
26240 0
26241 0
26242 0
26243 0
26244 0
26245 0
26246 0
26247 0
26248 0
26249 0
26250 0
26251 0
26252 0
26253 0
26254 0
26255 0
26256 0
26257 0
26258 0
26259 0
26260 0
26261 0
26262 0
26263 0
26264 0
26265 0
26266 0
26267 0
26268 0
26269 0
26270 0
26271 0
26272 0
26273 0
26274 0
26275 0
26276 0
26277 0
26278 0
26279 0
26280 0
26281 0
26282 0
26283 0
26284 0
26285 0
26286 0
26287 0
26288 0
26289 0
26290 0
26291 0
26292 0
26293 0
26294 0
26295 0
26296 0
26297 0
26298 0
26299 0
26300 0
26301 0
26302 0
26303 0
26304 0
26305 0
26306 0
26307 0
26308 0
26309 0
26310 0
26311 0
26312 0
26313 0
26314 0
26315 0
26316 0
26317 0
26318 0
26319 0
26320 0
26321 0
26322 0
26323 0
26324 0
26325 0
26326 0
26327 0
26328 0
26329 0
26330 0
26331 0
26332 0
26333 0
26334 0
26335 0
26336 0
26337 0
26338 0
26339 0
26340 0
26341 0
26342 0
26343 0
26344 0
26345 0
26346 0
26347 0
26348 0
26349 0
26350 0
26351 0
26352 0
26353 0
26354 0
26355 0
26356 0
26357 0
26358 0
26359 0
26360 0
26361 0
26362 0
26363 0
26364 0
26365 0
26366 0
26367 0
26368 0
26369 0
26370 0
26371 0
26372 0
26373 0
26374 0
26375 0
26376 0
26377 0
26378 0
26379 0
26380 0
26381 0
26382 0
26383 0
26384 0
26385 0
26386 0
26387 0
26388 0
26389 0
26390 0
26391 0
26392 0
26393 0
26394 0
26395 0
26396 0
26397 0
26398 0
26399 0
26400 0
26401 0
26402 0
26403 0
26404 0
26405 0
26406 0
26407 0
26408 0
26409 0
26410 0
26411 0
26412 0
26413 0
26414 0
26415 0
26416 0
26417 0
26418 0
26419 0
26420 0
26421 0
26422 0
26423 0
26424 0
26425 0
26426 0
26427 0
26428 0
26429 0
26430 0
26431 0
26432 0
26433 0
26434 0
26435 0
26436 0
26437 0
26438 0
26439 0
26440 0
26441 0
26442 0
26443 0
26444 0
26445 0
26446 0
26447 0
26448 0
26449 0
26450 0
26451 0
26452 0
26453 0
26454 0
26455 0
26456 0
26457 0
26458 0
26459 0
26460 0
26461 0
26462 0
26463 0
26464 0
26465 0
26466 0
26467 0
26468 0
26469 0
26470 0
26471 0
26472 0
26473 0
26474 0
26475 0
26476 0
26477 0
26478 0
26479 0
26480 0
26481 0
26482 0
26483 0
26484 0
26485 0
26486 0
26487 0
26488 0
26489 0
26490 0
26491 0
26492 0
26493 0
26494 0
26495 0
26496 0
26497 0
26498 0
26499 0
26500 0
26501 0
26502 0
26503 0
26504 0
26505 0
26506 0
26507 0
26508 0
26509 0
26510 0
26511 0
26512 0
26513 0
26514 0
26515 0
26516 0
26517 0
26518 0
26519 0
26520 0
26521 0
26522 0
26523 0
26524 0
26525 0
26526 0
26527 0
26528 0
26529 0
26530 0
26531 0
26532 0
26533 0
26534 0
26535 0
26536 0
26537 0
26538 0
26539 0
26540 0
26541 0
26542 0
26543 0
26544 0
26545 0
26546 0
26547 0
26548 0
26549 0
26550 0
26551 0
26552 0
26553 0
26554 0
26555 0
26556 0
26557 0
26558 0
26559 0
26560 0
26561 0
26562 0
26563 0
26564 0
26565 0
26566 0
26567 0
26568 0
26569 0
26570 0
26571 0
26572 0
26573 0
26574 0
26575 0
26576 0
26577 0
26578 0
26579 0
26580 0
26581 0
26582 0
26583 0
26584 0
26585 0
26586 0
26587 0
26588 0
26589 0
26590 0
26591 0
26592 0
26593 0
26594 0
26595 0
26596 0
26597 0
26598 0
26599 0
26600 0
26601 0
26602 0
26603 0
26604 0
26605 0
26606 0
26607 0
26608 0
26609 0
26610 0
26611 0
26612 0
26613 0
26614 0
26615 0
26616 0
26617 0
26618 0
26619 0
26620 0
26621 0
26622 0
26623 0
26624 0
26625 0
26626 0
26627 0
26628 0
26629 0
26630 0
26631 0
26632 0
26633 0
26634 0
26635 0
26636 0
26637 0
26638 0
26639 0
26640 0
26641 0
26642 0
26643 0
26644 0
26645 0
26646 0
26647 0
26648 0
26649 0
26650 0
26651 0
26652 0
26653 0
26654 0
26655 0
26656 0
26657 0
26658 0
26659 0
26660 0
26661 0
26662 0
26663 0
26664 0
26665 0
26666 0
26667 0
26668 0
26669 0
26670 0
26671 0
26672 0
26673 0
26674 0
26675 0
26676 0
26677 0
26678 0
26679 0
26680 0
26681 0
26682 0
26683 0
26684 0
26685 0
26686 0
26687 0
26688 0
26689 0
26690 0
26691 0
26692 0
26693 0
26694 0
26695 0
26696 0
26697 0
26698 0
26699 0
26700 0
26701 0
26702 0
26703 0
26704 0
26705 0
26706 0
26707 0
26708 0
26709 0
26710 0
26711 0
26712 0
26713 0
26714 0
26715 0
26716 0
26717 0
26718 0
26719 0
26720 0
26721 0
26722 0
26723 0
26724 0
26725 0
26726 0
26727 0
26728 0
26729 0
26730 0
26731 0
26732 0
26733 0
26734 0
26735 0
26736 0
26737 0
26738 0
26739 0
26740 0
26741 0
26742 0
26743 0
26744 0
26745 0
26746 0
26747 0
26748 0
26749 0
26750 0
26751 0
26752 0
26753 0
26754 0
26755 0
26756 0
26757 0
26758 0
26759 0
26760 0
26761 0
26762 0
26763 0
26764 0
26765 0
26766 0
26767 0
26768 0
26769 0
26770 0
26771 0
26772 0
26773 0
26774 0
26775 0
26776 0
26777 0
26778 0
26779 0
26780 0
26781 0
26782 0
26783 0
26784 0
26785 0
26786 0
26787 0
26788 0
26789 0
26790 0
26791 0
26792 0
26793 0
26794 0
26795 0
26796 0
26797 0
26798 0
26799 0
26800 0
26801 0
26802 0
26803 0
26804 0
26805 0
26806 0
26807 0
26808 0
26809 0
26810 0
26811 0
26812 0
26813 0
26814 0
26815 0
26816 0
26817 0
26818 0
26819 0
26820 0
26821 0
26822 0
26823 0
26824 0
26825 0
26826 0
26827 0
26828 0
26829 0
26830 0
26831 0
26832 0
26833 0
26834 0
26835 0
26836 0
26837 0
26838 0
26839 0
26840 0
26841 0
26842 0
26843 0
26844 0
26845 0
26846 0
26847 0
26848 0
26849 0
26850 0
26851 0
26852 0
26853 0
26854 0
26855 0
26856 0
26857 0
26858 0
26859 0
26860 0
26861 0
26862 0
26863 0
26864 0
26865 0
26866 0
26867 0
26868 0
26869 0
26870 0
26871 0
26872 0
26873 0
26874 0
26875 0
26876 0
26877 0
26878 0
26879 0
26880 0
26881 0
26882 0
26883 0
26884 0
26885 0
26886 0
26887 0
26888 0
26889 0
26890 0
26891 0
26892 0
26893 0
26894 0
26895 0
26896 0
26897 0
26898 0
26899 0
26900 0
26901 0
26902 0
26903 0
26904 0
26905 0
26906 0
26907 0
26908 0
26909 0
26910 0
26911 0
26912 0
26913 0
26914 0
26915 0
26916 0
26917 0
26918 0
26919 0
26920 0
26921 0
26922 0
26923 0
26924 0
26925 0
26926 0
26927 0
26928 0
26929 0
26930 0
26931 0
26932 0
26933 0
26934 0
26935 0
26936 0
26937 0
26938 0
26939 0
26940 0
26941 0
26942 0
26943 0
26944 0
26945 0
26946 0
26947 0
26948 0
26949 0
26950 0
26951 0
26952 0
26953 0
26954 0
26955 0
26956 0
26957 0
26958 0
26959 0
26960 0
26961 0
26962 0
26963 0
26964 0
26965 0
26966 0
26967 0
26968 0
26969 0
26970 0
26971 0
26972 0
26973 0
26974 0
26975 0
26976 0
26977 0
26978 0
26979 0
26980 0
26981 0
26982 0
26983 0
26984 0
26985 0
26986 0
26987 0
26988 0
26989 0
26990 0
26991 0
26992 0
26993 0
26994 0
26995 0
26996 0
26997 0
26998 0
26999 0
27000 0
27001 0
27002 0
27003 0
27004 0
27005 0
27006 0
27007 0
27008 0
27009 0
27010 0
27011 0
27012 0
27013 0
27014 0
27015 0
27016 0
27017 0
27018 0
27019 0
27020 0
27021 0
27022 0
27023 0
27024 0
27025 0
27026 0
27027 0
27028 0
27029 0
27030 0
27031 0
27032 0
27033 0
27034 0
27035 0
27036 0
27037 0
27038 0
27039 0
27040 0
27041 0
27042 0
27043 0
27044 0
27045 0
27046 0
27047 0
27048 0
27049 0
27050 0
27051 0
27052 0
27053 0
27054 0
27055 0
27056 0
27057 0
27058 0
27059 0
27060 0
27061 0
27062 0
27063 0
27064 0
27065 0
27066 0
27067 0
27068 0
27069 0
27070 0
27071 0
27072 0
27073 0
27074 0
27075 0
27076 0
27077 0
27078 0
27079 0
27080 0
27081 0
27082 0
27083 0
27084 0
27085 0
27086 0
27087 0
27088 0
27089 0
27090 0
27091 0
27092 0
27093 0
27094 0
27095 0
27096 0
27097 0
27098 0
27099 0
27100 0
27101 0
27102 0
27103 0
27104 0
27105 0
27106 0
27107 0
27108 0
27109 0
27110 0
27111 0
27112 0
27113 0
27114 0
27115 0
27116 0
27117 0
27118 0
27119 0
27120 0
27121 0
27122 0
27123 0
27124 0
27125 0
27126 0
27127 0
27128 0
27129 0
27130 0
27131 0
27132 0
27133 0
27134 0
27135 0
27136 0
27137 0
27138 0
27139 0
27140 0
27141 0
27142 0
27143 0
27144 0
27145 0
27146 0
27147 0
27148 0
27149 0
27150 0
27151 0
27152 0
27153 0
27154 0
27155 0
27156 0
27157 0
27158 0
27159 0
27160 0
27161 0
27162 0
27163 0
27164 0
27165 0
27166 0
27167 0
27168 0
27169 0
27170 0
27171 0
27172 0
27173 0
27174 0
27175 0
27176 0
27177 0
27178 0
27179 0
27180 0
27181 0
27182 0
27183 0
27184 0
27185 0
27186 0
27187 0
27188 0
27189 0
27190 0
27191 0
27192 0
27193 0
27194 0
27195 0
27196 0
27197 0
27198 0
27199 0
27200 0
27201 0
27202 0
27203 0
27204 0
27205 0
27206 0
27207 0
27208 0
27209 0
27210 0
27211 0
27212 0
27213 0
27214 0
27215 0
27216 0
27217 0
27218 0
27219 0
27220 0
27221 0
27222 0
27223 0
27224 0
27225 0
27226 0
27227 0
27228 0
27229 0
27230 0
27231 0
27232 0
27233 0
27234 0
27235 0
27236 0
27237 0
27238 0
27239 0
27240 0
27241 0
27242 0
27243 0
27244 0
27245 0
27246 0
27247 0
27248 0
27249 0
27250 0
27251 0
27252 0
27253 0
27254 0
27255 0
27256 0
27257 0
27258 0
27259 0
27260 0
27261 0
27262 0
27263 0
27264 0
27265 0
27266 0
27267 0
27268 0
27269 0
27270 0
27271 0
27272 0
27273 0
27274 0
27275 0
27276 0
27277 0
27278 0
27279 0
27280 0
27281 0
27282 0
27283 0
27284 0
27285 0
27286 0
27287 0
27288 0
27289 0
27290 0
27291 0
27292 0
27293 0
27294 0
27295 0
27296 0
27297 0
27298 0
27299 0
27300 0
27301 0
27302 0
27303 0
27304 0
27305 0
27306 0
27307 0
27308 0
27309 0
27310 0
27311 0
27312 0
27313 0
27314 0
27315 0
27316 0
27317 0
27318 0
27319 0
27320 0
27321 0
27322 0
27323 0
27324 0
27325 0
27326 0
27327 0
27328 0
27329 0
27330 0
27331 0
27332 0
27333 0
27334 0
27335 0
27336 0
27337 0
27338 0
27339 0
27340 0
27341 0
27342 0
27343 0
27344 0
27345 0
27346 0
27347 0
27348 0
27349 0
27350 0
27351 0
27352 0
27353 0
27354 0
27355 0
27356 0
27357 0
27358 0
27359 0
27360 0
27361 0
27362 0
27363 0
27364 0
27365 0
27366 0
27367 0
27368 0
27369 0
27370 0
27371 0
27372 0
27373 0
27374 0
27375 0
27376 0
27377 0
27378 0
27379 0
27380 0
27381 0
27382 0
27383 0
27384 0
27385 0
27386 0
27387 0
27388 0
27389 0
27390 0
27391 0
27392 0
27393 0
27394 0
27395 0
27396 0
27397 0
27398 0
27399 0
27400 0
27401 0
27402 0
27403 0
27404 0
27405 0
27406 0
27407 0
27408 0
27409 0
27410 0
27411 0
27412 0
27413 0
27414 0
27415 0
27416 0
27417 0
27418 0
27419 0
27420 0
27421 0
27422 0
27423 0
27424 0
27425 0
27426 0
27427 0
27428 0
27429 0
27430 0
27431 0
27432 0
27433 0
27434 0
27435 0
27436 0
27437 0
27438 0
27439 0
27440 0
27441 0
27442 0
27443 0
27444 0
27445 0
27446 0
27447 0
27448 0
27449 0
27450 0
27451 0
27452 0
27453 0
27454 0
27455 0
27456 0
27457 0
27458 0
27459 0
27460 0
27461 0
27462 0
27463 0
27464 0
27465 0
27466 0
27467 0
27468 0
27469 0
27470 0
27471 0
27472 0
27473 0
27474 0
27475 0
27476 0
27477 0
27478 0
27479 0
27480 0
27481 0
27482 0
27483 0
27484 0
27485 0
27486 0
27487 0
27488 0
27489 0
27490 0
27491 0
27492 0
27493 0
27494 0
27495 0
27496 0
27497 0
27498 0
27499 0
27500 0
27501 0
27502 0
27503 0
27504 0
27505 0
27506 0
27507 0
27508 0
27509 0
27510 0
27511 0
27512 0
27513 0
27514 0
27515 0
27516 0
27517 0
27518 0
27519 0
27520 0
27521 0
27522 0
27523 0
27524 0
27525 0
27526 0
27527 0
27528 0
27529 0
27530 0
27531 0
27532 0
27533 0
27534 0
27535 0
27536 0
27537 0
27538 0
27539 0
27540 0
27541 0
27542 0
27543 0
27544 0
27545 0
27546 0
27547 0
27548 0
27549 0
27550 0
27551 0
27552 0
27553 0
27554 0
27555 0
27556 0
27557 0
27558 0
27559 0
27560 0
27561 0
27562 0
27563 0
27564 0
27565 0
27566 0
27567 0
27568 0
27569 0
27570 0
27571 0
27572 0
27573 0
27574 0
27575 0
27576 0
27577 0
27578 0
27579 0
27580 0
27581 0
27582 0
27583 0
27584 0
27585 0
27586 0
27587 0
27588 0
27589 0
27590 0
27591 0
27592 0
27593 0
27594 0
27595 0
27596 0
27597 0
27598 0
27599 0
27600 0
27601 0
27602 0
27603 0
27604 0
27605 0
27606 0
27607 0
27608 0
27609 0
27610 0
27611 0
27612 0
27613 0
27614 0
27615 0
27616 0
27617 0
27618 0
27619 0
27620 0
27621 0
27622 0
27623 0
27624 0
27625 0
27626 0
27627 0
27628 0
27629 0
27630 0
27631 0
27632 0
27633 0
27634 0
27635 0
27636 0
27637 0
27638 0
27639 0
27640 0
27641 0
27642 0
27643 0
27644 0
27645 0
27646 0
27647 0
27648 0
27649 0
27650 0
27651 0
27652 0
27653 0
27654 0
27655 0
27656 0
27657 0
27658 0
27659 0
27660 0
27661 0
27662 0
27663 0
27664 0
27665 0
27666 0
27667 0
27668 0
27669 0
27670 0
27671 0
27672 0
27673 0
27674 0
27675 0
27676 0
27677 0
27678 0
27679 0
27680 0
27681 0
27682 0
27683 0
27684 0
27685 0
27686 0
27687 0
27688 0
27689 0
27690 0
27691 0
27692 0
27693 0
27694 0
27695 0
27696 0
27697 0
27698 0
27699 0
27700 0
27701 0
27702 0
27703 0
27704 0
27705 0
27706 0
27707 0
27708 0
27709 0
27710 0
27711 0
27712 0
27713 0
27714 0
27715 0
27716 0
27717 0
27718 0
27719 0
27720 0
27721 0
27722 0
27723 0
27724 0
27725 0
27726 0
27727 0
27728 0
27729 0
27730 0
27731 0
27732 0
27733 0
27734 0
27735 0
27736 0
27737 0
27738 0
27739 0
27740 0
27741 0
27742 0
27743 0
27744 0
27745 0
27746 0
27747 0
27748 0
27749 0
27750 0
27751 0
27752 0
27753 0
27754 0
27755 0
27756 0
27757 0
27758 0
27759 0
27760 0
27761 0
27762 0
27763 0
27764 0
27765 0
27766 0
27767 0
27768 0
27769 0
27770 0
27771 0
27772 0
27773 0
27774 0
27775 0
27776 0
27777 0
27778 0
27779 0
27780 0
27781 0
27782 0
27783 0
27784 0
27785 0
27786 0
27787 0
27788 0
27789 0
27790 0
27791 0
27792 0
27793 0
27794 0
27795 0
27796 0
27797 0
27798 0
27799 0
27800 0
27801 0
27802 0
27803 0
27804 0
27805 0
27806 0
27807 0
27808 0
27809 0
27810 0
27811 0
27812 0
27813 0
27814 0
27815 0
27816 0
27817 0
27818 0
27819 0
27820 0
27821 0
27822 0
27823 0
27824 0
27825 0
27826 0
27827 0
27828 0
27829 0
27830 0
27831 0
27832 0
27833 0
27834 0
27835 0
27836 0
27837 0
27838 0
27839 0
27840 0
27841 0
27842 0
27843 0
27844 0
27845 0
27846 0
27847 0
27848 0
27849 0
27850 0
27851 0
27852 0
27853 0
27854 0
27855 0
27856 0
27857 0
27858 0
27859 0
27860 0
27861 0
27862 0
27863 0
27864 0
27865 0
27866 0
27867 0
27868 0
27869 0
27870 0
27871 0
27872 0
27873 0
27874 0
27875 0
27876 0
27877 0
27878 0
27879 0
27880 0
27881 0
27882 0
27883 0
27884 0
27885 0
27886 0
27887 0
27888 0
27889 0
27890 0
27891 0
27892 0
27893 0
27894 0
27895 0
27896 0
27897 0
27898 0
27899 0
27900 0
27901 0
27902 0
27903 0
27904 0
27905 0
27906 0
27907 0
27908 0
27909 0
27910 0
27911 0
27912 0
27913 0
27914 0
27915 0
27916 0
27917 0
27918 0
27919 0
27920 0
27921 0
27922 0
27923 0
27924 0
27925 0
27926 0
27927 0
27928 0
27929 0
27930 0
27931 0
27932 0
27933 0
27934 0
27935 0
27936 0
27937 0
27938 0
27939 0
27940 0
27941 0
27942 0
27943 0
27944 0
27945 0
27946 0
27947 0
27948 0
27949 0
27950 0
27951 0
27952 0
27953 0
27954 0
27955 0
27956 0
27957 0
27958 0
27959 0
27960 0
27961 0
27962 0
27963 0
27964 0
27965 0
27966 0
27967 0
27968 0
27969 0
27970 0
27971 0
27972 0
27973 0
27974 0
27975 0
27976 0
27977 0
27978 0
27979 0
27980 0
27981 0
27982 0
27983 0
27984 0
27985 0
27986 0
27987 0
27988 0
27989 0
27990 0
27991 0
27992 0
27993 0
27994 0
27995 0
27996 0
27997 0
27998 0
27999 0
28000 0
28001 0
28002 0
28003 0
28004 0
28005 0
28006 0
28007 0
28008 0
28009 0
28010 0
28011 0
28012 0
28013 0
28014 0
28015 0
28016 0
28017 0
28018 0
28019 0
28020 0
28021 0
28022 0
28023 0
28024 0
28025 0
28026 0
28027 0
28028 0
28029 0
28030 0
28031 0
28032 0
28033 0
28034 0
28035 0
28036 0
28037 0
28038 0
28039 0
28040 0
28041 0
28042 0
28043 0
28044 0
28045 0
28046 0
28047 0
28048 0
28049 0
28050 0
28051 0
28052 0
28053 0
28054 0
28055 0
28056 0
28057 0
28058 0
28059 0
28060 0
28061 0
28062 0
28063 0
28064 0
28065 0
28066 0
28067 0
28068 0
28069 0
28070 0
28071 0
28072 0
28073 0
28074 0
28075 0
28076 0
28077 0
28078 0
28079 0
28080 0
28081 0
28082 0
28083 0
28084 0
28085 0
28086 0
28087 0
28088 0
28089 0
28090 0
28091 0
28092 0
28093 0
28094 0
28095 0
28096 0
28097 0
28098 0
28099 0
28100 0
28101 0
28102 0
28103 0
28104 0
28105 0
28106 0
28107 0
28108 0
28109 0
28110 0
28111 0
28112 0
28113 0
28114 0
28115 0
28116 0
28117 0
28118 0
28119 0
28120 0
28121 0
28122 0
28123 0
28124 0
28125 0
28126 0
28127 0
28128 0
28129 0
28130 0
28131 0
28132 0
28133 0
28134 0
28135 0
28136 0
28137 0
28138 0
28139 0
28140 0
28141 0
28142 0
28143 0
28144 0
28145 0
28146 0
28147 0
28148 0
28149 0
28150 0
28151 0
28152 0
28153 0
28154 0
28155 0
28156 0
28157 0
28158 0
28159 0
28160 0
28161 0
28162 0
28163 0
28164 0
28165 0
28166 0
28167 0
28168 0
28169 0
28170 0
28171 0
28172 0
28173 0
28174 0
28175 0
28176 0
28177 0
28178 0
28179 0
28180 0
28181 0
28182 0
28183 0
28184 0
28185 0
28186 0
28187 0
28188 0
28189 0
28190 0
28191 0
28192 0
28193 0
28194 0
28195 0
28196 0
28197 0
28198 0
28199 0
28200 0
28201 0
28202 0
28203 0
28204 0
28205 0
28206 0
28207 0
28208 0
28209 0
28210 0
28211 0
28212 0
28213 0
28214 0
28215 0
28216 0
28217 0
28218 0
28219 0
28220 0
28221 0
28222 0
28223 0
28224 0
28225 0
28226 0
28227 0
28228 0
28229 0
28230 0
28231 0
28232 0
28233 0
28234 0
28235 0
28236 0
28237 0
28238 0
28239 0
28240 0
28241 0
28242 0
28243 0
28244 0
28245 0
28246 0
28247 0
28248 0
28249 0
28250 0
28251 0
28252 0
28253 0
28254 0
28255 0
28256 0
28257 0
28258 0
28259 0
28260 0
28261 0
28262 0
28263 0
28264 0
28265 0
28266 0
28267 0
28268 0
28269 0
28270 0
28271 0
28272 0
28273 0
28274 0
28275 0
28276 0
28277 0
28278 0
28279 0
28280 0
28281 0
28282 0
28283 0
28284 0
28285 0
28286 0
28287 0
28288 0
28289 0
28290 0
28291 0
28292 0
28293 0
28294 0
28295 0
28296 0
28297 0
28298 0
28299 0
28300 0
28301 0
28302 0
28303 0
28304 0
28305 0
28306 0
28307 0
28308 0
28309 0
28310 0
28311 0
28312 0
28313 0
28314 0
28315 0
28316 0
28317 0
28318 0
28319 0
28320 0
28321 0
28322 0
28323 0
28324 0
28325 0
28326 0
28327 0
28328 0
28329 0
28330 0
28331 0
28332 0
28333 0
28334 0
28335 0
28336 0
28337 0
28338 0
28339 0
28340 0
28341 0
28342 0
28343 0
28344 0
28345 0
28346 0
28347 0
28348 0
28349 0
28350 0
28351 0
28352 0
28353 0
28354 0
28355 0
28356 0
28357 0
28358 0
28359 0
28360 0
28361 0
28362 0
28363 0
28364 0
28365 0
28366 0
28367 0
28368 0
28369 0
28370 0
28371 0
28372 0
28373 0
28374 0
28375 0
28376 0
28377 0
28378 0
28379 0
28380 0
28381 0
28382 0
28383 0
28384 0
28385 0
28386 0
28387 0
28388 0
28389 0
28390 0
28391 0
28392 0
28393 0
28394 0
28395 0
28396 0
28397 0
28398 0
28399 0
28400 0
28401 0
28402 0
28403 0
28404 0
28405 0
28406 0
28407 0
28408 0
28409 0
28410 0
28411 0
28412 0
28413 0
28414 0
28415 0
28416 0
28417 0
28418 0
28419 0
28420 0
28421 0
28422 0
28423 0
28424 0
28425 0
28426 0
28427 0
28428 0
28429 0
28430 0
28431 0
28432 0
28433 0
28434 0
28435 0
28436 0
28437 0
28438 0
28439 0
28440 0
28441 0
28442 0
28443 0
28444 0
28445 0
28446 0
28447 0
28448 0
28449 0
28450 0
28451 0
28452 0
28453 0
28454 0
28455 0
28456 0
28457 0
28458 0
28459 0
28460 0
28461 0
28462 0
28463 0
28464 0
28465 0
28466 0
28467 0
28468 0
28469 0
28470 0
28471 0
28472 0
28473 0
28474 0
28475 0
28476 0
28477 0
28478 0
28479 0
28480 0
28481 0
28482 0
28483 0
28484 0
28485 0
28486 0
28487 0
28488 0
28489 0
28490 0
28491 0
28492 0
28493 0
28494 0
28495 0
28496 0
28497 0
28498 0
28499 0
28500 0
28501 0
28502 0
28503 0
28504 0
28505 0
28506 0
28507 0
28508 0
28509 0
28510 0
28511 0
28512 0
28513 0
28514 0
28515 0
28516 0
28517 0
28518 0
28519 0
28520 0
28521 0
28522 0
28523 0
28524 0
28525 0
28526 0
28527 0
28528 0
28529 0
28530 0
28531 0
28532 0
28533 0
28534 0
28535 0
28536 0
28537 0
28538 0
28539 0
28540 0
28541 0
28542 0
28543 0
28544 0
28545 0
28546 0
28547 0
28548 0
28549 0
28550 0
28551 0
28552 0
28553 0
28554 0
28555 0
28556 0
28557 0
28558 0
28559 0
28560 0
28561 0
28562 0
28563 0
28564 0
28565 0
28566 0
28567 0
28568 0
28569 0
28570 0
28571 0
28572 0
28573 0
28574 0
28575 0
28576 0
28577 0
28578 0
28579 0
28580 0
28581 0
28582 0
28583 0
28584 0
28585 0
28586 0
28587 0
28588 0
28589 0
28590 0
28591 0
28592 0
28593 0
28594 0
28595 0
28596 0
28597 0
28598 0
28599 0
28600 0
28601 0
28602 0
28603 0
28604 0
28605 0
28606 0
28607 0
28608 0
28609 0
28610 0
28611 0
28612 0
28613 0
28614 0
28615 0
28616 0
28617 0
28618 0
28619 0
28620 0
28621 0
28622 0
28623 0
28624 0
28625 0
28626 0
28627 0
28628 0
28629 0
28630 0
28631 0
28632 0
28633 0
28634 0
28635 0
28636 0
28637 0
28638 0
28639 0
28640 0
28641 0
28642 0
28643 0
28644 0
28645 0
28646 0
28647 0
28648 0
28649 0
28650 0
28651 0
28652 0
28653 0
28654 0
28655 0
28656 0
28657 0
28658 0
28659 0
28660 0
28661 0
28662 0
28663 0
28664 0
28665 0
28666 0
28667 0
28668 0
28669 0
28670 0
28671 0
28672 0
28673 0
28674 0
28675 0
28676 0
28677 0
28678 0
28679 0
28680 0
28681 0
28682 0
28683 0
28684 0
28685 0
28686 0
28687 0
28688 0
28689 0
28690 0
28691 0
28692 0
28693 0
28694 0
28695 0
28696 0
28697 0
28698 0
28699 0
28700 0
28701 0
28702 0
28703 0
28704 0
28705 0
28706 0
28707 0
28708 0
28709 0
28710 0
28711 0
28712 0
28713 0
28714 0
28715 0
28716 0
28717 0
28718 0
28719 0
28720 0
28721 0
28722 0
28723 0
28724 0
28725 0
28726 0
28727 0
28728 0
28729 0
28730 0
28731 0
28732 0
28733 0
28734 0
28735 0
28736 0
28737 0
28738 0
28739 0
28740 0
28741 0
28742 0
28743 0
28744 0
28745 0
28746 0
28747 0
28748 0
28749 0
28750 0
28751 0
28752 0
28753 0
28754 0
28755 0
28756 0
28757 0
28758 0
28759 0
28760 0
28761 0
28762 0
28763 0
28764 0
28765 0
28766 0
28767 0
28768 0
28769 0
28770 0
28771 0
28772 0
28773 0
28774 0
28775 0
28776 0
28777 0
28778 0
28779 0
28780 0
28781 0
28782 0
28783 0
28784 0
28785 0
28786 0
28787 0
28788 0
28789 0
28790 0
28791 0
28792 0
28793 0
28794 0
28795 0
28796 0
28797 0
28798 0
28799 0
28800 0
28801 0
28802 0
28803 0
28804 0
28805 0
28806 0
28807 0
28808 0
28809 0
28810 0
28811 0
28812 0
28813 0
28814 0
28815 0
28816 0
28817 0
28818 0
28819 0
28820 0
28821 0
28822 0
28823 0
28824 0
28825 0
28826 0
28827 0
28828 0
28829 0
28830 0
28831 0
28832 0
28833 0
28834 0
28835 0
28836 0
28837 0
28838 0
28839 0
28840 0
28841 0
28842 0
28843 0
28844 0
28845 0
28846 0
28847 0
28848 0
28849 0
28850 0
28851 0
28852 0
28853 0
28854 0
28855 0
28856 0
28857 0
28858 0
28859 0
28860 0
28861 0
28862 0
28863 0
28864 0
28865 0
28866 0
28867 0
28868 0
28869 0
28870 0
28871 0
28872 0
28873 0
28874 0
28875 0
28876 0
28877 0
28878 0
28879 0
28880 0
28881 0
28882 0
28883 0
28884 0
28885 0
28886 0
28887 0
28888 0
28889 0
28890 0
28891 0
28892 0
28893 0
28894 0
28895 0
28896 0
28897 0
28898 0
28899 0
28900 0
28901 0
28902 0
28903 0
28904 0
28905 0
28906 0
28907 0
28908 0
28909 0
28910 0
28911 0
28912 0
28913 0
28914 0
28915 0
28916 0
28917 0
28918 0
28919 0
28920 0
28921 0
28922 0
28923 0
28924 0
28925 0
28926 0
28927 0
28928 0
28929 0
28930 0
28931 0
28932 0
28933 0
28934 0
28935 0
28936 0
28937 0
28938 0
28939 0
28940 0
28941 0
28942 0
28943 0
28944 0
28945 0
28946 0
28947 0
28948 0
28949 0
28950 0
28951 0
28952 0
28953 0
28954 0
28955 0
28956 0
28957 0
28958 0
28959 0
28960 0
28961 0
28962 0
28963 0
28964 0
28965 0
28966 0
28967 0
28968 0
28969 0
28970 0
28971 0
28972 0
28973 0
28974 0
28975 0
28976 0
28977 0
28978 0
28979 0
28980 0
28981 0
28982 0
28983 0
28984 0
28985 0
28986 0
28987 0
28988 0
28989 0
28990 0
28991 0
28992 0
28993 0
28994 0
28995 0
28996 0
28997 0
28998 0
28999 0
29000 0
29001 0
29002 0
29003 0
29004 0
29005 0
29006 0
29007 0
29008 0
29009 0
29010 0
29011 0
29012 0
29013 0
29014 0
29015 0
29016 0
29017 0
29018 0
29019 0
29020 0
29021 0
29022 0
29023 0
29024 0
29025 0
29026 0
29027 0
29028 0
29029 0
29030 0
29031 0
29032 0
29033 0
29034 0
29035 0
29036 0
29037 0
29038 0
29039 0
29040 0
29041 0
29042 0
29043 0
29044 0
29045 0
29046 0
29047 0
29048 0
29049 0
29050 0
29051 0
29052 0
29053 0
29054 0
29055 0
29056 0
29057 0
29058 0
29059 0
29060 0
29061 0
29062 0
29063 0
29064 0
29065 0
29066 0
29067 0
29068 0
29069 0
29070 0
29071 0
29072 0
29073 0
29074 0
29075 0
29076 0
29077 0
29078 0
29079 0
29080 0
29081 0
29082 0
29083 0
29084 0
29085 0
29086 0
29087 0
29088 0
29089 0
29090 0
29091 0
29092 0
29093 0
29094 0
29095 0
29096 0
29097 0
29098 0
29099 0
29100 0
29101 0
29102 0
29103 0
29104 0
29105 0
29106 0
29107 0
29108 0
29109 0
29110 0
29111 0
29112 0
29113 0
29114 0
29115 0
29116 0
29117 0
29118 0
29119 0
29120 0
29121 0
29122 0
29123 0
29124 0
29125 0
29126 0
29127 0
29128 0
29129 0
29130 0
29131 0
29132 0
29133 0
29134 0
29135 0
29136 0
29137 0
29138 0
29139 0
29140 0
29141 0
29142 0
29143 0
29144 0
29145 0
29146 0
29147 0
29148 0
29149 0
29150 0
29151 0
29152 0
29153 0
29154 0
29155 0
29156 0
29157 0
29158 0
29159 0
29160 0
29161 0
29162 0
29163 0
29164 0
29165 0
29166 0
29167 0
29168 0
29169 0
29170 0
29171 0
29172 0
29173 0
29174 0
29175 0
29176 0
29177 0
29178 0
29179 0
29180 0
29181 0
29182 0
29183 0
29184 0
29185 0
29186 0
29187 0
29188 0
29189 0
29190 0
29191 0
29192 0
29193 0
29194 0
29195 0
29196 0
29197 0
29198 0
29199 0
29200 0
29201 0
29202 0
29203 0
29204 0
29205 0
29206 0
29207 0
29208 0
29209 0
29210 0
29211 0
29212 0
29213 0
29214 0
29215 0
29216 0
29217 0
29218 0
29219 0
29220 0
29221 0
29222 0
29223 0
29224 0
29225 0
29226 0
29227 0
29228 0
29229 0
29230 0
29231 0
29232 0
29233 0
29234 0
29235 0
29236 0
29237 0
29238 0
29239 0
29240 0
29241 0
29242 0
29243 0
29244 0
29245 0
29246 0
29247 0
29248 0
29249 0
29250 0
29251 0
29252 0
29253 0
29254 0
29255 0
29256 0
29257 0
29258 0
29259 0
29260 0
29261 0
29262 0
29263 0
29264 0
29265 0
29266 0
29267 0
29268 0
29269 0
29270 0
29271 0
29272 0
29273 0
29274 0
29275 0
29276 0
29277 0
29278 0
29279 0
29280 0
29281 0
29282 0
29283 0
29284 0
29285 0
29286 0
29287 0
29288 0
29289 0
29290 0
29291 0
29292 0
29293 0
29294 0
29295 0
29296 0
29297 0
29298 0
29299 0
29300 0
29301 0
29302 0
29303 0
29304 0
29305 0
29306 0
29307 0
29308 0
29309 0
29310 0
29311 0
29312 0
29313 0
29314 0
29315 0
29316 0
29317 0
29318 0
29319 0
29320 0
29321 0
29322 0
29323 0
29324 0
29325 0
29326 0
29327 0
29328 0
29329 0
29330 0
29331 0
29332 0
29333 0
29334 0
29335 0
29336 0
29337 0
29338 0
29339 0
29340 0
29341 0
29342 0
29343 0
29344 0
29345 0
29346 0
29347 0
29348 0
29349 0
29350 0
29351 0
29352 0
29353 0
29354 0
29355 0
29356 0
29357 0
29358 0
29359 0
29360 0
29361 0
29362 0
29363 0
29364 0
29365 0
29366 0
29367 0
29368 0
29369 0
29370 0
29371 0
29372 0
29373 0
29374 0
29375 0
29376 0
29377 0
29378 0
29379 0
29380 0
29381 0
29382 0
29383 0
29384 0
29385 0
29386 0
29387 0
29388 0
29389 0
29390 0
29391 0
29392 0
29393 0
29394 0
29395 0
29396 0
29397 0
29398 0
29399 0
29400 0
29401 0
29402 0
29403 0
29404 0
29405 0
29406 0
29407 0
29408 0
29409 0
29410 0
29411 0
29412 0
29413 0
29414 0
29415 0
29416 0
29417 0
29418 0
29419 0
29420 0
29421 0
29422 0
29423 0
29424 0
29425 0
29426 0
29427 0
29428 0
29429 0
29430 0
29431 0
29432 0
29433 0
29434 0
29435 0
29436 0
29437 0
29438 0
29439 0
29440 0
29441 0
29442 0
29443 0
29444 0
29445 0
29446 0
29447 0
29448 0
29449 0
29450 0
29451 0
29452 0
29453 0
29454 0
29455 0
29456 0
29457 0
29458 0
29459 0
29460 0
29461 0
29462 0
29463 0
29464 0
29465 0
29466 0
29467 0
29468 0
29469 0
29470 0
29471 0
29472 0
29473 0
29474 0
29475 0
29476 0
29477 0
29478 0
29479 0
29480 0
29481 0
29482 0
29483 0
29484 0
29485 0
29486 0
29487 0
29488 0
29489 0
29490 0
29491 0
29492 0
29493 0
29494 0
29495 0
29496 0
29497 0
29498 0
29499 0
29500 0
29501 0
29502 0
29503 0
29504 0
29505 0
29506 0
29507 0
29508 0
29509 0
29510 0
29511 0
29512 0
29513 0
29514 0
29515 0
29516 0
29517 0
29518 0
29519 0
29520 0
29521 0
29522 0
29523 0
29524 0
29525 0
29526 0
29527 0
29528 0
29529 0
29530 0
29531 0
29532 0
29533 0
29534 0
29535 0
29536 0
29537 0
29538 0
29539 0
29540 0
29541 0
29542 0
29543 0
29544 0
29545 0
29546 0
29547 0
29548 0
29549 0
29550 0
29551 0
29552 0
29553 0
29554 0
29555 0
29556 0
29557 0
29558 0
29559 0
29560 0
29561 0
29562 0
29563 0
29564 0
29565 0
29566 0
29567 0
29568 0
29569 0
29570 0
29571 0
29572 0
29573 0
29574 0
29575 0
29576 0
29577 0
29578 0
29579 0
29580 0
29581 0
29582 0
29583 0
29584 0
29585 0
29586 0
29587 0
29588 0
29589 0
29590 0
29591 0
29592 0
29593 0
29594 0
29595 0
29596 0
29597 0
29598 0
29599 0
29600 0
29601 0
29602 0
29603 0
29604 0
29605 0
29606 0
29607 0
29608 0
29609 0
29610 0
29611 0
29612 0
29613 0
29614 0
29615 0
29616 0
29617 0
29618 0
29619 0
29620 0
29621 0
29622 0
29623 0
29624 0
29625 0
29626 0
29627 0
29628 0
29629 0
29630 0
29631 0
29632 0
29633 0
29634 0
29635 0
29636 0
29637 0
29638 0
29639 0
29640 0
29641 0
29642 0
29643 0
29644 0
29645 0
29646 0
29647 0
29648 0
29649 0
29650 0
29651 0
29652 0
29653 0
29654 0
29655 0
29656 0
29657 0
29658 0
29659 0
29660 0
29661 0
29662 0
29663 0
29664 0
29665 0
29666 0
29667 0
29668 0
29669 0
29670 0
29671 0
29672 0
29673 0
29674 0
29675 0
29676 0
29677 0
29678 0
29679 0
29680 0
29681 0
29682 0
29683 0
29684 0
29685 0
29686 0
29687 0
29688 0
29689 0
29690 0
29691 0
29692 0
29693 0
29694 0
29695 0
29696 0
29697 0
29698 0
29699 0
29700 0
29701 0
29702 0
29703 0
29704 0
29705 0
29706 0
29707 0
29708 0
29709 0
29710 0
29711 0
29712 0
29713 0
29714 0
29715 0
29716 0
29717 0
29718 0
29719 0
29720 0
29721 0
29722 0
29723 0
29724 0
29725 0
29726 0
29727 0
29728 0
29729 0
29730 0
29731 0
29732 0
29733 0
29734 0
29735 0
29736 0
29737 0
29738 0
29739 0
29740 0
29741 0
29742 0
29743 0
29744 0
29745 0
29746 0
29747 0
29748 0
29749 0
29750 0
29751 0
29752 0
29753 0
29754 0
29755 0
29756 0
29757 0
29758 0
29759 0
29760 0
29761 0
29762 0
29763 0
29764 0
29765 0
29766 0
29767 0
29768 0
29769 0
29770 0
29771 0
29772 0
29773 0
29774 0
29775 0
29776 0
29777 0
29778 0
29779 0
29780 0
29781 0
29782 0
29783 0
29784 0
29785 0
29786 0
29787 0
29788 0
29789 0
29790 0
29791 0
29792 0
29793 0
29794 0
29795 0
29796 0
29797 0
29798 0
29799 0
29800 0
29801 0
29802 0
29803 0
29804 0
29805 0
29806 0
29807 0
29808 0
29809 0
29810 0
29811 0
29812 0
29813 0
29814 0
29815 0
29816 0
29817 0
29818 0
29819 0
29820 0
29821 0
29822 0
29823 0
29824 0
29825 0
29826 0
29827 0
29828 0
29829 0
29830 0
29831 0
29832 0
29833 0
29834 0
29835 0
29836 0
29837 0
29838 0
29839 0
29840 0
29841 0
29842 0
29843 0
29844 0
29845 0
29846 0
29847 0
29848 0
29849 0
29850 0
29851 0
29852 0
29853 0
29854 0
29855 0
29856 0
29857 0
29858 0
29859 0
29860 0
29861 0
29862 0
29863 0
29864 0
29865 0
29866 0
29867 0
29868 0
29869 0
29870 0
29871 0
29872 0
29873 0
29874 0
29875 0
29876 0
29877 0
29878 0
29879 0
29880 0
29881 0
29882 0
29883 0
29884 0
29885 0
29886 0
29887 0
29888 0
29889 0
29890 0
29891 0
29892 0
29893 0
29894 0
29895 0
29896 0
29897 0
29898 0
29899 0
29900 0
29901 0
29902 0
29903 0
29904 0
29905 0
29906 0
29907 0
29908 0
29909 0
29910 0
29911 0
29912 0
29913 0
29914 0
29915 0
29916 0
29917 0
29918 0
29919 0
29920 0
29921 0
29922 0
29923 0
29924 0
29925 0
29926 0
29927 0
29928 0
29929 0
29930 0
29931 0
29932 0
29933 0
29934 0
29935 0
29936 0
29937 0
29938 0
29939 0
29940 0
29941 0
29942 0
29943 0
29944 0
29945 0
29946 0
29947 0
29948 0
29949 0
29950 0
29951 0
29952 0
29953 0
29954 0
29955 0
29956 0
29957 0
29958 0
29959 0
29960 0
29961 0
29962 0
29963 0
29964 0
29965 0
29966 0
29967 0
29968 0
29969 0
29970 0
29971 0
29972 0
29973 0
29974 0
29975 0
29976 0
29977 0
29978 0
29979 0
29980 0
29981 0
29982 0
29983 0
29984 0
29985 0
29986 0
29987 0
29988 0
29989 0
29990 0
29991 0
29992 0
29993 0
29994 0
29995 0
29996 0
29997 0
29998 0
29999 0
30000 0
30001 0
30002 0
30003 0
30004 0
30005 0
30006 0
30007 0
30008 0
30009 0
30010 0
30011 0
30012 0
30013 0
30014 0
30015 0
30016 0
30017 0
30018 0
30019 0
30020 0
30021 0
30022 0
30023 0
30024 0
30025 0
30026 0
30027 0
30028 0
30029 0
30030 0
30031 0
30032 0
30033 0
30034 0
30035 0
30036 0
30037 0
30038 0
30039 0
30040 0
30041 0
30042 0
30043 0
30044 0
30045 0
30046 0
30047 0
30048 0
30049 0
30050 0
30051 0
30052 0
30053 0
30054 0
30055 0
30056 0
30057 0
30058 0
30059 0
30060 0
30061 0
30062 0
30063 0
30064 0
30065 0
30066 0
30067 0
30068 0
30069 0
30070 0
30071 0
30072 0
30073 0
30074 0
30075 0
30076 0
30077 0
30078 0
30079 0
30080 0
30081 0
30082 0
30083 0
30084 0
30085 0
30086 0
30087 0
30088 0
30089 0
30090 0
30091 0
30092 0
30093 0
30094 0
30095 0
30096 0
30097 0
30098 0
30099 0
30100 0
30101 0
30102 0
30103 0
30104 0
30105 0
30106 0
30107 0
30108 0
30109 0
30110 0
30111 0
30112 0
30113 0
30114 0
30115 0
30116 0
30117 0
30118 0
30119 0
30120 0
30121 0
30122 0
30123 0
30124 0
30125 0
30126 0
30127 0
30128 0
30129 0
30130 0
30131 0
30132 0
30133 0
30134 0
30135 0
30136 0
30137 0
30138 0
30139 0
30140 0
30141 0
30142 0
30143 0
30144 0
30145 0
30146 0
30147 0
30148 0
30149 0
30150 0
30151 0
30152 0
30153 0
30154 0
30155 0
30156 0
30157 0
30158 0
30159 0
30160 0
30161 0
30162 0
30163 0
30164 0
30165 0
30166 0
30167 0
30168 0
30169 0
30170 0
30171 0
30172 0
30173 0
30174 0
30175 0
30176 0
30177 0
30178 0
30179 0
30180 0
30181 0
30182 0
30183 0
30184 0
30185 0
30186 0
30187 0
30188 0
30189 0
30190 0
30191 0
30192 0
30193 0
30194 0
30195 0
30196 0
30197 0
30198 0
30199 0
30200 0
30201 0
30202 0
30203 0
30204 0
30205 0
30206 0
30207 0
30208 0
30209 0
30210 0
30211 0
30212 0
30213 0
30214 0
30215 0
30216 0
30217 0
30218 0
30219 0
30220 0
30221 0
30222 0
30223 0
30224 0
30225 0
30226 0
30227 0
30228 0
30229 0
30230 0
30231 0
30232 0
30233 0
30234 0
30235 0
30236 0
30237 0
30238 0
30239 0
30240 0
30241 0
30242 0
30243 0
30244 0
30245 0
30246 0
30247 0
30248 0
30249 0
30250 0
30251 0
30252 0
30253 0
30254 0
30255 0
30256 0
30257 0
30258 0
30259 0
30260 0
30261 0
30262 0
30263 0
30264 0
30265 0
30266 0
30267 0
30268 0
30269 0
30270 0
30271 0
30272 0
30273 0
30274 0
30275 0
30276 0
30277 0
30278 0
30279 0
30280 0
30281 0
30282 0
30283 0
30284 0
30285 0
30286 0
30287 0
30288 0
30289 0
30290 0
30291 0
30292 0
30293 0
30294 0
30295 0
30296 0
30297 0
30298 0
30299 0
30300 0
30301 0
30302 0
30303 0
30304 0
30305 0
30306 0
30307 0
30308 0
30309 0
30310 0
30311 0
30312 0
30313 0
30314 0
30315 0
30316 0
30317 0
30318 0
30319 0
30320 0
30321 0
30322 0
30323 0
30324 0
30325 0
30326 0
30327 0
30328 0
30329 0
30330 0
30331 0
30332 0
30333 0
30334 0
30335 0
30336 0
30337 0
30338 0
30339 0
30340 0
30341 0
30342 0
30343 0
30344 0
30345 0
30346 0
30347 0
30348 0
30349 0
30350 0
30351 0
30352 0
30353 0
30354 0
30355 0
30356 0
30357 0
30358 0
30359 0
30360 0
30361 0
30362 0
30363 0
30364 0
30365 0
30366 0
30367 0
30368 0
30369 0
30370 0
30371 0
30372 0
30373 0
30374 0
30375 0
30376 0
30377 0
30378 0
30379 0
30380 0
30381 0
30382 0
30383 0
30384 0
30385 0
30386 0
30387 0
30388 0
30389 0
30390 0
30391 0
30392 0
30393 0
30394 0
30395 0
30396 0
30397 0
30398 0
30399 0
30400 0
30401 0
30402 0
30403 0
30404 0
30405 0
30406 0
30407 0
30408 0
30409 0
30410 0
30411 0
30412 0
30413 0
30414 0
30415 0
30416 0
30417 0
30418 0
30419 0
30420 0
30421 0
30422 0
30423 0
30424 0
30425 0
30426 0
30427 0
30428 0
30429 0
30430 0
30431 0
30432 0
30433 0
30434 0
30435 0
30436 0
30437 0
30438 0
30439 0
30440 0
30441 0
30442 0
30443 0
30444 0
30445 0
30446 0
30447 0
30448 0
30449 0
30450 0
30451 0
30452 0
30453 0
30454 0
30455 0
30456 0
30457 0
30458 0
30459 0
30460 0
30461 0
30462 0
30463 0
30464 0
30465 0
30466 0
30467 0
30468 0
30469 0
30470 0
30471 0
30472 0
30473 0
30474 0
30475 0
30476 0
30477 0
30478 0
30479 0
30480 0
30481 0
30482 0
30483 0
30484 0
30485 0
30486 0
30487 0
30488 0
30489 0
30490 0
30491 0
30492 0
30493 0
30494 0
30495 0
30496 0
30497 0
30498 0
30499 0
30500 0
30501 0
30502 0
30503 0
30504 0
30505 0
30506 0
30507 0
30508 0
30509 0
30510 0
30511 0
30512 0
30513 0
30514 0
30515 0
30516 0
30517 0
30518 0
30519 0
30520 0
30521 0
30522 0
30523 0
30524 0
30525 0
30526 0
30527 0
30528 0
30529 0
30530 0
30531 0
30532 0
30533 0
30534 0
30535 0
30536 0
30537 0
30538 0
30539 0
30540 0
30541 0
30542 0
30543 0
30544 0
30545 0
30546 0
30547 0
30548 0
30549 0
30550 0
30551 0
30552 0
30553 0
30554 0
30555 0
30556 0
30557 0
30558 0
30559 0
30560 0
30561 0
30562 0
30563 0
30564 0
30565 0
30566 0
30567 0
30568 0
30569 0
30570 0
30571 0
30572 0
30573 0
30574 0
30575 0
30576 0
30577 0
30578 0
30579 0
30580 0
30581 0
30582 0
30583 0
30584 0
30585 0
30586 0
30587 0
30588 0
30589 0
30590 0
30591 0
30592 0
30593 0
30594 0
30595 0
30596 0
30597 0
30598 0
30599 0
30600 0
30601 0
30602 0
30603 0
30604 0
30605 0
30606 0
30607 0
30608 0
30609 0
30610 0
30611 0
30612 0
30613 0
30614 0
30615 0
30616 0
30617 0
30618 0
30619 0
30620 0
30621 0
30622 0
30623 0
30624 0
30625 0
30626 0
30627 0
30628 0
30629 0
30630 0
30631 0
30632 0
30633 0
30634 0
30635 0
30636 0
30637 0
30638 0
30639 0
30640 0
30641 0
30642 0
30643 0
30644 0
30645 0
30646 0
30647 0
30648 0
30649 0
30650 0
30651 0
30652 0
30653 0
30654 0
30655 0
30656 0
30657 0
30658 0
30659 0
30660 0
30661 0
30662 0
30663 0
30664 0
30665 0
30666 0
30667 0
30668 0
30669 0
30670 0
30671 0
30672 0
30673 0
30674 0
30675 0
30676 0
30677 0
30678 0
30679 0
30680 0
30681 0
30682 0
30683 0
30684 0
30685 0
30686 0
30687 0
30688 0
30689 0
30690 0
30691 0
30692 0
30693 0
30694 0
30695 0
30696 0
30697 0
30698 0
30699 0
30700 0
30701 0
30702 0
30703 0
30704 0
30705 0
30706 0
30707 0
30708 0
30709 0
30710 0
30711 0
30712 0
30713 0
30714 0
30715 0
30716 0
30717 0
30718 0
30719 0
30720 0
30721 0
30722 0
30723 0
30724 0
30725 0
30726 0
30727 0
30728 0
30729 0
30730 0
30731 0
30732 0
30733 0
30734 0
30735 0
30736 0
30737 0
30738 0
30739 0
30740 0
30741 0
30742 0
30743 0
30744 0
30745 0
30746 0
30747 0
30748 0
30749 0
30750 0
30751 0
30752 0
30753 0
30754 0
30755 0
30756 0
30757 0
30758 0
30759 0
30760 0
30761 0
30762 0
30763 0
30764 0
30765 0
30766 0
30767 0
30768 0
30769 0
30770 0
30771 0
30772 0
30773 0
30774 0
30775 0
30776 0
30777 0
30778 0
30779 0
30780 0
30781 0
30782 0
30783 0
30784 0
30785 0
30786 0
30787 0
30788 0
30789 0
30790 0
30791 0
30792 0
30793 0
30794 0
30795 0
30796 0
30797 0
30798 0
30799 0
30800 0
30801 0
30802 0
30803 0
30804 0
30805 0
30806 0
30807 0
30808 0
30809 0
30810 0
30811 0
30812 0
30813 0
30814 0
30815 0
30816 0
30817 0
30818 0
30819 0
30820 0
30821 0
30822 0
30823 0
30824 0
30825 0
30826 0
30827 0
30828 0
30829 0
30830 0
30831 0
30832 0
30833 0
30834 0
30835 0
30836 0
30837 0
30838 0
30839 0
30840 0
30841 0
30842 0
30843 0
30844 0
30845 0
30846 0
30847 0
30848 0
30849 0
30850 0
30851 0
30852 0
30853 0
30854 0
30855 0
30856 0
30857 0
30858 0
30859 0
30860 0
30861 0
30862 0
30863 0
30864 0
30865 0
30866 0
30867 0
30868 0
30869 0
30870 0
30871 0
30872 0
30873 0
30874 0
30875 0
30876 0
30877 0
30878 0
30879 0
30880 0
30881 0
30882 0
30883 0
30884 0
30885 0
30886 0
30887 0
30888 0
30889 0
30890 0
30891 0
30892 0
30893 0
30894 0
30895 0
30896 0
30897 0
30898 0
30899 0
30900 0
30901 0
30902 0
30903 0
30904 0
30905 0
30906 0
30907 0
30908 0
30909 0
30910 0
30911 0
30912 0
30913 0
30914 0
30915 0
30916 0
30917 0
30918 0
30919 0
30920 0
30921 0
30922 0
30923 0
30924 0
30925 0
30926 0
30927 0
30928 0
30929 0
30930 0
30931 0
30932 0
30933 0
30934 0
30935 0
30936 0
30937 0
30938 0
30939 0
30940 0
30941 0
30942 0
30943 0
30944 0
30945 0
30946 0
30947 0
30948 0
30949 0
30950 0
30951 0
30952 0
30953 0
30954 0
30955 0
30956 0
30957 0
30958 0
30959 0
30960 0
30961 0
30962 0
30963 0
30964 0
30965 0
30966 0
30967 0
30968 0
30969 0
30970 0
30971 0
30972 0
30973 0
30974 0
30975 0
30976 0
30977 0
30978 0
30979 0
30980 0
30981 0
30982 0
30983 0
30984 0
30985 0
30986 0
30987 0
30988 0
30989 0
30990 0
30991 0
30992 0
30993 0
30994 0
30995 0
30996 0
30997 0
30998 0
30999 0
31000 0
31001 0
31002 0
31003 0
31004 0
31005 0
31006 0
31007 0
31008 0
31009 0
31010 0
31011 0
31012 0
31013 0
31014 0
31015 0
31016 0
31017 0
31018 0
31019 0
31020 0
31021 0
31022 0
31023 0
31024 0
31025 0
31026 0
31027 0
31028 0
31029 0
31030 0
31031 0
31032 0
31033 0
31034 0
31035 0
31036 0
31037 0
31038 0
31039 0
31040 0
31041 0
31042 0
31043 0
31044 0
31045 0
31046 0
31047 0
31048 0
31049 0
31050 0
31051 0
31052 0
31053 0
31054 0
31055 0
31056 0
31057 0
31058 0
31059 0
31060 0
31061 0
31062 0
31063 0
31064 0
31065 0
31066 0
31067 0
31068 0
31069 0
31070 0
31071 0
31072 0
31073 0
31074 0
31075 0
31076 0
31077 0
31078 0
31079 0
31080 0
31081 0
31082 0
31083 0
31084 0
31085 0
31086 0
31087 0
31088 0
31089 0
31090 0
31091 0
31092 0
31093 0
31094 0
31095 0
31096 0
31097 0
31098 0
31099 0
31100 0
31101 0
31102 0
31103 0
31104 0
31105 0
31106 0
31107 0
31108 0
31109 0
31110 0
31111 0
31112 0
31113 0
31114 0
31115 0
31116 0
31117 0
31118 0
31119 0
31120 0
31121 0
31122 0
31123 0
31124 0
31125 0
31126 0
31127 0
31128 0
31129 0
31130 0
31131 0
31132 0
31133 0
31134 0
31135 0
31136 0
31137 0
31138 0
31139 0
31140 0
31141 0
31142 0
31143 0
31144 0
31145 0
31146 0
31147 0
31148 0
31149 0
31150 0
31151 0
31152 0
31153 0
31154 0
31155 0
31156 0
31157 0
31158 0
31159 0
31160 0
31161 0
31162 0
31163 0
31164 0
31165 0
31166 0
31167 0
31168 0
31169 0
31170 0
31171 0
31172 0
31173 0
31174 0
31175 0
31176 0
31177 0
31178 0
31179 0
31180 0
31181 0
31182 0
31183 0
31184 0
31185 0
31186 0
31187 0
31188 0
31189 0
31190 0
31191 0
31192 0
31193 0
31194 0
31195 0
31196 0
31197 0
31198 0
31199 0
31200 0
31201 0
31202 0
31203 0
31204 0
31205 0
31206 0
31207 0
31208 0
31209 0
31210 0
31211 0
31212 0
31213 0
31214 0
31215 0
31216 0
31217 0
31218 0
31219 0
31220 0
31221 0
31222 0
31223 0
31224 0
31225 0
31226 0
31227 0
31228 0
31229 0
31230 0
31231 0
31232 0
31233 0
31234 0
31235 0
31236 0
31237 0
31238 0
31239 0
31240 0
31241 0
31242 0
31243 0
31244 0
31245 0
31246 0
31247 0
31248 0
31249 0
31250 0
31251 0
31252 0
31253 0
31254 0
31255 0
31256 0
31257 0
31258 0
31259 0
31260 0
31261 0
31262 0
31263 0
31264 0
31265 0
31266 0
31267 0
31268 0
31269 0
31270 0
31271 0
31272 0
31273 0
31274 0
31275 0
31276 0
31277 0
31278 0
31279 0
31280 0
31281 0
31282 0
31283 0
31284 0
31285 0
31286 0
31287 0
31288 0
31289 0
31290 0
31291 0
31292 0
31293 0
31294 0
31295 0
31296 0
31297 0
31298 0
31299 0
31300 0
31301 0
31302 0
31303 0
31304 0
31305 0
31306 0
31307 0
31308 0
31309 0
31310 0
31311 0
31312 0
31313 0
31314 0
31315 0
31316 0
31317 0
31318 0
31319 0
31320 0
31321 0
31322 0
31323 0
31324 0
31325 0
31326 0
31327 0
31328 0
31329 0
31330 0
31331 0
31332 0
31333 0
31334 0
31335 0
31336 0
31337 0
31338 0
31339 0
31340 0
31341 0
31342 0
31343 0
31344 0
31345 0
31346 0
31347 0
31348 0
31349 0
31350 0
31351 0
31352 0
31353 0
31354 0
31355 0
31356 0
31357 0
31358 0
31359 0
31360 0
31361 0
31362 0
31363 0
31364 0
31365 0
31366 0
31367 0
31368 0
31369 0
31370 0
31371 0
31372 0
31373 0
31374 0
31375 0
31376 0
31377 0
31378 0
31379 0
31380 0
31381 0
31382 0
31383 0
31384 0
31385 0
31386 0
31387 0
31388 0
31389 0
31390 0
31391 0
31392 0
31393 0
31394 0
31395 0
31396 0
31397 0
31398 0
31399 0
31400 0
31401 0
31402 0
31403 0
31404 0
31405 0
31406 0
31407 0
31408 0
31409 0
31410 0
31411 0
31412 0
31413 0
31414 0
31415 0
31416 0
31417 0
31418 0
31419 0
31420 0
31421 0
31422 0
31423 0
31424 0
31425 0
31426 0
31427 0
31428 0
31429 0
31430 0
31431 0
31432 0
31433 0
31434 0
31435 0
31436 0
31437 0
31438 0
31439 0
31440 0
31441 0
31442 0
31443 0
31444 0
31445 0
31446 0
31447 0
31448 0
31449 0
31450 0
31451 0
31452 0
31453 0
31454 0
31455 0
31456 0
31457 0
31458 0
31459 0
31460 0
31461 0
31462 0
31463 0
31464 0
31465 0
31466 0
31467 0
31468 0
31469 0
31470 0
31471 0
31472 0
31473 0
31474 0
31475 0
31476 0
31477 0
31478 0
31479 0
31480 0
31481 0
31482 0
31483 0
31484 0
31485 0
31486 0
31487 0
31488 0
31489 0
31490 0
31491 0
31492 0
31493 0
31494 0
31495 0
31496 0
31497 0
31498 0
31499 0
31500 0
31501 0
31502 0
31503 0
31504 0
31505 0
31506 0
31507 0
31508 0
31509 0
31510 0
31511 0
31512 0
31513 0
31514 0
31515 0
31516 0
31517 0
31518 0
31519 0
31520 0
31521 0
31522 0
31523 0
31524 0
31525 0
31526 0
31527 0
31528 0
31529 0
31530 0
31531 0
31532 0
31533 0
31534 0
31535 0
31536 0
31537 0
31538 0
31539 0
31540 0
31541 0
31542 0
31543 0
31544 0
31545 0
31546 0
31547 0
31548 0
31549 0
31550 0
31551 0
31552 0
31553 0
31554 0
31555 0
31556 0
31557 0
31558 0
31559 0
31560 0
31561 0
31562 0
31563 0
31564 0
31565 0
31566 0
31567 0
31568 0
31569 0
31570 0
31571 0
31572 0
31573 0
31574 0
31575 0
31576 0
31577 0
31578 0
31579 0
31580 0
31581 0
31582 0
31583 0
31584 0
31585 0
31586 0
31587 0
31588 0
31589 0
31590 0
31591 0
31592 0
31593 0
31594 0
31595 0
31596 0
31597 0
31598 0
31599 0
31600 0
31601 0
31602 0
31603 0
31604 0
31605 0
31606 0
31607 0
31608 0
31609 0
31610 0
31611 0
31612 0
31613 0
31614 0
31615 0
31616 0
31617 0
31618 0
31619 0
31620 0
31621 0
31622 0
31623 0
31624 0
31625 0
31626 0
31627 0
31628 0
31629 0
31630 0
31631 0
31632 0
31633 0
31634 0
31635 0
31636 0
31637 0
31638 0
31639 0
31640 0
31641 0
31642 0
31643 0
31644 0
31645 0
31646 0
31647 0
31648 0
31649 0
31650 0
31651 0
31652 0
31653 0
31654 0
31655 0
31656 0
31657 0
31658 0
31659 0
31660 0
31661 0
31662 0
31663 0
31664 0
31665 0
31666 0
31667 0
31668 0
31669 0
31670 0
31671 0
31672 0
31673 0
31674 0
31675 0
31676 0
31677 0
31678 0
31679 0
31680 0
31681 0
31682 0
31683 0
31684 0
31685 0
31686 0
31687 0
31688 0
31689 0
31690 0
31691 0
31692 0
31693 0
31694 0
31695 0
31696 0
31697 0
31698 0
31699 0
31700 0
31701 0
31702 0
31703 0
31704 0
31705 0
31706 0
31707 0
31708 0
31709 0
31710 0
31711 0
31712 0
31713 0
31714 0
31715 0
31716 0
31717 0
31718 0
31719 0
31720 0
31721 0
31722 0
31723 0
31724 0
31725 0
31726 0
31727 0
31728 0
31729 0
31730 0
31731 0
31732 0
31733 0
31734 0
31735 0
31736 0
31737 0
31738 0
31739 0
31740 0
31741 0
31742 0
31743 0
31744 0
31745 0
31746 0
31747 0
31748 0
31749 0
31750 0
31751 0
31752 0
31753 0
31754 0
31755 0
31756 0
31757 0
31758 0
31759 0
31760 0
31761 0
31762 0
31763 0
31764 0
31765 0
31766 0
31767 0
31768 0
31769 0
31770 0
31771 0
31772 0
31773 0
31774 0
31775 0
31776 0
31777 0
31778 0
31779 0
31780 0
31781 0
31782 0
31783 0
31784 0
31785 0
31786 0
31787 0
31788 0
31789 0
31790 0
31791 0
31792 0
31793 0
31794 0
31795 0
31796 0
31797 0
31798 0
31799 0
31800 0
31801 0
31802 0
31803 0
31804 0
31805 0
31806 0
31807 0
31808 0
31809 0
31810 0
31811 0
31812 0
31813 0
31814 0
31815 0
31816 0
31817 0
31818 0
31819 0
31820 0
31821 0
31822 0
31823 0
31824 0
31825 0
31826 0
31827 0
31828 0
31829 0
31830 0
31831 0
31832 0
31833 0
31834 0
31835 0
31836 0
31837 0
31838 0
31839 0
31840 0
31841 0
31842 0
31843 0
31844 0
31845 0
31846 0
31847 0
31848 0
31849 0
31850 0
31851 0
31852 0
31853 0
31854 0
31855 0
31856 0
31857 0
31858 0
31859 0
31860 0
31861 0
31862 0
31863 0
31864 0
31865 0
31866 0
31867 0
31868 0
31869 0
31870 0
31871 0
31872 0
31873 0
31874 0
31875 0
31876 0
31877 0
31878 0
31879 0
31880 0
31881 0
31882 0
31883 0
31884 0
31885 0
31886 0
31887 0
31888 0
31889 0
31890 0
31891 0
31892 0
31893 0
31894 0
31895 0
31896 0
31897 0
31898 0
31899 0
31900 0
31901 0
31902 0
31903 0
31904 0
31905 0
31906 0
31907 0
31908 0
31909 0
31910 0
31911 0
31912 0
31913 0
31914 0
31915 0
31916 0
31917 0
31918 0
31919 0
31920 0
31921 0
31922 0
31923 0
31924 0
31925 0
31926 0
31927 0
31928 0
31929 0
31930 0
31931 0
31932 0
31933 0
31934 0
31935 0
31936 0
31937 0
31938 0
31939 0
31940 0
31941 0
31942 0
31943 0
31944 0
31945 0
31946 0
31947 0
31948 0
31949 0
31950 0
31951 0
31952 0
31953 0
31954 0
31955 0
31956 0
31957 0
31958 0
31959 0
31960 0
31961 0
31962 0
31963 0
31964 0
31965 0
31966 0
31967 0
31968 0
31969 0
31970 0
31971 0
31972 0
31973 0
31974 0
31975 0
31976 0
31977 0
31978 0
31979 0
31980 0
31981 0
31982 0
31983 0
31984 0
31985 0
31986 0
31987 0
31988 0
31989 0
31990 0
31991 0
31992 0
31993 0
31994 0
31995 0
31996 0
31997 0
31998 0
31999 0
32000 0
32001 0
32002 0
32003 0
32004 0
32005 0
32006 0
32007 0
32008 0
32009 0
32010 0
32011 0
32012 0
32013 0
32014 0
32015 0
32016 0
32017 0
32018 0
32019 0
32020 0
32021 0
32022 0
32023 0
32024 0
32025 0
32026 0
32027 0
32028 0
32029 0
32030 0
32031 0
32032 0
32033 0
32034 0
32035 0
32036 0
32037 0
32038 0
32039 0
32040 0
32041 0
32042 0
32043 0
32044 0
32045 0
32046 0
32047 0
32048 0
32049 0
32050 0
32051 0
32052 0
32053 0
32054 0
32055 0
32056 0
32057 0
32058 0
32059 0
32060 0
32061 0
32062 0
32063 0
32064 0
32065 0
32066 0
32067 0
32068 0
32069 0
32070 0
32071 0
32072 0
32073 0
32074 0
32075 0
32076 0
32077 0
32078 0
32079 0
32080 0
32081 0
32082 0
32083 0
32084 0
32085 0
32086 0
32087 0
32088 0
32089 0
32090 0
32091 0
32092 0
32093 0
32094 0
32095 0
32096 0
32097 0
32098 0
32099 0
32100 0
32101 0
32102 0
32103 0
32104 0
32105 0
32106 0
32107 0
32108 0
32109 0
32110 0
32111 0
32112 0
32113 0
32114 0
32115 0
32116 0
32117 0
32118 0
32119 0
32120 0
32121 0
32122 0
32123 0
32124 0
32125 0
32126 0
32127 0
32128 0
32129 0
32130 0
32131 0
32132 0
32133 0
32134 0
32135 0
32136 0
32137 0
32138 0
32139 0
32140 0
32141 0
32142 0
32143 0
32144 0
32145 0
32146 0
32147 0
32148 0
32149 0
32150 0
32151 0
32152 0
32153 0
32154 0
32155 0
32156 0
32157 0
32158 0
32159 0
32160 0
32161 0
32162 0
32163 0
32164 0
32165 0
32166 0
32167 0
32168 0
32169 0
32170 0
32171 0
32172 0
32173 0
32174 0
32175 0
32176 0
32177 0
32178 0
32179 0
32180 0
32181 0
32182 0
32183 0
32184 0
32185 0
32186 0
32187 0
32188 0
32189 0
32190 0
32191 0
32192 0
32193 0
32194 0
32195 0
32196 0
32197 0
32198 0
32199 0
32200 0
32201 0
32202 0
32203 0
32204 0
32205 0
32206 0
32207 0
32208 0
32209 0
32210 0
32211 0
32212 0
32213 0
32214 0
32215 0
32216 0
32217 0
32218 0
32219 0
32220 0
32221 0
32222 0
32223 0
32224 0
32225 0
32226 0
32227 0
32228 0
32229 0
32230 0
32231 0
32232 0
32233 0
32234 0
32235 0
32236 0
32237 0
32238 0
32239 0
32240 0
32241 0
32242 0
32243 0
32244 0
32245 0
32246 0
32247 0
32248 0
32249 0
32250 0
32251 0
32252 0
32253 0
32254 0
32255 0
32256 0
32257 0
32258 0
32259 0
32260 0
32261 0
32262 0
32263 0
32264 0
32265 0
32266 0
32267 0
32268 0
32269 0
32270 0
32271 0
32272 0
32273 0
32274 0
32275 0
32276 0
32277 0
32278 0
32279 0
32280 0
32281 0
32282 0
32283 0
32284 0
32285 0
32286 0
32287 0
32288 0
32289 0
32290 0
32291 0
32292 0
32293 0
32294 0
32295 0
32296 0
32297 0
32298 0
32299 0
32300 0
32301 0
32302 0
32303 0
32304 0
32305 0
32306 0
32307 0
32308 0
32309 0
32310 0
32311 0
32312 0
32313 0
32314 0
32315 0
32316 0
32317 0
32318 0
32319 0
32320 0
32321 0
32322 0
32323 0
32324 0
32325 0
32326 0
32327 0
32328 0
32329 0
32330 0
32331 0
32332 0
32333 0
32334 0
32335 0
32336 0
32337 0
32338 0
32339 0
32340 0
32341 0
32342 0
32343 0
32344 0
32345 0
32346 0
32347 0
32348 0
32349 0
32350 0
32351 0
32352 0
32353 0
32354 0
32355 0
32356 0
32357 0
32358 0
32359 0
32360 0
32361 0
32362 0
32363 0
32364 0
32365 0
32366 0
32367 0
32368 0
32369 0
32370 0
32371 0
32372 0
32373 0
32374 0
32375 0
32376 0
32377 0
32378 0
32379 0
32380 0
32381 0
32382 0
32383 0
32384 0
32385 0
32386 0
32387 0
32388 0
32389 0
32390 0
32391 0
32392 0
32393 0
32394 0
32395 0
32396 0
32397 0
32398 0
32399 0
32400 0
32401 0
32402 0
32403 0
32404 0
32405 0
32406 0
32407 0
32408 0
32409 0
32410 0
32411 0
32412 0
32413 0
32414 0
32415 0
32416 0
32417 0
32418 0
32419 0
32420 0
32421 0
32422 0
32423 0
32424 0
32425 0
32426 0
32427 0
32428 0
32429 0
32430 0
32431 0
32432 0
32433 0
32434 0
32435 0
32436 0
32437 0
32438 0
32439 0
32440 0
32441 0
32442 0
32443 0
32444 0
32445 0
32446 0
32447 0
32448 0
32449 0
32450 0
32451 0
32452 0
32453 0
32454 0
32455 0
32456 0
32457 0
32458 0
32459 0
32460 0
32461 0
32462 0
32463 0
32464 0
32465 0
32466 0
32467 0
32468 0
32469 0
32470 0
32471 0
32472 0
32473 0
32474 0
32475 0
32476 0
32477 0
32478 0
32479 0
32480 0
32481 0
32482 0
32483 0
32484 0
32485 0
32486 0
32487 0
32488 0
32489 0
32490 0
32491 0
32492 0
32493 0
32494 0
32495 0
32496 0
32497 0
32498 0
32499 0
32500 0
32501 0
32502 0
32503 0
32504 0
32505 0
32506 0
32507 0
32508 0
32509 0
32510 0
32511 0
32512 0
32513 0
32514 0
32515 0
32516 0
32517 0
32518 0
32519 0
32520 0
32521 0
32522 0
32523 0
32524 0
32525 0
32526 0
32527 0
32528 0
32529 0
32530 0
32531 0
32532 0
32533 0
32534 0
32535 0
32536 0
32537 0
32538 0
32539 0
32540 0
32541 0
32542 0
32543 0
32544 0
32545 0
32546 0
32547 0
32548 0
32549 0
32550 0
32551 0
32552 0
32553 0
32554 0
32555 0
32556 0
32557 0
32558 0
32559 0
32560 0
32561 0
32562 0
32563 0
32564 0
32565 0
32566 0
32567 0
32568 0
32569 0
32570 0
32571 0
32572 0
32573 0
32574 0
32575 0
32576 0
32577 0
32578 0
32579 0
32580 0
32581 0
32582 0
32583 0
32584 0
32585 0
32586 0
32587 0
32588 0
32589 0
32590 0
32591 0
32592 0
32593 0
32594 0
32595 0
32596 0
32597 0
32598 0
32599 0
32600 0
32601 0
32602 0
32603 0
32604 0
32605 0
32606 0
32607 0
32608 0
32609 0
32610 0
32611 0
32612 0
32613 0
32614 0
32615 0
32616 0
32617 0
32618 0
32619 0
32620 0
32621 0
32622 0
32623 0
32624 0
32625 0
32626 0
32627 0
32628 0
32629 0
32630 0
32631 0
32632 0
32633 0
32634 0
32635 0
32636 0
32637 0
32638 0
32639 0
32640 0
32641 0
32642 0
32643 0
32644 0
32645 0
32646 0
32647 0
32648 0
32649 0
32650 0
32651 0
32652 0
32653 0
32654 0
32655 0
32656 0
32657 0
32658 0
32659 0
32660 0
32661 0
32662 0
32663 0
32664 0
32665 0
32666 0
32667 0
32668 0
32669 0
32670 0
32671 0
32672 0
32673 0
32674 0
32675 0
32676 0
32677 0
32678 0
32679 0
32680 0
32681 0
32682 0
32683 0
32684 0
32685 0
32686 0
32687 0
32688 0
32689 0
32690 0
32691 0
32692 0
32693 0
32694 0
32695 0
32696 0
32697 0
32698 0
32699 0
32700 0
32701 0
32702 0
32703 0
32704 0
32705 0
32706 0
32707 0
32708 0
32709 0
32710 0
32711 0
32712 0
32713 0
32714 0
32715 0
32716 0
32717 0
32718 0
32719 0
32720 0
32721 0
32722 0
32723 0
32724 0
32725 0
32726 0
32727 0
32728 0
32729 0
32730 0
32731 0
32732 0
32733 0
32734 0
32735 0
32736 0
32737 0
32738 0
32739 0
32740 0
32741 0
32742 0
32743 0
32744 0
32745 0
32746 0
32747 0
32748 0
32749 0
32750 0
32751 0
32752 0
32753 0
32754 0
32755 0
32756 0
32757 0
32758 0
32759 0
32760 0
32761 0
32762 0
32763 0
32764 0
32765 0
32766 0
32767 0
32768 0
32769 0
32770 0
32771 0
32772 0
32773 0
32774 0
32775 0
32776 0
32777 0
32778 0
32779 0
32780 0
32781 0
32782 0
32783 0
32784 0
32785 0
32786 0
32787 0
32788 0
32789 0
32790 0
32791 0
32792 0
32793 0
32794 0
32795 0
32796 0
32797 0
32798 0
32799 0
32800 0
32801 0
32802 0
32803 0
32804 0
32805 0
32806 0
32807 0
32808 0
32809 0
32810 0
32811 0
32812 0
32813 0
32814 0
32815 0
32816 0
32817 0
32818 0
32819 0
32820 0
32821 0
32822 0
32823 0
32824 0
32825 0
32826 0
32827 0
32828 0
32829 0
32830 0
32831 0
32832 0
32833 0
32834 0
32835 0
32836 0
32837 0
32838 0
32839 0
32840 0
32841 0
32842 0
32843 0
32844 0
32845 0
32846 0
32847 0
32848 0
32849 0
32850 0
32851 0
32852 0
32853 0
32854 0
32855 0
32856 0
32857 0
32858 0
32859 0
32860 0
32861 0
32862 0
32863 0
32864 0
32865 0
32866 0
32867 0
32868 0
32869 0
32870 0
32871 0
32872 0
32873 0
32874 0
32875 0
32876 0
32877 0
32878 0
32879 0
32880 0
32881 0
32882 0
32883 0
32884 0
32885 0
32886 0
32887 0
32888 0
32889 0
32890 0
32891 0
32892 0
32893 0
32894 0
32895 0
32896 0
32897 0
32898 0
32899 0
32900 0
32901 0
32902 0
32903 0
32904 0
32905 0
32906 0
32907 0
32908 0
32909 0
32910 0
32911 0
32912 0
32913 0
32914 0
32915 0
32916 0
32917 0
32918 0
32919 0
32920 0
32921 0
32922 0
32923 0
32924 0
32925 0
32926 0
32927 0
32928 0
32929 0
32930 0
32931 0
32932 0
32933 0
32934 0
32935 0
32936 0
32937 0
32938 0
32939 0
32940 0
32941 0
32942 0
32943 0
32944 0
32945 0
32946 0
32947 0
32948 0
32949 0
32950 0
32951 0
32952 0
32953 0
32954 0
32955 0
32956 0
32957 0
32958 0
32959 0
32960 0
32961 0
32962 0
32963 0
32964 0
32965 0
32966 0
32967 0
32968 0
32969 0
32970 0
32971 0
32972 0
32973 0
32974 0
32975 0
32976 0
32977 0
32978 0
32979 0
32980 0
32981 0
32982 0
32983 0
32984 0
32985 0
32986 0
32987 0
32988 0
32989 0
32990 0
32991 0
32992 0
32993 0
32994 0
32995 0
32996 0
32997 0
32998 0
32999 0
33000 0
33001 0
33002 0
33003 0
33004 0
33005 0
33006 0
33007 0
33008 0
33009 0
33010 0
33011 0
33012 0
33013 0
33014 0
33015 0
33016 0
33017 0
33018 0
33019 0
33020 0
33021 0
33022 0
33023 0
33024 0
33025 0
33026 0
33027 0
33028 0
33029 0
33030 0
33031 0
33032 0
33033 0
33034 0
33035 0
33036 0
33037 0
33038 0
33039 0
33040 0
33041 0
33042 0
33043 0
33044 0
33045 0
33046 0
33047 0
33048 0
33049 0
33050 0
33051 0
33052 0
33053 0
33054 0
33055 0
33056 0
33057 0
33058 0
33059 0
33060 0
33061 0
33062 0
33063 0
33064 0
33065 0
33066 0
33067 0
33068 0
33069 0
33070 0
33071 0
33072 0
33073 0
33074 0
33075 0
33076 0
33077 0
33078 0
33079 0
33080 0
33081 0
33082 0
33083 0
33084 0
33085 0
33086 0
33087 0
33088 0
33089 0
33090 0
33091 0
33092 0
33093 0
33094 0
33095 0
33096 0
33097 0
33098 0
33099 0
33100 0
33101 0
33102 0
33103 0
33104 0
33105 0
33106 0
33107 0
33108 0
33109 0
33110 0
33111 0
33112 0
33113 0
33114 0
33115 0
33116 0
33117 0
33118 0
33119 0
33120 0
33121 0
33122 0
33123 0
33124 0
33125 0
33126 0
33127 0
33128 0
33129 0
33130 0
33131 0
33132 0
33133 0
33134 0
33135 0
33136 0
33137 0
33138 0
33139 0
33140 0
33141 0
33142 0
33143 0
33144 0
33145 0
33146 0
33147 0
33148 0
33149 0
33150 0
33151 0
33152 0
33153 0
33154 0
33155 0
33156 0
33157 0
33158 0
33159 0
33160 0
33161 0
33162 0
33163 0
33164 0
33165 0
33166 0
33167 0
33168 0
33169 0
33170 0
33171 0
33172 0
33173 0
33174 0
33175 0
33176 0
33177 0
33178 0
33179 0
33180 0
33181 0
33182 0
33183 0
33184 0
33185 0
33186 0
33187 0
33188 0
33189 0
33190 0
33191 0
33192 0
33193 0
33194 0
33195 0
33196 0
33197 0
33198 0
33199 0
33200 0
33201 0
33202 0
33203 0
33204 0
33205 0
33206 0
33207 0
33208 0
33209 0
33210 0
33211 0
33212 0
33213 0
33214 0
33215 0
33216 0
33217 0
33218 0
33219 0
33220 0
33221 0
33222 0
33223 0
33224 0
33225 0
33226 0
33227 0
33228 0
33229 0
33230 0
33231 0
33232 0
33233 0
33234 0
33235 0
33236 0
33237 0
33238 0
33239 0
33240 0
33241 0
33242 0
33243 0
33244 0
33245 0
33246 0
33247 0
33248 0
33249 0
33250 0
33251 0
33252 0
33253 0
33254 0
33255 0
33256 0
33257 0
33258 0
33259 0
33260 0
33261 0
33262 0
33263 0
33264 0
33265 0
33266 0
33267 0
33268 0
33269 0
33270 0
33271 0
33272 0
33273 0
33274 0
33275 0
33276 0
33277 0
33278 0
33279 0
33280 0
33281 0
33282 0
33283 0
33284 0
33285 0
33286 0
33287 0
33288 0
33289 0
33290 0
33291 0
33292 0
33293 0
33294 0
33295 0
33296 0
33297 0
33298 0
33299 0
33300 0
33301 0
33302 0
33303 0
33304 0
33305 0
33306 0
33307 0
33308 0
33309 0
33310 0
33311 0
33312 0
33313 0
33314 0
33315 0
33316 0
33317 0
33318 0
33319 0
33320 0
33321 0
33322 0
33323 0
33324 0
33325 0
33326 0
33327 0
33328 0
33329 0
33330 0
33331 0
33332 0
33333 0
33334 0
33335 0
33336 0
33337 0
33338 0
33339 0
33340 0
33341 0
33342 0
33343 0
33344 0
33345 0
33346 0
33347 0
33348 0
33349 0
33350 0
33351 0
33352 0
33353 0
33354 0
33355 0
33356 0
33357 0
33358 0
33359 0
33360 0
33361 0
33362 0
33363 0
33364 0
33365 0
33366 0
33367 0
33368 0
33369 0
33370 0
33371 0
33372 0
33373 0
33374 0
33375 0
33376 0
33377 0
33378 0
33379 0
33380 0
33381 0
33382 0
33383 0
33384 0
33385 0
33386 0
33387 0
33388 0
33389 0
33390 0
33391 0
33392 0
33393 0
33394 0
33395 0
33396 0
33397 0
33398 0
33399 0
33400 0
33401 0
33402 0
33403 0
33404 0
33405 0
33406 0
33407 0
33408 0
33409 0
33410 0
33411 0
33412 0
33413 0
33414 0
33415 0
33416 0
33417 0
33418 0
33419 0
33420 0
33421 0
33422 0
33423 0
33424 0
33425 0
33426 0
33427 0
33428 0
33429 0
33430 0
33431 0
33432 0
33433 0
33434 0
33435 0
33436 0
33437 0
33438 0
33439 0
33440 0
33441 0
33442 0
33443 0
33444 0
33445 0
33446 0
33447 0
33448 0
33449 0
33450 0
33451 0
33452 0
33453 0
33454 0
33455 0
33456 0
33457 0
33458 0
33459 0
33460 0
33461 0
33462 0
33463 0
33464 0
33465 0
33466 0
33467 0
33468 0
33469 0
33470 0
33471 0
33472 0
33473 0
33474 0
33475 0
33476 0
33477 0
33478 0
33479 0
33480 0
33481 0
33482 0
33483 0
33484 0
33485 0
33486 0
33487 0
33488 0
33489 0
33490 0
33491 0
33492 0
33493 0
33494 0
33495 0
33496 0
33497 0
33498 0
33499 0
33500 0
33501 0
33502 0
33503 0
33504 0
33505 0
33506 0
33507 0
33508 0
33509 0
33510 0
33511 0
33512 0
33513 0
33514 0
33515 0
33516 0
33517 0
33518 0
33519 0
33520 0
33521 0
33522 0
33523 0
33524 0
33525 0
33526 0
33527 0
33528 0
33529 0
33530 0
33531 0
33532 0
33533 0
33534 0
33535 0
33536 0
33537 0
33538 0
33539 0
33540 0
33541 0
33542 0
33543 0
33544 0
33545 0
33546 0
33547 0
33548 0
33549 0
33550 0
33551 0
33552 0
33553 0
33554 0
33555 0
33556 0
33557 0
33558 0
33559 0
33560 0
33561 0
33562 0
33563 0
33564 0
33565 0
33566 0
33567 0
33568 0
33569 0
33570 0
33571 0
33572 0
33573 0
33574 0
33575 0
33576 0
33577 0
33578 0
33579 0
33580 0
33581 0
33582 0
33583 0
33584 0
33585 0
33586 0
33587 0
33588 0
33589 0
33590 0
33591 0
33592 0
33593 0
33594 0
33595 0
33596 0
33597 0
33598 0
33599 0
33600 0
33601 0
33602 0
33603 0
33604 0
33605 0
33606 0
33607 0
33608 0
33609 0
33610 0
33611 0
33612 0
33613 0
33614 0
33615 0
33616 0
33617 0
33618 0
33619 0
33620 0
33621 0
33622 0
33623 0
33624 0
33625 0
33626 0
33627 0
33628 0
33629 0
33630 0
33631 0
33632 0
33633 0
33634 0
33635 0
33636 0
33637 0
33638 0
33639 0
33640 0
33641 0
33642 0
33643 0
33644 0
33645 0
33646 0
33647 0
33648 0
33649 0
33650 0
33651 0
33652 0
33653 0
33654 0
33655 0
33656 0
33657 0
33658 0
33659 0
33660 0
33661 0
33662 0
33663 0
33664 0
33665 0
33666 0
33667 0
33668 0
33669 0
33670 0
33671 0
33672 0
33673 0
33674 0
33675 0
33676 0
33677 0
33678 0
33679 0
33680 0
33681 0
33682 0
33683 0
33684 0
33685 0
33686 0
33687 0
33688 0
33689 0
33690 0
33691 0
33692 0
33693 0
33694 0
33695 0
33696 0
33697 0
33698 0
33699 0
33700 0
33701 0
33702 0
33703 0
33704 0
33705 0
33706 0
33707 0
33708 0
33709 0
33710 0
33711 0
33712 0
33713 0
33714 0
33715 0
33716 0
33717 0
33718 0
33719 0
33720 0
33721 0
33722 0
33723 0
33724 0
33725 0
33726 0
33727 0
33728 0
33729 0
33730 0
33731 0
33732 0
33733 0
33734 0
33735 0
33736 0
33737 0
33738 0
33739 0
33740 0
33741 0
33742 0
33743 0
33744 0
33745 0
33746 0
33747 0
33748 0
33749 0
33750 0
33751 0
33752 0
33753 0
33754 0
33755 0
33756 0
33757 0
33758 0
33759 0
33760 0
33761 0
33762 0
33763 0
33764 0
33765 0
33766 0
33767 0
33768 0
33769 0
33770 0
33771 0
33772 0
33773 0
33774 0
33775 0
33776 0
33777 0
33778 0
33779 0
33780 0
33781 0
33782 0
33783 0
33784 0
33785 0
33786 0
33787 0
33788 0
33789 0
33790 0
33791 0
33792 0
33793 0
33794 0
33795 0
33796 0
33797 0
33798 0
33799 0
33800 0
33801 0
33802 0
33803 0
33804 0
33805 0
33806 0
33807 0
33808 0
33809 0
33810 0
33811 0
33812 0
33813 0
33814 0
33815 0
33816 0
33817 0
33818 0
33819 0
33820 0
33821 0
33822 0
33823 0
33824 0
33825 0
33826 0
33827 0
33828 0
33829 0
33830 0
33831 0
33832 0
33833 0
33834 0
33835 0
33836 0
33837 0
33838 0
33839 0
33840 0
33841 0
33842 0
33843 0
33844 0
33845 0
33846 0
33847 0
33848 0
33849 0
33850 0
33851 0
33852 0
33853 0
33854 0
33855 0
33856 0
33857 0
33858 0
33859 0
33860 0
33861 0
33862 0
33863 0
33864 0
33865 0
33866 0
33867 0
33868 0
33869 0
33870 0
33871 0
33872 0
33873 0
33874 0
33875 0
33876 0
33877 0
33878 0
33879 0
33880 0
33881 0
33882 0
33883 0
33884 0
33885 0
33886 0
33887 0
33888 0
33889 0
33890 0
33891 0
33892 0
33893 0
33894 0
33895 0
33896 0
33897 0
33898 0
33899 0
33900 0
33901 0
33902 0
33903 0
33904 0
33905 0
33906 0
33907 0
33908 0
33909 0
33910 0
33911 0
33912 0
33913 0
33914 0
33915 0
33916 0
33917 0
33918 0
33919 0
33920 0
33921 0
33922 0
33923 0
33924 0
33925 0
33926 0
33927 0
33928 0
33929 0
33930 0
33931 0
33932 0
33933 0
33934 0
33935 0
33936 0
33937 0
33938 0
33939 0
33940 0
33941 0
33942 0
33943 0
33944 0
33945 0
33946 0
33947 0
33948 0
33949 0
33950 0
33951 0
33952 0
33953 0
33954 0
33955 0
33956 0
33957 0
33958 0
33959 0
33960 0
33961 0
33962 0
33963 0
33964 0
33965 0
33966 0
33967 0
33968 0
33969 0
33970 0
33971 0
33972 0
33973 0
33974 0
33975 0
33976 0
33977 0
33978 0
33979 0
33980 0
33981 0
33982 0
33983 0
33984 0
33985 0
33986 0
33987 0
33988 0
33989 0
33990 0
33991 0
33992 0
33993 0
33994 0
33995 0
33996 0
33997 0
33998 0
33999 0
34000 0
34001 0
34002 0
34003 0
34004 0
34005 0
34006 0
34007 0
34008 0
34009 0
34010 0
34011 0
34012 0
34013 0
34014 0
34015 0
34016 0
34017 0
34018 0
34019 0
34020 0
34021 0
34022 0
34023 0
34024 0
34025 0
34026 0
34027 0
34028 0
34029 0
34030 0
34031 0
34032 0
34033 0
34034 0
34035 0
34036 0
34037 0
34038 0
34039 0
34040 0
34041 0
34042 0
34043 0
34044 0
34045 0
34046 0
34047 0
34048 0
34049 0
34050 0
34051 0
34052 0
34053 0
34054 0
34055 0
34056 0
34057 0
34058 0
34059 0
34060 0
34061 0
34062 0
34063 0
34064 0
34065 0
34066 0
34067 0
34068 0
34069 0
34070 0
34071 0
34072 0
34073 0
34074 0
34075 0
34076 0
34077 0
34078 0
34079 0
34080 0
34081 0
34082 0
34083 0
34084 0
34085 0
34086 0
34087 0
34088 0
34089 0
34090 0
34091 0
34092 0
34093 0
34094 0
34095 0
34096 0
34097 0
34098 0
34099 0
34100 0
34101 0
34102 0
34103 0
34104 0
34105 0
34106 0
34107 0
34108 0
34109 0
34110 0
34111 0
34112 0
34113 0
34114 0
34115 0
34116 0
34117 0
34118 0
34119 0
34120 0
34121 0
34122 0
34123 0
34124 0
34125 0
34126 0
34127 0
34128 0
34129 0
34130 0
34131 0
34132 0
34133 0
34134 0
34135 0
34136 0
34137 0
34138 0
34139 0
34140 0
34141 0
34142 0
34143 0
34144 0
34145 0
34146 0
34147 0
34148 0
34149 0
34150 0
34151 0
34152 0
34153 0
34154 0
34155 0
34156 0
34157 0
34158 0
34159 0
34160 0
34161 0
34162 0
34163 0
34164 0
34165 0
34166 0
34167 0
34168 0
34169 0
34170 0
34171 0
34172 0
34173 0
34174 0
34175 0
34176 0
34177 0
34178 0
34179 0
34180 0
34181 0
34182 0
34183 0
34184 0
34185 0
34186 0
34187 0
34188 0
34189 0
34190 0
34191 0
34192 0
34193 0
34194 0
34195 0
34196 0
34197 0
34198 0
34199 0
34200 0
34201 0
34202 0
34203 0
34204 0
34205 0
34206 0
34207 0
34208 0
34209 0
34210 0
34211 0
34212 0
34213 0
34214 0
34215 0
34216 0
34217 0
34218 0
34219 0
34220 0
34221 0
34222 0
34223 0
34224 0
34225 0
34226 0
34227 0
34228 0
34229 0
34230 0
34231 0
34232 0
34233 0
34234 0
34235 0
34236 0
34237 0
34238 0
34239 0
34240 0
34241 0
34242 0
34243 0
34244 0
34245 0
34246 0
34247 0
34248 0
34249 0
34250 0
34251 0
34252 0
34253 0
34254 0
34255 0
34256 0
34257 0
34258 0
34259 0
34260 0
34261 0
34262 0
34263 0
34264 0
34265 0
34266 0
34267 0
34268 0
34269 0
34270 0
34271 0
34272 0
34273 0
34274 0
34275 0
34276 0
34277 0
34278 0
34279 0
34280 0
34281 0
34282 0
34283 0
34284 0
34285 0
34286 0
34287 0
34288 0
34289 0
34290 0
34291 0
34292 0
34293 0
34294 0
34295 0
34296 0
34297 0
34298 0
34299 0
34300 0
34301 0
34302 0
34303 0
34304 0
34305 0
34306 0
34307 0
34308 0
34309 0
34310 0
34311 0
34312 0
34313 0
34314 0
34315 0
34316 0
34317 0
34318 0
34319 0
34320 0
34321 0
34322 0
34323 0
34324 0
34325 0
34326 0
34327 0
34328 0
34329 0
34330 0
34331 0
34332 0
34333 0
34334 0
34335 0
34336 0
34337 0
34338 0
34339 0
34340 0
34341 0
34342 0
34343 0
34344 0
34345 0
34346 0
34347 0
34348 0
34349 0
34350 0
34351 0
34352 0
34353 0
34354 0
34355 0
34356 0
34357 0
34358 0
34359 0
34360 0
34361 0
34362 0
34363 0
34364 0
34365 0
34366 0
34367 0
34368 0
34369 0
34370 0
34371 0
34372 0
34373 0
34374 0
34375 0
34376 0
34377 0
34378 0
34379 0
34380 0
34381 0
34382 0
34383 0
34384 0
34385 0
34386 0
34387 0
34388 0
34389 0
34390 0
34391 0
34392 0
34393 0
34394 0
34395 0
34396 0
34397 0
34398 0
34399 0
34400 0
34401 0
34402 0
34403 0
34404 0
34405 0
34406 0
34407 0
34408 0
34409 0
34410 0
34411 0
34412 0
34413 0
34414 0
34415 0
34416 0
34417 0
34418 0
34419 0
34420 0
34421 0
34422 0
34423 0
34424 0
34425 0
34426 0
34427 0
34428 0
34429 0
34430 0
34431 0
34432 0
34433 0
34434 0
34435 0
34436 0
34437 0
34438 0
34439 0
34440 0
34441 0
34442 0
34443 0
34444 0
34445 0
34446 0
34447 0
34448 0
34449 0
34450 0
34451 0
34452 0
34453 0
34454 0
34455 0
34456 0
34457 0
34458 0
34459 0
34460 0
34461 0
34462 0
34463 0
34464 0
34465 0
34466 0
34467 0
34468 0
34469 0
34470 0
34471 0
34472 0
34473 0
34474 0
34475 0
34476 0
34477 0
34478 0
34479 0
34480 0
34481 0
34482 0
34483 0
34484 0
34485 0
34486 0
34487 0
34488 0
34489 0
34490 0
34491 0
34492 0
34493 0
34494 0
34495 0
34496 0
34497 0
34498 0
34499 0
34500 0
34501 0
34502 0
34503 0
34504 0
34505 0
34506 0
34507 0
34508 0
34509 0
34510 0
34511 0
34512 0
34513 0
34514 0
34515 0
34516 0
34517 0
34518 0
34519 0
34520 0
34521 0
34522 0
34523 0
34524 0
34525 0
34526 0
34527 0
34528 0
34529 0
34530 0
34531 0
34532 0
34533 0
34534 0
34535 0
34536 0
34537 0
34538 0
34539 0
34540 0
34541 0
34542 0
34543 0
34544 0
34545 0
34546 0
34547 0
34548 0
34549 0
34550 0
34551 0
34552 0
34553 0
34554 0
34555 0
34556 0
34557 0
34558 0
34559 0
34560 0
34561 0
34562 0
34563 0
34564 0
34565 0
34566 0
34567 0
34568 0
34569 0
34570 0
34571 0
34572 0
34573 0
34574 0
34575 0
34576 0
34577 0
34578 0
34579 0
34580 0
34581 0
34582 0
34583 0
34584 0
34585 0
34586 0
34587 0
34588 0
34589 0
34590 0
34591 0
34592 0
34593 0
34594 0
34595 0
34596 0
34597 0
34598 0
34599 0
34600 0
34601 0
34602 0
34603 0
34604 0
34605 0
34606 0
34607 0
34608 0
34609 0
34610 0
34611 0
34612 0
34613 0
34614 0
34615 0
34616 0
34617 0
34618 0
34619 0
34620 0
34621 0
34622 0
34623 0
34624 0
34625 0
34626 0
34627 0
34628 0
34629 0
34630 0
34631 0
34632 0
34633 0
34634 0
34635 0
34636 0
34637 0
34638 0
34639 0
34640 0
34641 0
34642 0
34643 0
34644 0
34645 0
34646 0
34647 0
34648 0
34649 0
34650 0
34651 0
34652 0
34653 0
34654 0
34655 0
34656 0
34657 0
34658 0
34659 0
34660 0
34661 0
34662 0
34663 0
34664 0
34665 0
34666 0
34667 0
34668 0
34669 0
34670 0
34671 0
34672 0
34673 0
34674 0
34675 0
34676 0
34677 0
34678 0
34679 0
34680 0
34681 0
34682 0
34683 0
34684 0
34685 0
34686 0
34687 0
34688 0
34689 0
34690 0
34691 0
34692 0
34693 0
34694 0
34695 0
34696 0
34697 0
34698 0
34699 0
34700 0
34701 0
34702 0
34703 0
34704 0
34705 0
34706 0
34707 0
34708 0
34709 0
34710 0
34711 0
34712 0
34713 0
34714 0
34715 0
34716 0
34717 0
34718 0
34719 0
34720 0
34721 0
34722 0
34723 0
34724 0
34725 0
34726 0
34727 0
34728 0
34729 0
34730 0
34731 0
34732 0
34733 0
34734 0
34735 0
34736 0
34737 0
34738 0
34739 0
34740 0
34741 0
34742 0
34743 0
34744 0
34745 0
34746 0
34747 0
34748 0
34749 0
34750 0
34751 0
34752 0
34753 0
34754 0
34755 0
34756 0
34757 0
34758 0
34759 0
34760 0
34761 0
34762 0
34763 0
34764 0
34765 0
34766 0
34767 0
34768 0
34769 0
34770 0
34771 0
34772 0
34773 0
34774 0
34775 0
34776 0
34777 0
34778 0
34779 0
34780 0
34781 0
34782 0
34783 0
34784 0
34785 0
34786 0
34787 0
34788 0
34789 0
34790 0
34791 0
34792 0
34793 0
34794 0
34795 0
34796 0
34797 0
34798 0
34799 0
34800 0
34801 0
34802 0
34803 0
34804 0
34805 0
34806 0
34807 0
34808 0
34809 0
34810 0
34811 0
34812 0
34813 0
34814 0
34815 0
34816 0
34817 0
34818 0
34819 0
34820 0
34821 0
34822 0
34823 0
34824 0
34825 0
34826 0
34827 0
34828 0
34829 0
34830 0
34831 0
34832 0
34833 0
34834 0
34835 0
34836 0
34837 0
34838 0
34839 0
34840 0
34841 0
34842 0
34843 0
34844 0
34845 0
34846 0
34847 0
34848 0
34849 0
34850 0
34851 0
34852 0
34853 0
34854 0
34855 0
34856 0
34857 0
34858 0
34859 0
34860 0
34861 0
34862 0
34863 0
34864 0
34865 0
34866 0
34867 0
34868 0
34869 0
34870 0
34871 0
34872 0
34873 0
34874 0
34875 0
34876 0
34877 0
34878 0
34879 0
34880 0
34881 0
34882 0
34883 0
34884 0
34885 0
34886 0
34887 0
34888 0
34889 0
34890 0
34891 0
34892 0
34893 0
34894 0
34895 0
34896 0
34897 0
34898 0
34899 0
34900 0
34901 0
34902 0
34903 0
34904 0
34905 0
34906 0
34907 0
34908 0
34909 0
34910 0
34911 0
34912 0
34913 0
34914 0
34915 0
34916 0
34917 0
34918 0
34919 0
34920 0
34921 0
34922 0
34923 0
34924 0
34925 0
34926 0
34927 0
34928 0
34929 0
34930 0
34931 0
34932 0
34933 0
34934 0
34935 0
34936 0
34937 0
34938 0
34939 0
34940 0
34941 0
34942 0
34943 0
34944 0
34945 0
34946 0
34947 0
34948 0
34949 0
34950 0
34951 0
34952 0
34953 0
34954 0
34955 0
34956 0
34957 0
34958 0
34959 0
34960 0
34961 0
34962 0
34963 0
34964 0
34965 0
34966 0
34967 0
34968 0
34969 0
34970 0
34971 0
34972 0
34973 0
34974 0
34975 0
34976 0
34977 0
34978 0
34979 0
34980 0
34981 0
34982 0
34983 0
34984 0
34985 0
34986 0
34987 0
34988 0
34989 0
34990 0
34991 0
34992 0
34993 0
34994 0
34995 0
34996 0
34997 0
34998 0
34999 0
35000 0
35001 0
35002 0
35003 0
35004 0
35005 0
35006 0
35007 0
35008 0
35009 0
35010 0
35011 0
35012 0
35013 0
35014 0
35015 0
35016 0
35017 0
35018 0
35019 0
35020 0
35021 0
35022 0
35023 0
35024 0
35025 0
35026 0
35027 0
35028 0
35029 0
35030 0
35031 0
35032 0
35033 0
35034 0
35035 0
35036 0
35037 0
35038 0
35039 0
35040 0
35041 0
35042 0
35043 0
35044 0
35045 0
35046 0
35047 0
35048 0
35049 0
35050 0
35051 0
35052 0
35053 0
35054 0
35055 0
35056 0
35057 0
35058 0
35059 0
35060 0
35061 0
35062 0
35063 0
35064 0
35065 0
35066 0
35067 0
35068 0
35069 0
35070 0
35071 0
35072 0
35073 0
35074 0
35075 0
35076 0
35077 0
35078 0
35079 0
35080 0
35081 0
35082 0
35083 0
35084 0
35085 0
35086 0
35087 0
35088 0
35089 0
35090 0
35091 0
35092 0
35093 0
35094 0
35095 0
35096 0
35097 0
35098 0
35099 0
35100 0
35101 0
35102 0
35103 0
35104 0
35105 0
35106 0
35107 0
35108 0
35109 0
35110 0
35111 0
35112 0
35113 0
35114 0
35115 0
35116 0
35117 0
35118 0
35119 0
35120 0
35121 0
35122 0
35123 0
35124 0
35125 0
35126 0
35127 0
35128 0
35129 0
35130 0
35131 0
35132 0
35133 0
35134 0
35135 0
35136 0
35137 0
35138 0
35139 0
35140 0
35141 0
35142 0
35143 0
35144 0
35145 0
35146 0
35147 0
35148 0
35149 0
35150 0
35151 0
35152 0
35153 0
35154 0
35155 0
35156 0
35157 0
35158 0
35159 0
35160 0
35161 0
35162 0
35163 0
35164 0
35165 0
35166 0
35167 0
35168 0
35169 0
35170 0
35171 0
35172 0
35173 0
35174 0
35175 0
35176 0
35177 0
35178 0
35179 0
35180 0
35181 0
35182 0
35183 0
35184 0
35185 0
35186 0
35187 0
35188 0
35189 0
35190 0
35191 0
35192 0
35193 0
35194 0
35195 0
35196 0
35197 0
35198 0
35199 0
35200 0
35201 0
35202 0
35203 0
35204 0
35205 0
35206 0
35207 0
35208 0
35209 0
35210 0
35211 0
35212 0
35213 0
35214 0
35215 0
35216 0
35217 0
35218 0
35219 0
35220 0
35221 0
35222 0
35223 0
35224 0
35225 0
35226 0
35227 0
35228 0
35229 0
35230 0
35231 0
35232 0
35233 0
35234 0
35235 0
35236 0
35237 0
35238 0
35239 0
35240 0
35241 0
35242 0
35243 0
35244 0
35245 0
35246 0
35247 0
35248 0
35249 0
35250 0
35251 0
35252 0
35253 0
35254 0
35255 0
35256 0
35257 0
35258 0
35259 0
35260 0
35261 0
35262 0
35263 0
35264 0
35265 0
35266 0
35267 0
35268 0
35269 0
35270 0
35271 0
35272 0
35273 0
35274 0
35275 0
35276 0
35277 0
35278 0
35279 0
35280 0
35281 0
35282 0
35283 0
35284 0
35285 0
35286 0
35287 0
35288 0
35289 0
35290 0
35291 0
35292 0
35293 0
35294 0
35295 0
35296 0
35297 0
35298 0
35299 0
35300 0
35301 0
35302 0
35303 0
35304 0
35305 0
35306 0
35307 0
35308 0
35309 0
35310 0
35311 0
35312 0
35313 0
35314 0
35315 0
35316 0
35317 0
35318 0
35319 0
35320 0
35321 0
35322 0
35323 0
35324 0
35325 0
35326 0
35327 0
35328 0
35329 0
35330 0
35331 0
35332 0
35333 0
35334 0
35335 0
35336 0
35337 0
35338 0
35339 0
35340 0
35341 0
35342 0
35343 0
35344 0
35345 0
35346 0
35347 0
35348 0
35349 0
35350 0
35351 0
35352 0
35353 0
35354 0
35355 0
35356 0
35357 0
35358 0
35359 0
35360 0
35361 0
35362 0
35363 0
35364 0
35365 0
35366 0
35367 0
35368 0
35369 0
35370 0
35371 0
35372 0
35373 0
35374 0
35375 0
35376 0
35377 0
35378 0
35379 0
35380 0
35381 0
35382 0
35383 0
35384 0
35385 0
35386 0
35387 0
35388 0
35389 0
35390 0
35391 0
35392 0
35393 0
35394 0
35395 0
35396 0
35397 0
35398 0
35399 0
35400 0
35401 0
35402 0
35403 0
35404 0
35405 0
35406 0
35407 0
35408 0
35409 0
35410 0
35411 0
35412 0
35413 0
35414 0
35415 0
35416 0
35417 0
35418 0
35419 0
35420 0
35421 0
35422 0
35423 0
35424 0
35425 0
35426 0
35427 0
35428 0
35429 0
35430 0
35431 0
35432 0
35433 0
35434 0
35435 0
35436 0
35437 0
35438 0
35439 0
35440 0
35441 0
35442 0
35443 0
35444 0
35445 0
35446 0
35447 0
35448 0
35449 0
35450 0
35451 0
35452 0
35453 0
35454 0
35455 0
35456 0
35457 0
35458 0
35459 0
35460 0
35461 0
35462 0
35463 0
35464 0
35465 0
35466 0
35467 0
35468 0
35469 0
35470 0
35471 0
35472 0
35473 0
35474 0
35475 0
35476 0
35477 0
35478 0
35479 0
35480 0
35481 0
35482 0
35483 0
35484 0
35485 0
35486 0
35487 0
35488 0
35489 0
35490 0
35491 0
35492 0
35493 0
35494 0
35495 0
35496 0
35497 0
35498 0
35499 0
35500 0
35501 0
35502 0
35503 0
35504 0
35505 0
35506 0
35507 0
35508 0
35509 0
35510 0
35511 0
35512 0
35513 0
35514 0
35515 0
35516 0
35517 0
35518 0
35519 0
35520 0
35521 0
35522 0
35523 0
35524 0
35525 0
35526 0
35527 0
35528 0
35529 0
35530 0
35531 0
35532 0
35533 0
35534 0
35535 0
35536 0
35537 0
35538 0
35539 0
35540 0
35541 0
35542 0
35543 0
35544 0
35545 0
35546 0
35547 0
35548 0
35549 0
35550 0
35551 0
35552 0
35553 0
35554 0
35555 0
35556 0
35557 0
35558 0
35559 0
35560 0
35561 0
35562 0
35563 0
35564 0
35565 0
35566 0
35567 0
35568 0
35569 0
35570 0
35571 0
35572 0
35573 0
35574 0
35575 0
35576 0
35577 0
35578 0
35579 0
35580 0
35581 0
35582 0
35583 0
35584 0
35585 0
35586 0
35587 0
35588 0
35589 0
35590 0
35591 0
35592 0
35593 0
35594 0
35595 0
35596 0
35597 0
35598 0
35599 0
35600 0
35601 0
35602 0
35603 0
35604 0
35605 0
35606 0
35607 0
35608 0
35609 0
35610 0
35611 0
35612 0
35613 0
35614 0
35615 0
35616 0
35617 0
35618 0
35619 0
35620 0
35621 0
35622 0
35623 0
35624 0
35625 0
35626 0
35627 0
35628 0
35629 0
35630 0
35631 0
35632 0
35633 0
35634 0
35635 0
35636 0
35637 0
35638 0
35639 0
35640 0
35641 0
35642 0
35643 0
35644 0
35645 0
35646 0
35647 0
35648 0
35649 0
35650 0
35651 0
35652 0
35653 0
35654 0
35655 0
35656 0
35657 0
35658 0
35659 0
35660 0
35661 0
35662 0
35663 0
35664 0
35665 0
35666 0
35667 0
35668 0
35669 0
35670 0
35671 0
35672 0
35673 0
35674 0
35675 0
35676 0
35677 0
35678 0
35679 0
35680 0
35681 0
35682 0
35683 0
35684 0
35685 0
35686 0
35687 0
35688 0
35689 0
35690 0
35691 0
35692 0
35693 0
35694 0
35695 0
35696 0
35697 0
35698 0
35699 0
35700 0
35701 0
35702 0
35703 0
35704 0
35705 0
35706 0
35707 0
35708 0
35709 0
35710 0
35711 0
35712 0
35713 0
35714 0
35715 0
35716 0
35717 0
35718 0
35719 0
35720 0
35721 0
35722 0
35723 0
35724 0
35725 0
35726 0
35727 0
35728 0
35729 0
35730 0
35731 0
35732 0
35733 0
35734 0
35735 0
35736 0
35737 0
35738 0
35739 0
35740 0
35741 0
35742 0
35743 0
35744 0
35745 0
35746 0
35747 0
35748 0
35749 0
35750 0
35751 0
35752 0
35753 0
35754 0
35755 0
35756 0
35757 0
35758 0
35759 0
35760 0
35761 0
35762 0
35763 0
35764 0
35765 0
35766 0
35767 0
35768 0
35769 0
35770 0
35771 0
35772 0
35773 0
35774 0
35775 0
35776 0
35777 0
35778 0
35779 0
35780 0
35781 0
35782 0
35783 0
35784 0
35785 0
35786 0
35787 0
35788 0
35789 0
35790 0
35791 0
35792 0
35793 0
35794 0
35795 0
35796 0
35797 0
35798 0
35799 0
35800 0
35801 0
35802 0
35803 0
35804 0
35805 0
35806 0
35807 0
35808 0
35809 0
35810 0
35811 0
35812 0
35813 0
35814 0
35815 0
35816 0
35817 0
35818 0
35819 0
35820 0
35821 0
35822 0
35823 0
35824 0
35825 0
35826 0
35827 0
35828 0
35829 0
35830 0
35831 0
35832 0
35833 0
35834 0
35835 0
35836 0
35837 0
35838 0
35839 0
35840 0
35841 0
35842 0
35843 0
35844 0
35845 0
35846 0
35847 0
35848 0
35849 0
35850 0
35851 0
35852 0
35853 0
35854 0
35855 0
35856 0
35857 0
35858 0
35859 0
35860 0
35861 0
35862 0
35863 0
35864 0
35865 0
35866 0
35867 0
35868 0
35869 0
35870 0
35871 0
35872 0
35873 0
35874 0
35875 0
35876 0
35877 0
35878 0
35879 0
35880 0
35881 0
35882 0
35883 0
35884 0
35885 0
35886 0
35887 0
35888 0
35889 0
35890 0
35891 0
35892 0
35893 0
35894 0
35895 0
35896 0
35897 0
35898 0
35899 0
35900 0
35901 0
35902 0
35903 0
35904 0
35905 0
35906 0
35907 0
35908 0
35909 0
35910 0
35911 0
35912 0
35913 0
35914 0
35915 0
35916 0
35917 0
35918 0
35919 0
35920 0
35921 0
35922 0
35923 0
35924 0
35925 0
35926 0
35927 0
35928 0
35929 0
35930 0
35931 0
35932 0
35933 0
35934 0
35935 0
35936 0
35937 0
35938 0
35939 0
35940 0
35941 0
35942 0
35943 0
35944 0
35945 0
35946 0
35947 0
35948 0
35949 0
35950 0
35951 0
35952 0
35953 0
35954 0
35955 0
35956 0
35957 0
35958 0
35959 0
35960 0
35961 0
35962 0
35963 0
35964 0
35965 0
35966 0
35967 0
35968 0
35969 0
35970 0
35971 0
35972 0
35973 0
35974 0
35975 0
35976 0
35977 0
35978 0
35979 0
35980 0
35981 0
35982 0
35983 0
35984 0
35985 0
35986 0
35987 0
35988 0
35989 0
35990 0
35991 0
35992 0
35993 0
35994 0
35995 0
35996 0
35997 0
35998 0
35999 0
36000 0
36001 0
36002 0
36003 0
36004 0
36005 0
36006 0
36007 0
36008 0
36009 0
36010 0
36011 0
36012 0
36013 0
36014 0
36015 0
36016 0
36017 0
36018 0
36019 0
36020 0
36021 0
36022 0
36023 0
36024 0
36025 0
36026 0
36027 0
36028 0
36029 0
36030 0
36031 0
36032 0
36033 0
36034 0
36035 0
36036 0
36037 0
36038 0
36039 0
36040 0
36041 0
36042 0
36043 0
36044 0
36045 0
36046 0
36047 0
36048 0
36049 0
36050 0
36051 0
36052 0
36053 0
36054 0
36055 0
36056 0
36057 0
36058 0
36059 0
36060 0
36061 0
36062 0
36063 0
36064 0
36065 0
36066 0
36067 0
36068 0
36069 0
36070 0
36071 0
36072 0
36073 0
36074 0
36075 0
36076 0
36077 0
36078 0
36079 0
36080 0
36081 0
36082 0
36083 0
36084 0
36085 0
36086 0
36087 0
36088 0
36089 0
36090 0
36091 0
36092 0
36093 0
36094 0
36095 0
36096 0
36097 0
36098 0
36099 0
36100 0
36101 0
36102 0
36103 0
36104 0
36105 0
36106 0
36107 0
36108 0
36109 0
36110 0
36111 0
36112 0
36113 0
36114 0
36115 0
36116 0
36117 0
36118 0
36119 0
36120 0
36121 0
36122 0
36123 0
36124 0
36125 0
36126 0
36127 0
36128 0
36129 0
36130 0
36131 0
36132 0
36133 0
36134 0
36135 0
36136 0
36137 0
36138 0
36139 0
36140 0
36141 0
36142 0
36143 0
36144 0
36145 0
36146 0
36147 0
36148 0
36149 0
36150 0
36151 0
36152 0
36153 0
36154 0
36155 0
36156 0
36157 0
36158 0
36159 0
36160 0
36161 0
36162 0
36163 0
36164 0
36165 0
36166 0
36167 0
36168 0
36169 0
36170 0
36171 0
36172 0
36173 0
36174 0
36175 0
36176 0
36177 0
36178 0
36179 0
36180 0
36181 0
36182 0
36183 0
36184 0
36185 0
36186 0
36187 0
36188 0
36189 0
36190 0
36191 0
36192 0
36193 0
36194 0
36195 0
36196 0
36197 0
36198 0
36199 0
36200 0
36201 0
36202 0
36203 0
36204 0
36205 0
36206 0
36207 0
36208 0
36209 0
36210 0
36211 0
36212 0
36213 0
36214 0
36215 0
36216 0
36217 0
36218 0
36219 0
36220 0
36221 0
36222 0
36223 0
36224 0
36225 0
36226 0
36227 0
36228 0
36229 0
36230 0
36231 0
36232 0
36233 0
36234 0
36235 0
36236 0
36237 0
36238 0
36239 0
36240 0
36241 0
36242 0
36243 0
36244 0
36245 0
36246 0
36247 0
36248 0
36249 0
36250 0
36251 0
36252 0
36253 0
36254 0
36255 0
36256 0
36257 0
36258 0
36259 0
36260 0
36261 0
36262 0
36263 0
36264 0
36265 0
36266 0
36267 0
36268 0
36269 0
36270 0
36271 0
36272 0
36273 0
36274 0
36275 0
36276 0
36277 0
36278 0
36279 0
36280 0
36281 0
36282 0
36283 0
36284 0
36285 0
36286 0
36287 0
36288 0
36289 0
36290 0
36291 0
36292 0
36293 0
36294 0
36295 0
36296 0
36297 0
36298 0
36299 0
36300 0
36301 0
36302 0
36303 0
36304 0
36305 0
36306 0
36307 0
36308 0
36309 0
36310 0
36311 0
36312 0
36313 0
36314 0
36315 0
36316 0
36317 0
36318 0
36319 0
36320 0
36321 0
36322 0
36323 0
36324 0
36325 0
36326 0
36327 0
36328 0
36329 0
36330 0
36331 0
36332 0
36333 0
36334 0
36335 0
36336 0
36337 0
36338 0
36339 0
36340 0
36341 0
36342 0
36343 0
36344 0
36345 0
36346 0
36347 0
36348 0
36349 0
36350 0
36351 0
36352 0
36353 0
36354 0
36355 0
36356 0
36357 0
36358 0
36359 0
36360 0
36361 0
36362 0
36363 0
36364 0
36365 0
36366 0
36367 0
36368 0
36369 0
36370 0
36371 0
36372 0
36373 0
36374 0
36375 0
36376 0
36377 0
36378 0
36379 0
36380 0
36381 0
36382 0
36383 0
36384 0
36385 0
36386 0
36387 0
36388 0
36389 0
36390 0
36391 0
36392 0
36393 0
36394 0
36395 0
36396 0
36397 0
36398 0
36399 0
36400 0
36401 0
36402 0
36403 0
36404 0
36405 0
36406 0
36407 0
36408 0
36409 0
36410 0
36411 0
36412 0
36413 0
36414 0
36415 0
36416 0
36417 0
36418 0
36419 0
36420 0
36421 0
36422 0
36423 0
36424 0
36425 0
36426 0
36427 0
36428 0
36429 0
36430 0
36431 0
36432 0
36433 0
36434 0
36435 0
36436 0
36437 0
36438 0
36439 0
36440 0
36441 0
36442 0
36443 0
36444 0
36445 0
36446 0
36447 0
36448 0
36449 0
36450 0
36451 0
36452 0
36453 0
36454 0
36455 0
36456 0
36457 0
36458 0
36459 0
36460 0
36461 0
36462 0
36463 0
36464 0
36465 0
36466 0
36467 0
36468 0
36469 0
36470 0
36471 0
36472 0
36473 0
36474 0
36475 0
36476 0
36477 0
36478 0
36479 0
36480 0
36481 0
36482 0
36483 0
36484 0
36485 0
36486 0
36487 0
36488 0
36489 0
36490 0
36491 0
36492 0
36493 0
36494 0
36495 0
36496 0
36497 0
36498 0
36499 0
36500 0
36501 0
36502 0
36503 0
36504 0
36505 0
36506 0
36507 0
36508 0
36509 0
36510 0
36511 0
36512 0
36513 0
36514 0
36515 0
36516 0
36517 0
36518 0
36519 0
36520 0
36521 0
36522 0
36523 0
36524 0
36525 0
36526 0
36527 0
36528 0
36529 0
36530 0
36531 0
36532 0
36533 0
36534 0
36535 0
36536 0
36537 0
36538 0
36539 0
36540 0
36541 0
36542 0
36543 0
36544 0
36545 0
36546 0
36547 0
36548 0
36549 0
36550 0
36551 0
36552 0
36553 0
36554 0
36555 0
36556 0
36557 0
36558 0
36559 0
36560 0
36561 0
36562 0
36563 0
36564 0
36565 0
36566 0
36567 0
36568 0
36569 0
36570 0
36571 0
36572 0
36573 0
36574 0
36575 0
36576 0
36577 0
36578 0
36579 0
36580 0
36581 0
36582 0
36583 0
36584 0
36585 0
36586 0
36587 0
36588 0
36589 0
36590 0
36591 0
36592 0
36593 0
36594 0
36595 0
36596 0
36597 0
36598 0
36599 0
36600 0
36601 0
36602 0
36603 0
36604 0
36605 0
36606 0
36607 0
36608 0
36609 0
36610 0
36611 0
36612 0
36613 0
36614 0
36615 0
36616 0
36617 0
36618 0
36619 0
36620 0
36621 0
36622 0
36623 0
36624 0
36625 0
36626 0
36627 0
36628 0
36629 0
36630 0
36631 0
36632 0
36633 0
36634 0
36635 0
36636 0
36637 0
36638 0
36639 0
36640 0
36641 0
36642 0
36643 0
36644 0
36645 0
36646 0
36647 0
36648 0
36649 0
36650 0
36651 0
36652 0
36653 0
36654 0
36655 0
36656 0
36657 0
36658 0
36659 0
36660 0
36661 0
36662 0
36663 0
36664 0
36665 0
36666 0
36667 0
36668 0
36669 0
36670 0
36671 0
36672 0
36673 0
36674 0
36675 0
36676 0
36677 0
36678 0
36679 0
36680 0
36681 0
36682 0
36683 0
36684 0
36685 0
36686 0
36687 0
36688 0
36689 0
36690 0
36691 0
36692 0
36693 0
36694 0
36695 0
36696 0
36697 0
36698 0
36699 0
36700 0
36701 0
36702 0
36703 0
36704 0
36705 0
36706 0
36707 0
36708 0
36709 0
36710 0
36711 0
36712 0
36713 0
36714 0
36715 0
36716 0
36717 0
36718 0
36719 0
36720 0
36721 0
36722 0
36723 0
36724 0
36725 0
36726 0
36727 0
36728 0
36729 0
36730 0
36731 0
36732 0
36733 0
36734 0
36735 0
36736 0
36737 0
36738 0
36739 0
36740 0
36741 0
36742 0
36743 0
36744 0
36745 0
36746 0
36747 0
36748 0
36749 0
36750 0
36751 0
36752 0
36753 0
36754 0
36755 0
36756 0
36757 0
36758 0
36759 0
36760 0
36761 0
36762 0
36763 0
36764 0
36765 0
36766 0
36767 0
36768 0
36769 0
36770 0
36771 0
36772 0
36773 0
36774 0
36775 0
36776 0
36777 0
36778 0
36779 0
36780 0
36781 0
36782 0
36783 0
36784 0
36785 0
36786 0
36787 0
36788 0
36789 0
36790 0
36791 0
36792 0
36793 0
36794 0
36795 0
36796 0
36797 0
36798 0
36799 0
36800 0
36801 0
36802 0
36803 0
36804 0
36805 0
36806 0
36807 0
36808 0
36809 0
36810 0
36811 0
36812 0
36813 0
36814 0
36815 0
36816 0
36817 0
36818 0
36819 0
36820 0
36821 0
36822 0
36823 0
36824 0
36825 0
36826 0
36827 0
36828 0
36829 0
36830 0
36831 0
36832 0
36833 0
36834 0
36835 0
36836 0
36837 0
36838 0
36839 0
36840 0
36841 0
36842 0
36843 0
36844 0
36845 0
36846 0
36847 0
36848 0
36849 0
36850 0
36851 0
36852 0
36853 0
36854 0
36855 0
36856 0
36857 0
36858 0
36859 0
36860 0
36861 0
36862 0
36863 0
36864 0
36865 0
36866 0
36867 0
36868 0
36869 0
36870 0
36871 0
36872 0
36873 0
36874 0
36875 0
36876 0
36877 0
36878 0
36879 0
36880 0
36881 0
36882 0
36883 0
36884 0
36885 0
36886 0
36887 0
36888 0
36889 0
36890 0
36891 0
36892 0
36893 0
36894 0
36895 0
36896 0
36897 0
36898 0
36899 0
36900 0
36901 0
36902 0
36903 0
36904 0
36905 0
36906 0
36907 0
36908 0
36909 0
36910 0
36911 0
36912 0
36913 0
36914 0
36915 0
36916 0
36917 0
36918 0
36919 0
36920 0
36921 0
36922 0
36923 0
36924 0
36925 0
36926 0
36927 0
36928 0
36929 0
36930 0
36931 0
36932 0
36933 0
36934 0
36935 0
36936 0
36937 0
36938 0
36939 0
36940 0
36941 0
36942 0
36943 0
36944 0
36945 0
36946 0
36947 0
36948 0
36949 0
36950 0
36951 0
36952 0
36953 0
36954 0
36955 0
36956 0
36957 0
36958 0
36959 0
36960 0
36961 0
36962 0
36963 0
36964 0
36965 0
36966 0
36967 0
36968 0
36969 0
36970 0
36971 0
36972 0
36973 0
36974 0
36975 0
36976 0
36977 0
36978 0
36979 0
36980 0
36981 0
36982 0
36983 0
36984 0
36985 0
36986 0
36987 0
36988 0
36989 0
36990 0
36991 0
36992 0
36993 0
36994 0
36995 0
36996 0
36997 0
36998 0
36999 0
37000 0
37001 0
37002 0
37003 0
37004 0
37005 0
37006 0
37007 0
37008 0
37009 0
37010 0
37011 0
37012 0
37013 0
37014 0
37015 0
37016 0
37017 0
37018 0
37019 0
37020 0
37021 0
37022 0
37023 0
37024 0
37025 0
37026 0
37027 0
37028 0
37029 0
37030 0
37031 0
37032 0
37033 0
37034 0
37035 0
37036 0
37037 0
37038 0
37039 0
37040 0
37041 0
37042 0
37043 0
37044 0
37045 0
37046 0
37047 0
37048 0
37049 0
37050 0
37051 0
37052 0
37053 0
37054 0
37055 0
37056 0
37057 0
37058 0
37059 0
37060 0
37061 0
37062 0
37063 0
37064 0
37065 0
37066 0
37067 0
37068 0
37069 0
37070 0
37071 0
37072 0
37073 0
37074 0
37075 0
37076 0
37077 0
37078 0
37079 0
37080 0
37081 0
37082 0
37083 0
37084 0
37085 0
37086 0
37087 0
37088 0
37089 0
37090 0
37091 0
37092 0
37093 0
37094 0
37095 0
37096 0
37097 0
37098 0
37099 0
37100 0
37101 0
37102 0
37103 0
37104 0
37105 0
37106 0
37107 0
37108 0
37109 0
37110 0
37111 0
37112 0
37113 0
37114 0
37115 0
37116 0
37117 0
37118 0
37119 0
37120 0
37121 0
37122 0
37123 0
37124 0
37125 0
37126 0
37127 0
37128 0
37129 0
37130 0
37131 0
37132 0
37133 0
37134 0
37135 0
37136 0
37137 0
37138 0
37139 0
37140 0
37141 0
37142 0
37143 0
37144 0
37145 0
37146 0
37147 0
37148 0
37149 0
37150 0
37151 0
37152 0
37153 0
37154 0
37155 0
37156 0
37157 0
37158 0
37159 0
37160 0
37161 0
37162 0
37163 0
37164 0
37165 0
37166 0
37167 0
37168 0
37169 0
37170 0
37171 0
37172 0
37173 0
37174 0
37175 0
37176 0
37177 0
37178 0
37179 0
37180 0
37181 0
37182 0
37183 0
37184 0
37185 0
37186 0
37187 0
37188 0
37189 0
37190 0
37191 0
37192 0
37193 0
37194 0
37195 0
37196 0
37197 0
37198 0
37199 0
37200 0
37201 0
37202 0
37203 0
37204 0
37205 0
37206 0
37207 0
37208 0
37209 0
37210 0
37211 0
37212 0
37213 0
37214 0
37215 0
37216 0
37217 0
37218 0
37219 0
37220 0
37221 0
37222 0
37223 0
37224 0
37225 0
37226 0
37227 0
37228 0
37229 0
37230 0
37231 0
37232 0
37233 0
37234 0
37235 0
37236 0
37237 0
37238 0
37239 0
37240 0
37241 0
37242 0
37243 0
37244 0
37245 0
37246 0
37247 0
37248 0
37249 0
37250 0
37251 0
37252 0
37253 0
37254 0
37255 0
37256 0
37257 0
37258 0
37259 0
37260 0
37261 0
37262 0
37263 0
37264 0
37265 0
37266 0
37267 0
37268 0
37269 0
37270 0
37271 0
37272 0
37273 0
37274 0
37275 0
37276 0
37277 0
37278 0
37279 0
37280 0
37281 0
37282 0
37283 0
37284 0
37285 0
37286 0
37287 0
37288 0
37289 0
37290 0
37291 0
37292 0
37293 0
37294 0
37295 0
37296 0
37297 0
37298 0
37299 0
37300 0
37301 0
37302 0
37303 0
37304 0
37305 0
37306 0
37307 0
37308 0
37309 0
37310 0
37311 0
37312 0
37313 0
37314 0
37315 0
37316 0
37317 0
37318 0
37319 0
37320 0
37321 0
37322 0
37323 0
37324 0
37325 0
37326 0
37327 0
37328 0
37329 0
37330 0
37331 0
37332 0
37333 0
37334 0
37335 0
37336 0
37337 0
37338 0
37339 0
37340 0
37341 0
37342 0
37343 0
37344 0
37345 0
37346 0
37347 0
37348 0
37349 0
37350 0
37351 0
37352 0
37353 0
37354 0
37355 0
37356 0
37357 0
37358 0
37359 0
37360 0
37361 0
37362 0
37363 0
37364 0
37365 0
37366 0
37367 0
37368 0
37369 0
37370 0
37371 0
37372 0
37373 0
37374 0
37375 0
37376 0
37377 0
37378 0
37379 0
37380 0
37381 0
37382 0
37383 0
37384 0
37385 0
37386 0
37387 0
37388 0
37389 0
37390 0
37391 0
37392 0
37393 0
37394 0
37395 0
37396 0
37397 0
37398 0
37399 0
37400 0
37401 0
37402 0
37403 0
37404 0
37405 0
37406 0
37407 0
37408 0
37409 0
37410 0
37411 0
37412 0
37413 0
37414 0
37415 0
37416 0
37417 0
37418 0
37419 0
37420 0
37421 0
37422 0
37423 0
37424 0
37425 0
37426 0
37427 0
37428 0
37429 0
37430 0
37431 0
37432 0
37433 0
37434 0
37435 0
37436 0
37437 0
37438 0
37439 0
37440 0
37441 0
37442 0
37443 0
37444 0
37445 0
37446 0
37447 0
37448 0
37449 0
37450 0
37451 0
37452 0
37453 0
37454 0
37455 0
37456 0
37457 0
37458 0
37459 0
37460 0
37461 0
37462 0
37463 0
37464 0
37465 0
37466 0
37467 0
37468 0
37469 0
37470 0
37471 0
37472 0
37473 0
37474 0
37475 0
37476 0
37477 0
37478 0
37479 0
37480 0
37481 0
37482 0
37483 0
37484 0
37485 0
37486 0
37487 0
37488 0
37489 0
37490 0
37491 0
37492 0
37493 0
37494 0
37495 0
37496 0
37497 0
37498 0
37499 0
37500 0
37501 0
37502 0
37503 0
37504 0
37505 0
37506 0
37507 0
37508 0
37509 0
37510 0
37511 0
37512 0
37513 0
37514 0
37515 0
37516 0
37517 0
37518 0
37519 0
37520 0
37521 0
37522 0
37523 0
37524 0
37525 0
37526 0
37527 0
37528 0
37529 0
37530 0
37531 0
37532 0
37533 0
37534 0
37535 0
37536 0
37537 0
37538 0
37539 0
37540 0
37541 0
37542 0
37543 0
37544 0
37545 0
37546 0
37547 0
37548 0
37549 0
37550 0
37551 0
37552 0
37553 0
37554 0
37555 0
37556 0
37557 0
37558 0
37559 0
37560 0
37561 0
37562 0
37563 0
37564 0
37565 0
37566 0
37567 0
37568 0
37569 0
37570 0
37571 0
37572 0
37573 0
37574 0
37575 0
37576 0
37577 0
37578 0
37579 0
37580 0
37581 0
37582 0
37583 0
37584 0
37585 0
37586 0
37587 0
37588 0
37589 0
37590 0
37591 0
37592 0
37593 0
37594 0
37595 0
37596 0
37597 0
37598 0
37599 0
37600 0
37601 0
37602 0
37603 0
37604 0
37605 0
37606 0
37607 0
37608 0
37609 0
37610 0
37611 0
37612 0
37613 0
37614 0
37615 0
37616 0
37617 0
37618 0
37619 0
37620 0
37621 0
37622 0
37623 0
37624 0
37625 0
37626 0
37627 0
37628 0
37629 0
37630 0
37631 0
37632 0
37633 0
37634 0
37635 0
37636 0
37637 0
37638 0
37639 0
37640 0
37641 0
37642 0
37643 0
37644 0
37645 0
37646 0
37647 0
37648 0
37649 0
37650 0
37651 0
37652 0
37653 0
37654 0
37655 0
37656 0
37657 0
37658 0
37659 0
37660 0
37661 0
37662 0
37663 0
37664 0
37665 0
37666 0
37667 0
37668 0
37669 0
37670 0
37671 0
37672 0
37673 0
37674 0
37675 0
37676 0
37677 0
37678 0
37679 0
37680 0
37681 0
37682 0
37683 0
37684 0
37685 0
37686 0
37687 0
37688 0
37689 0
37690 0
37691 0
37692 0
37693 0
37694 0
37695 0
37696 0
37697 0
37698 0
37699 0
37700 0
37701 0
37702 0
37703 0
37704 0
37705 0
37706 0
37707 0
37708 0
37709 0
37710 0
37711 0
37712 0
37713 0
37714 0
37715 0
37716 0
37717 0
37718 0
37719 0
37720 0
37721 0
37722 0
37723 0
37724 0
37725 0
37726 0
37727 0
37728 0
37729 0
37730 0
37731 0
37732 0
37733 0
37734 0
37735 0
37736 0
37737 0
37738 0
37739 0
37740 0
37741 0
37742 0
37743 0
37744 0
37745 0
37746 0
37747 0
37748 0
37749 0
37750 0
37751 0
37752 0
37753 0
37754 0
37755 0
37756 0
37757 0
37758 0
37759 0
37760 0
37761 0
37762 0
37763 0
37764 0
37765 0
37766 0
37767 0
37768 0
37769 0
37770 0
37771 0
37772 0
37773 0
37774 0
37775 0
37776 0
37777 0
37778 0
37779 0
37780 0
37781 0
37782 0
37783 0
37784 0
37785 0
37786 0
37787 0
37788 0
37789 0
37790 0
37791 0
37792 0
37793 0
37794 0
37795 0
37796 0
37797 0
37798 0
37799 0
37800 0
37801 0
37802 0
37803 0
37804 0
37805 0
37806 0
37807 0
37808 0
37809 0
37810 0
37811 0
37812 0
37813 0
37814 0
37815 0
37816 0
37817 0
37818 0
37819 0
37820 0
37821 0
37822 0
37823 0
37824 0
37825 0
37826 0
37827 0
37828 0
37829 0
37830 0
37831 0
37832 0
37833 0
37834 0
37835 0
37836 0
37837 0
37838 0
37839 0
37840 0
37841 0
37842 0
37843 0
37844 0
37845 0
37846 0
37847 0
37848 0
37849 0
37850 0
37851 0
37852 0
37853 0
37854 0
37855 0
37856 0
37857 0
37858 0
37859 0
37860 0
37861 0
37862 0
37863 0
37864 0
37865 0
37866 0
37867 0
37868 0
37869 0
37870 0
37871 0
37872 0
37873 0
37874 0
37875 0
37876 0
37877 0
37878 0
37879 0
37880 0
37881 0
37882 0
37883 0
37884 0
37885 0
37886 0
37887 0
37888 0
37889 0
37890 0
37891 0
37892 0
37893 0
37894 0
37895 0
37896 0
37897 0
37898 0
37899 0
37900 0
37901 0
37902 0
37903 0
37904 0
37905 0
37906 0
37907 0
37908 0
37909 0
37910 0
37911 0
37912 0
37913 0
37914 0
37915 0
37916 0
37917 0
37918 0
37919 0
37920 0
37921 0
37922 0
37923 0
37924 0
37925 0
37926 0
37927 0
37928 0
37929 0
37930 0
37931 0
37932 0
37933 0
37934 0
37935 0
37936 0
37937 0
37938 0
37939 0
37940 0
37941 0
37942 0
37943 0
37944 0
37945 0
37946 0
37947 0
37948 0
37949 0
37950 0
37951 0
37952 0
37953 0
37954 0
37955 0
37956 0
37957 0
37958 0
37959 0
37960 0
37961 0
37962 0
37963 0
37964 0
37965 0
37966 0
37967 0
37968 0
37969 0
37970 0
37971 0
37972 0
37973 0
37974 0
37975 0
37976 0
37977 0
37978 0
37979 0
37980 0
37981 0
37982 0
37983 0
37984 0
37985 0
37986 0
37987 0
37988 0
37989 0
37990 0
37991 0
37992 0
37993 0
37994 0
37995 0
37996 0
37997 0
37998 0
37999 0
38000 0
38001 0
38002 0
38003 0
38004 0
38005 0
38006 0
38007 0
38008 0
38009 0
38010 0
38011 0
38012 0
38013 0
38014 0
38015 0
38016 0
38017 0
38018 0
38019 0
38020 0
38021 0
38022 0
38023 0
38024 0
38025 0
38026 0
38027 0
38028 0
38029 0
38030 0
38031 0
38032 0
38033 0
38034 0
38035 0
38036 0
38037 0
38038 0
38039 0
38040 0
38041 0
38042 0
38043 0
38044 0
38045 0
38046 0
38047 0
38048 0
38049 0
38050 0
38051 0
38052 0
38053 0
38054 0
38055 0
38056 0
38057 0
38058 0
38059 0
38060 0
38061 0
38062 0
38063 0
38064 0
38065 0
38066 0
38067 0
38068 0
38069 0
38070 0
38071 0
38072 0
38073 0
38074 0
38075 0
38076 0
38077 0
38078 0
38079 0
38080 0
38081 0
38082 0
38083 0
38084 0
38085 0
38086 0
38087 0
38088 0
38089 0
38090 0
38091 0
38092 0
38093 0
38094 0
38095 0
38096 0
38097 0
38098 0
38099 0
38100 0
38101 0
38102 0
38103 0
38104 0
38105 0
38106 0
38107 0
38108 0
38109 0
38110 0
38111 0
38112 0
38113 0
38114 0
38115 0
38116 0
38117 0
38118 0
38119 0
38120 0
38121 0
38122 0
38123 0
38124 0
38125 0
38126 0
38127 0
38128 0
38129 0
38130 0
38131 0
38132 0
38133 0
38134 0
38135 0
38136 0
38137 0
38138 0
38139 0
38140 0
38141 0
38142 0
38143 0
38144 0
38145 0
38146 0
38147 0
38148 0
38149 0
38150 0
38151 0
38152 0
38153 0
38154 0
38155 0
38156 0
38157 0
38158 0
38159 0
38160 0
38161 0
38162 0
38163 0
38164 0
38165 0
38166 0
38167 0
38168 0
38169 0
38170 0
38171 0
38172 0
38173 0
38174 0
38175 0
38176 0
38177 0
38178 0
38179 0
38180 0
38181 0
38182 0
38183 0
38184 0
38185 0
38186 0
38187 0
38188 0
38189 0
38190 0
38191 0
38192 0
38193 0
38194 0
38195 0
38196 0
38197 0
38198 0
38199 0
38200 0
38201 0
38202 0
38203 0
38204 0
38205 0
38206 0
38207 0
38208 0
38209 0
38210 0
38211 0
38212 0
38213 0
38214 0
38215 0
38216 0
38217 0
38218 0
38219 0
38220 0
38221 0
38222 0
38223 0
38224 0
38225 0
38226 0
38227 0
38228 0
38229 0
38230 0
38231 0
38232 0
38233 0
38234 0
38235 0
38236 0
38237 0
38238 0
38239 0
38240 0
38241 0
38242 0
38243 0
38244 0
38245 0
38246 0
38247 0
38248 0
38249 0
38250 0
38251 0
38252 0
38253 0
38254 0
38255 0
38256 0
38257 0
38258 0
38259 0
38260 0
38261 0
38262 0
38263 0
38264 0
38265 0
38266 0
38267 0
38268 0
38269 0
38270 0
38271 0
38272 0
38273 0
38274 0
38275 0
38276 0
38277 0
38278 0
38279 0
38280 0
38281 0
38282 0
38283 0
38284 0
38285 0
38286 0
38287 0
38288 0
38289 0
38290 0
38291 0
38292 0
38293 0
38294 0
38295 0
38296 0
38297 0
38298 0
38299 0
38300 0
38301 0
38302 0
38303 0
38304 0
38305 0
38306 0
38307 0
38308 0
38309 0
38310 0
38311 0
38312 0
38313 0
38314 0
38315 0
38316 0
38317 0
38318 0
38319 0
38320 0
38321 0
38322 0
38323 0
38324 0
38325 0
38326 0
38327 0
38328 0
38329 0
38330 0
38331 0
38332 0
38333 0
38334 0
38335 0
38336 0
38337 0
38338 0
38339 0
38340 0
38341 0
38342 0
38343 0
38344 0
38345 0
38346 0
38347 0
38348 0
38349 0
38350 0
38351 0
38352 0
38353 0
38354 0
38355 0
38356 0
38357 0
38358 0
38359 0
38360 0
38361 0
38362 0
38363 0
38364 0
38365 0
38366 0
38367 0
38368 0
38369 0
38370 0
38371 0
38372 0
38373 0
38374 0
38375 0
38376 0
38377 0
38378 0
38379 0
38380 0
38381 0
38382 0
38383 0
38384 0
38385 0
38386 0
38387 0
38388 0
38389 0
38390 0
38391 0
38392 0
38393 0
38394 0
38395 0
38396 0
38397 0
38398 0
38399 0
38400 0
38401 0
38402 0
38403 0
38404 0
38405 0
38406 0
38407 0
38408 0
38409 0
38410 0
38411 0
38412 0
38413 0
38414 0
38415 0
38416 0
38417 0
38418 0
38419 0
38420 0
38421 0
38422 0
38423 0
38424 0
38425 0
38426 0
38427 0
38428 0
38429 0
38430 0
38431 0
38432 0
38433 0
38434 0
38435 0
38436 0
38437 0
38438 0
38439 0
38440 0
38441 0
38442 0
38443 0
38444 0
38445 0
38446 0
38447 0
38448 0
38449 0
38450 0
38451 0
38452 0
38453 0
38454 0
38455 0
38456 0
38457 0
38458 0
38459 0
38460 0
38461 0
38462 0
38463 0
38464 0
38465 0
38466 0
38467 0
38468 0
38469 0
38470 0
38471 0
38472 0
38473 0
38474 0
38475 0
38476 0
38477 0
38478 0
38479 0
38480 0
38481 0
38482 0
38483 0
38484 0
38485 0
38486 0
38487 0
38488 0
38489 0
38490 0
38491 0
38492 0
38493 0
38494 0
38495 0
38496 0
38497 0
38498 0
38499 0
38500 0
38501 0
38502 0
38503 0
38504 0
38505 0
38506 0
38507 0
38508 0
38509 0
38510 0
38511 0
38512 0
38513 0
38514 0
38515 0
38516 0
38517 0
38518 0
38519 0
38520 0
38521 0
38522 0
38523 0
38524 0
38525 0
38526 0
38527 0
38528 0
38529 0
38530 0
38531 0
38532 0
38533 0
38534 0
38535 0
38536 0
38537 0
38538 0
38539 0
38540 0
38541 0
38542 0
38543 0
38544 0
38545 0
38546 0
38547 0
38548 0
38549 0
38550 0
38551 0
38552 0
38553 0
38554 0
38555 0
38556 0
38557 0
38558 0
38559 0
38560 0
38561 0
38562 0
38563 0
38564 0
38565 0
38566 0
38567 0
38568 0
38569 0
38570 0
38571 0
38572 0
38573 0
38574 0
38575 0
38576 0
38577 0
38578 0
38579 0
38580 0
38581 0
38582 0
38583 0
38584 0
38585 0
38586 0
38587 0
38588 0
38589 0
38590 0
38591 0
38592 0
38593 0
38594 0
38595 0
38596 0
38597 0
38598 0
38599 0
38600 0
38601 0
38602 0
38603 0
38604 0
38605 0
38606 0
38607 0
38608 0
38609 0
38610 0
38611 0
38612 0
38613 0
38614 0
38615 0
38616 0
38617 0
38618 0
38619 0
38620 0
38621 0
38622 0
38623 0
38624 0
38625 0
38626 0
38627 0
38628 0
38629 0
38630 0
38631 0
38632 0
38633 0
38634 0
38635 0
38636 0
38637 0
38638 0
38639 0
38640 0
38641 0
38642 0
38643 0
38644 0
38645 0
38646 0
38647 0
38648 0
38649 0
38650 0
38651 0
38652 0
38653 0
38654 0
38655 0
38656 0
38657 0
38658 0
38659 0
38660 0
38661 0
38662 0
38663 0
38664 0
38665 0
38666 0
38667 0
38668 0
38669 0
38670 0
38671 0
38672 0
38673 0
38674 0
38675 0
38676 0
38677 0
38678 0
38679 0
38680 0
38681 0
38682 0
38683 0
38684 0
38685 0
38686 0
38687 0
38688 0
38689 0
38690 0
38691 0
38692 0
38693 0
38694 0
38695 0
38696 0
38697 0
38698 0
38699 0
38700 0
38701 0
38702 0
38703 0
38704 0
38705 0
38706 0
38707 0
38708 0
38709 0
38710 0
38711 0
38712 0
38713 0
38714 0
38715 0
38716 0
38717 0
38718 0
38719 0
38720 0
38721 0
38722 0
38723 0
38724 0
38725 0
38726 0
38727 0
38728 0
38729 0
38730 0
38731 0
38732 0
38733 0
38734 0
38735 0
38736 0
38737 0
38738 0
38739 0
38740 0
38741 0
38742 0
38743 0
38744 0
38745 0
38746 0
38747 0
38748 0
38749 0
38750 0
38751 0
38752 0
38753 0
38754 0
38755 0
38756 0
38757 0
38758 0
38759 0
38760 0
38761 0
38762 0
38763 0
38764 0
38765 0
38766 0
38767 0
38768 0
38769 0
38770 0
38771 0
38772 0
38773 0
38774 0
38775 0
38776 0
38777 0
38778 0
38779 0
38780 0
38781 0
38782 0
38783 0
38784 0
38785 0
38786 0
38787 0
38788 0
38789 0
38790 0
38791 0
38792 0
38793 0
38794 0
38795 0
38796 0
38797 0
38798 0
38799 0
38800 0
38801 0
38802 0
38803 0
38804 0
38805 0
38806 0
38807 0
38808 0
38809 0
38810 0
38811 0
38812 0
38813 0
38814 0
38815 0
38816 0
38817 0
38818 0
38819 0
38820 0
38821 0
38822 0
38823 0
38824 0
38825 0
38826 0
38827 0
38828 0
38829 0
38830 0
38831 0
38832 0
38833 0
38834 0
38835 0
38836 0
38837 0
38838 0
38839 0
38840 0
38841 0
38842 0
38843 0
38844 0
38845 0
38846 0
38847 0
38848 0
38849 0
38850 0
38851 0
38852 0
38853 0
38854 0
38855 0
38856 0
38857 0
38858 0
38859 0
38860 0
38861 0
38862 0
38863 0
38864 0
38865 0
38866 0
38867 0
38868 0
38869 0
38870 0
38871 0
38872 0
38873 0
38874 0
38875 0
38876 0
38877 0
38878 0
38879 0
38880 0
38881 0
38882 0
38883 0
38884 0
38885 0
38886 0
38887 0
38888 0
38889 0
38890 0
38891 0
38892 0
38893 0
38894 0
38895 0
38896 0
38897 0
38898 0
38899 0
38900 0
38901 0
38902 0
38903 0
38904 0
38905 0
38906 0
38907 0
38908 0
38909 0
38910 0
38911 0
38912 0
38913 0
38914 0
38915 0
38916 0
38917 0
38918 0
38919 0
38920 0
38921 0
38922 0
38923 0
38924 0
38925 0
38926 0
38927 0
38928 0
38929 0
38930 0
38931 0
38932 0
38933 0
38934 0
38935 0
38936 0
38937 0
38938 0
38939 0
38940 0
38941 0
38942 0
38943 0
38944 0
38945 0
38946 0
38947 0
38948 0
38949 0
38950 0
38951 0
38952 0
38953 0
38954 0
38955 0
38956 0
38957 0
38958 0
38959 0
38960 0
38961 0
38962 0
38963 0
38964 0
38965 0
38966 0
38967 0
38968 0
38969 0
38970 0
38971 0
38972 0
38973 0
38974 0
38975 0
38976 0
38977 0
38978 0
38979 0
38980 0
38981 0
38982 0
38983 0
38984 0
38985 0
38986 0
38987 0
38988 0
38989 0
38990 0
38991 0
38992 0
38993 0
38994 0
38995 0
38996 0
38997 0
38998 0
38999 0
39000 0
39001 0
39002 0
39003 0
39004 0
39005 0
39006 0
39007 0
39008 0
39009 0
39010 0
39011 0
39012 0
39013 0
39014 0
39015 0
39016 0
39017 0
39018 0
39019 0
39020 0
39021 0
39022 0
39023 0
39024 0
39025 0
39026 0
39027 0
39028 0
39029 0
39030 0
39031 0
39032 0
39033 0
39034 0
39035 0
39036 0
39037 0
39038 0
39039 0
39040 0
39041 0
39042 0
39043 0
39044 0
39045 0
39046 0
39047 0
39048 0
39049 0
39050 0
39051 0
39052 0
39053 0
39054 0
39055 0
39056 0
39057 0
39058 0
39059 0
39060 0
39061 0
39062 0
39063 0
39064 0
39065 0
39066 0
39067 0
39068 0
39069 0
39070 0
39071 0
39072 0
39073 0
39074 0
39075 0
39076 0
39077 0
39078 0
39079 0
39080 0
39081 0
39082 0
39083 0
39084 0
39085 0
39086 0
39087 0
39088 0
39089 0
39090 0
39091 0
39092 0
39093 0
39094 0
39095 0
39096 0
39097 0
39098 0
39099 0
39100 0
39101 0
39102 0
39103 0
39104 0
39105 0
39106 0
39107 0
39108 0
39109 0
39110 0
39111 0
39112 0
39113 0
39114 0
39115 0
39116 0
39117 0
39118 0
39119 0
39120 0
39121 0
39122 0
39123 0
39124 0
39125 0
39126 0
39127 0
39128 0
39129 0
39130 0
39131 0
39132 0
39133 0
39134 0
39135 0
39136 0
39137 0
39138 0
39139 0
39140 0
39141 0
39142 0
39143 0
39144 0
39145 0
39146 0
39147 0
39148 0
39149 0
39150 0
39151 0
39152 0
39153 0
39154 0
39155 0
39156 0
39157 0
39158 0
39159 0
39160 0
39161 0
39162 0
39163 0
39164 0
39165 0
39166 0
39167 0
39168 0
39169 0
39170 0
39171 0
39172 0
39173 0
39174 0
39175 0
39176 0
39177 0
39178 0
39179 0
39180 0
39181 0
39182 0
39183 0
39184 0
39185 0
39186 0
39187 0
39188 0
39189 0
39190 0
39191 0
39192 0
39193 0
39194 0
39195 0
39196 0
39197 0
39198 0
39199 0
39200 0
39201 0
39202 0
39203 0
39204 0
39205 0
39206 0
39207 0
39208 0
39209 0
39210 0
39211 0
39212 0
39213 0
39214 0
39215 0
39216 0
39217 0
39218 0
39219 0
39220 0
39221 0
39222 0
39223 0
39224 0
39225 0
39226 0
39227 0
39228 0
39229 0
39230 0
39231 0
39232 0
39233 0
39234 0
39235 0
39236 0
39237 0
39238 0
39239 0
39240 0
39241 0
39242 0
39243 0
39244 0
39245 0
39246 0
39247 0
39248 0
39249 0
39250 0
39251 0
39252 0
39253 0
39254 0
39255 0
39256 0
39257 0
39258 0
39259 0
39260 0
39261 0
39262 0
39263 0
39264 0
39265 0
39266 0
39267 0
39268 0
39269 0
39270 0
39271 0
39272 0
39273 0
39274 0
39275 0
39276 0
39277 0
39278 0
39279 0
39280 0
39281 0
39282 0
39283 0
39284 0
39285 0
39286 0
39287 0
39288 0
39289 0
39290 0
39291 0
39292 0
39293 0
39294 0
39295 0
39296 0
39297 0
39298 0
39299 0
39300 0
39301 0
39302 0
39303 0
39304 0
39305 0
39306 0
39307 0
39308 0
39309 0
39310 0
39311 0
39312 0
39313 0
39314 0
39315 0
39316 0
39317 0
39318 0
39319 0
39320 0
39321 0
39322 0
39323 0
39324 0
39325 0
39326 0
39327 0
39328 0
39329 0
39330 0
39331 0
39332 0
39333 0
39334 0
39335 0
39336 0
39337 0
39338 0
39339 0
39340 0
39341 0
39342 0
39343 0
39344 0
39345 0
39346 0
39347 0
39348 0
39349 0
39350 0
39351 0
39352 0
39353 0
39354 0
39355 0
39356 0
39357 0
39358 0
39359 0
39360 0
39361 0
39362 0
39363 0
39364 0
39365 0
39366 0
39367 0
39368 0
39369 0
39370 0
39371 0
39372 0
39373 0
39374 0
39375 0
39376 0
39377 0
39378 0
39379 0
39380 0
39381 0
39382 0
39383 0
39384 0
39385 0
39386 0
39387 0
39388 0
39389 0
39390 0
39391 0
39392 0
39393 0
39394 0
39395 0
39396 0
39397 0
39398 0
39399 0
39400 0
39401 0
39402 0
39403 0
39404 0
39405 0
39406 0
39407 0
39408 0
39409 0
39410 0
39411 0
39412 0
39413 0
39414 0
39415 0
39416 0
39417 0
39418 0
39419 0
39420 0
39421 0
39422 0
39423 0
39424 0
39425 0
39426 0
39427 0
39428 0
39429 0
39430 0
39431 0
39432 0
39433 0
39434 0
39435 0
39436 0
39437 0
39438 0
39439 0
39440 0
39441 0
39442 0
39443 0
39444 0
39445 0
39446 0
39447 0
39448 0
39449 0
39450 0
39451 0
39452 0
39453 0
39454 0
39455 0
39456 0
39457 0
39458 0
39459 0
39460 0
39461 0
39462 0
39463 0
39464 0
39465 0
39466 0
39467 0
39468 0
39469 0
39470 0
39471 0
39472 0
39473 0
39474 0
39475 0
39476 0
39477 0
39478 0
39479 0
39480 0
39481 0
39482 0
39483 0
39484 0
39485 0
39486 0
39487 0
39488 0
39489 0
39490 0
39491 0
39492 0
39493 0
39494 0
39495 0
39496 0
39497 0
39498 0
39499 0
39500 0
39501 0
39502 0
39503 0
39504 0
39505 0
39506 0
39507 0
39508 0
39509 0
39510 0
39511 0
39512 0
39513 0
39514 0
39515 0
39516 0
39517 0
39518 0
39519 0
39520 0
39521 0
39522 0
39523 0
39524 0
39525 0
39526 0
39527 0
39528 0
39529 0
39530 0
39531 0
39532 0
39533 0
39534 0
39535 0
39536 0
39537 0
39538 0
39539 0
39540 0
39541 0
39542 0
39543 0
39544 0
39545 0
39546 0
39547 0
39548 0
39549 0
39550 0
39551 0
39552 0
39553 0
39554 0
39555 0
39556 0
39557 0
39558 0
39559 0
39560 0
39561 0
39562 0
39563 0
39564 0
39565 0
39566 0
39567 0
39568 0
39569 0
39570 0
39571 0
39572 0
39573 0
39574 0
39575 0
39576 0
39577 0
39578 0
39579 0
39580 0
39581 0
39582 0
39583 0
39584 0
39585 0
39586 0
39587 0
39588 0
39589 0
39590 0
39591 0
39592 0
39593 0
39594 0
39595 0
39596 0
39597 0
39598 0
39599 0
39600 0
39601 0
39602 0
39603 0
39604 0
39605 0
39606 0
39607 0
39608 0
39609 0
39610 0
39611 0
39612 0
39613 0
39614 0
39615 0
39616 0
39617 0
39618 0
39619 0
39620 0
39621 0
39622 0
39623 0
39624 0
39625 0
39626 0
39627 0
39628 0
39629 0
39630 0
39631 0
39632 0
39633 0
39634 0
39635 0
39636 0
39637 0
39638 0
39639 0
39640 0
39641 0
39642 0
39643 0
39644 0
39645 0
39646 0
39647 0
39648 0
39649 0
39650 0
39651 0
39652 0
39653 0
39654 0
39655 0
39656 0
39657 0
39658 0
39659 0
39660 0
39661 0
39662 0
39663 0
39664 0
39665 0
39666 0
39667 0
39668 0
39669 0
39670 0
39671 0
39672 0
39673 0
39674 0
39675 0
39676 0
39677 0
39678 0
39679 0
39680 0
39681 0
39682 0
39683 0
39684 0
39685 0
39686 0
39687 0
39688 0
39689 0
39690 0
39691 0
39692 0
39693 0
39694 0
39695 0
39696 0
39697 0
39698 0
39699 0
39700 0
39701 0
39702 0
39703 0
39704 0
39705 0
39706 0
39707 0
39708 0
39709 0
39710 0
39711 0
39712 0
39713 0
39714 0
39715 0
39716 0
39717 0
39718 0
39719 0
39720 0
39721 0
39722 0
39723 0
39724 0
39725 0
39726 0
39727 0
39728 0
39729 0
39730 0
39731 0
39732 0
39733 0
39734 0
39735 0
39736 0
39737 0
39738 0
39739 0
39740 0
39741 0
39742 0
39743 0
39744 0
39745 0
39746 0
39747 0
39748 0
39749 0
39750 0
39751 0
39752 0
39753 0
39754 0
39755 0
39756 0
39757 0
39758 0
39759 0
39760 0
39761 0
39762 0
39763 0
39764 0
39765 0
39766 0
39767 0
39768 0
39769 0
39770 0
39771 0
39772 0
39773 0
39774 0
39775 0
39776 0
39777 0
39778 0
39779 0
39780 0
39781 0
39782 0
39783 0
39784 0
39785 0
39786 0
39787 0
39788 0
39789 0
39790 0
39791 0
39792 0
39793 0
39794 0
39795 0
39796 0
39797 0
39798 0
39799 0
39800 0
39801 0
39802 0
39803 0
39804 0
39805 0
39806 0
39807 0
39808 0
39809 0
39810 0
39811 0
39812 0
39813 0
39814 0
39815 0
39816 0
39817 0
39818 0
39819 0
39820 0
39821 0
39822 0
39823 0
39824 0
39825 0
39826 0
39827 0
39828 0
39829 0
39830 0
39831 0
39832 0
39833 0
39834 0
39835 0
39836 0
39837 0
39838 0
39839 0
39840 0
39841 0
39842 0
39843 0
39844 0
39845 0
39846 0
39847 0
39848 0
39849 0
39850 0
39851 0
39852 0
39853 0
39854 0
39855 0
39856 0
39857 0
39858 0
39859 0
39860 0
39861 0
39862 0
39863 0
39864 0
39865 0
39866 0
39867 0
39868 0
39869 0
39870 0
39871 0
39872 0
39873 0
39874 0
39875 0
39876 0
39877 0
39878 0
39879 0
39880 0
39881 0
39882 0
39883 0
39884 0
39885 0
39886 0
39887 0
39888 0
39889 0
39890 0
39891 0
39892 0
39893 0
39894 0
39895 0
39896 0
39897 0
39898 0
39899 0
39900 0
39901 0
39902 0
39903 0
39904 0
39905 0
39906 0
39907 0
39908 0
39909 0
39910 0
39911 0
39912 0
39913 0
39914 0
39915 0
39916 0
39917 0
39918 0
39919 0
39920 0
39921 0
39922 0
39923 0
39924 0
39925 0
39926 0
39927 0
39928 0
39929 0
39930 0
39931 0
39932 0
39933 0
39934 0
39935 0
39936 0
39937 0
39938 0
39939 0
39940 0
39941 0
39942 0
39943 0
39944 0
39945 0
39946 0
39947 0
39948 0
39949 0
39950 0
39951 0
39952 0
39953 0
39954 0
39955 0
39956 0
39957 0
39958 0
39959 0
39960 0
39961 0
39962 0
39963 0
39964 0
39965 0
39966 0
39967 0
39968 0
39969 0
39970 0
39971 0
39972 0
39973 0
39974 0
39975 0
39976 0
39977 0
39978 0
39979 0
39980 0
39981 0
39982 0
39983 0
39984 0
39985 0
39986 0
39987 0
39988 0
39989 0
39990 0
39991 0
39992 0
39993 0
39994 0
39995 0
39996 0
39997 0
39998 0
39999 0
40000 0
40001 0
40002 0
40003 0
40004 0
40005 0
40006 0
40007 0
40008 0
40009 0
40010 0
40011 0
40012 0
40013 0
40014 0
40015 0
40016 0
40017 0
40018 0
40019 0
40020 0
40021 0
40022 0
40023 0
40024 0
40025 0
40026 0
40027 0
40028 0
40029 0
40030 0
40031 0
40032 0
40033 0
40034 0
40035 0
40036 0
40037 0
40038 0
40039 0
40040 0
40041 0
40042 0
40043 0
40044 0
40045 0
40046 0
40047 0
40048 0
40049 0
40050 0
40051 0
40052 0
40053 0
40054 0
40055 0
40056 0
40057 0
40058 0
40059 0
40060 0
40061 0
40062 0
40063 0
40064 0
40065 0
40066 0
40067 0
40068 0
40069 0
40070 0
40071 0
40072 0
40073 0
40074 0
40075 0
40076 0
40077 0
40078 0
40079 0
40080 0
40081 0
40082 0
40083 0
40084 0
40085 0
40086 0
40087 0
40088 0
40089 0
40090 0
40091 0
40092 0
40093 0
40094 0
40095 0
40096 0
40097 0
40098 0
40099 0
40100 0
40101 0
40102 0
40103 0
40104 0
40105 0
40106 0
40107 0
40108 0
40109 0
40110 0
40111 0
40112 0
40113 0
40114 0
40115 0
40116 0
40117 0
40118 0
40119 0
40120 0
40121 0
40122 0
40123 0
40124 0
40125 0
40126 0
40127 0
40128 0
40129 0
40130 0
40131 0
40132 0
40133 0
40134 0
40135 0
40136 0
40137 0
40138 0
40139 0
40140 0
40141 0
40142 0
40143 0
40144 0
40145 0
40146 0
40147 0
40148 0
40149 0
40150 0
40151 0
40152 0
40153 0
40154 0
40155 0
40156 0
40157 0
40158 0
40159 0
40160 0
40161 0
40162 0
40163 0
40164 0
40165 0
40166 0
40167 0
40168 0
40169 0
40170 0
40171 0
40172 0
40173 0
40174 0
40175 0
40176 0
40177 0
40178 0
40179 0
40180 0
40181 0
40182 0
40183 0
40184 0
40185 0
40186 0
40187 0
40188 0
40189 0
40190 0
40191 0
40192 0
40193 0
40194 0
40195 0
40196 0
40197 0
40198 0
40199 0
40200 0
40201 0
40202 0
40203 0
40204 0
40205 0
40206 0
40207 0
40208 0
40209 0
40210 0
40211 0
40212 0
40213 0
40214 0
40215 0
40216 0
40217 0
40218 0
40219 0
40220 0
40221 0
40222 0
40223 0
40224 0
40225 0
40226 0
40227 0
40228 0
40229 0
40230 0
40231 0
40232 0
40233 0
40234 0
40235 0
40236 0
40237 0
40238 0
40239 0
40240 0
40241 0
40242 0
40243 0
40244 0
40245 0
40246 0
40247 0
40248 0
40249 0
40250 0
40251 0
40252 0
40253 0
40254 0
40255 0
40256 0
40257 0
40258 0
40259 0
40260 0
40261 0
40262 0
40263 0
40264 0
40265 0
40266 0
40267 0
40268 0
40269 0
40270 0
40271 0
40272 0
40273 0
40274 0
40275 0
40276 0
40277 0
40278 0
40279 0
40280 0
40281 0
40282 0
40283 0
40284 0
40285 0
40286 0
40287 0
40288 0
40289 0
40290 0
40291 0
40292 0
40293 0
40294 0
40295 0
40296 0
40297 0
40298 0
40299 0
40300 0
40301 0
40302 0
40303 0
40304 0
40305 0
40306 0
40307 0
40308 0
40309 0
40310 0
40311 0
40312 0
40313 0
40314 0
40315 0
40316 0
40317 0
40318 0
40319 0
40320 0
40321 0
40322 0
40323 0
40324 0
40325 0
40326 0
40327 0
40328 0
40329 0
40330 0
40331 0
40332 0
40333 0
40334 0
40335 0
40336 0
40337 0
40338 0
40339 0
40340 0
40341 0
40342 0
40343 0
40344 0
40345 0
40346 0
40347 0
40348 0
40349 0
40350 0
40351 0
40352 0
40353 0
40354 0
40355 0
40356 0
40357 0
40358 0
40359 0
40360 0
40361 0
40362 0
40363 0
40364 0
40365 0
40366 0
40367 0
40368 0
40369 0
40370 0
40371 0
40372 0
40373 0
40374 0
40375 0
40376 0
40377 0
40378 0
40379 0
40380 0
40381 0
40382 0
40383 0
40384 0
40385 0
40386 0
40387 0
40388 0
40389 0
40390 0
40391 0
40392 0
40393 0
40394 0
40395 0
40396 0
40397 0
40398 0
40399 0
40400 0
40401 0
40402 0
40403 0
40404 0
40405 0
40406 0
40407 0
40408 0
40409 0
40410 0
40411 0
40412 0
40413 0
40414 0
40415 0
40416 0
40417 0
40418 0
40419 0
40420 0
40421 0
40422 0
40423 0
40424 0
40425 0
40426 0
40427 0
40428 0
40429 0
40430 0
40431 0
40432 0
40433 0
40434 0
40435 0
40436 0
40437 0
40438 0
40439 0
40440 0
40441 0
40442 0
40443 0
40444 0
40445 0
40446 0
40447 0
40448 0
40449 0
40450 0
40451 0
40452 0
40453 0
40454 0
40455 0
40456 0
40457 0
40458 0
40459 0
40460 0
40461 0
40462 0
40463 0
40464 0
40465 0
40466 0
40467 0
40468 0
40469 0
40470 0
40471 0
40472 0
40473 0
40474 0
40475 0
40476 0
40477 0
40478 0
40479 0
40480 0
40481 0
40482 0
40483 0
40484 0
40485 0
40486 0
40487 0
40488 0
40489 0
40490 0
40491 0
40492 0
40493 0
40494 0
40495 0
40496 0
40497 0
40498 0
40499 0
40500 0
40501 0
40502 0
40503 0
40504 0
40505 0
40506 0
40507 0
40508 0
40509 0
40510 0
40511 0
40512 0
40513 0
40514 0
40515 0
40516 0
40517 0
40518 0
40519 0
40520 0
40521 0
40522 0
40523 0
40524 0
40525 0
40526 0
40527 0
40528 0
40529 0
40530 0
40531 0
40532 0
40533 0
40534 0
40535 0
40536 0
40537 0
40538 0
40539 0
40540 0
40541 0
40542 0
40543 0
40544 0
40545 0
40546 0
40547 0
40548 0
40549 0
40550 0
40551 0
40552 0
40553 0
40554 0
40555 0
40556 0
40557 0
40558 0
40559 0
40560 0
40561 0
40562 0
40563 0
40564 0
40565 0
40566 0
40567 0
40568 0
40569 0
40570 0
40571 0
40572 0
40573 0
40574 0
40575 0
40576 0
40577 0
40578 0
40579 0
40580 0
40581 0
40582 0
40583 0
40584 0
40585 0
40586 0
40587 0
40588 0
40589 0
40590 0
40591 0
40592 0
40593 0
40594 0
40595 0
40596 0
40597 0
40598 0
40599 0
40600 0
40601 0
40602 0
40603 0
40604 0
40605 0
40606 0
40607 0
40608 0
40609 0
40610 0
40611 0
40612 0
40613 0
40614 0
40615 0
40616 0
40617 0
40618 0
40619 0
40620 0
40621 0
40622 0
40623 0
40624 0
40625 0
40626 0
40627 0
40628 0
40629 0
40630 0
40631 0
40632 0
40633 0
40634 0
40635 0
40636 0
40637 0
40638 0
40639 0
40640 0
40641 0
40642 0
40643 0
40644 0
40645 0
40646 0
40647 0
40648 0
40649 0
40650 0
40651 0
40652 0
40653 0
40654 0
40655 0
40656 0
40657 0
40658 0
40659 0
40660 0
40661 0
40662 0
40663 0
40664 0
40665 0
40666 0
40667 0
40668 0
40669 0
40670 0
40671 0
40672 0
40673 0
40674 0
40675 0
40676 0
40677 0
40678 0
40679 0
40680 0
40681 0
40682 0
40683 0
40684 0
40685 0
40686 0
40687 0
40688 0
40689 0
40690 0
40691 0
40692 0
40693 0
40694 0
40695 0
40696 0
40697 0
40698 0
40699 0
40700 0
40701 0
40702 0
40703 0
40704 0
40705 0
40706 0
40707 0
40708 0
40709 0
40710 0
40711 0
40712 0
40713 0
40714 0
40715 0
40716 0
40717 0
40718 0
40719 0
40720 0
40721 0
40722 0
40723 0
40724 0
40725 0
40726 0
40727 0
40728 0
40729 0
40730 0
40731 0
40732 0
40733 0
40734 0
40735 0
40736 0
40737 0
40738 0
40739 0
40740 0
40741 0
40742 0
40743 0
40744 0
40745 0
40746 0
40747 0
40748 0
40749 0
40750 0
40751 0
40752 0
40753 0
40754 0
40755 0
40756 0
40757 0
40758 0
40759 0
40760 0
40761 0
40762 0
40763 0
40764 0
40765 0
40766 0
40767 0
40768 0
40769 0
40770 0
40771 0
40772 0
40773 0
40774 0
40775 0
40776 0
40777 0
40778 0
40779 0
40780 0
40781 0
40782 0
40783 0
40784 0
40785 0
40786 0
40787 0
40788 0
40789 0
40790 0
40791 0
40792 0
40793 0
40794 0
40795 0
40796 0
40797 0
40798 0
40799 0
40800 0
40801 0
40802 0
40803 0
40804 0
40805 0
40806 0
40807 0
40808 0
40809 0
40810 0
40811 0
40812 0
40813 0
40814 0
40815 0
40816 0
40817 0
40818 0
40819 0
40820 0
40821 0
40822 0
40823 0
40824 0
40825 0
40826 0
40827 0
40828 0
40829 0
40830 0
40831 0
40832 0
40833 0
40834 0
40835 0
40836 0
40837 0
40838 0
40839 0
40840 0
40841 0
40842 0
40843 0
40844 0
40845 0
40846 0
40847 0
40848 0
40849 0
40850 0
40851 0
40852 0
40853 0
40854 0
40855 0
40856 0
40857 0
40858 0
40859 0
40860 0
40861 0
40862 0
40863 0
40864 0
40865 0
40866 0
40867 0
40868 0
40869 0
40870 0
40871 0
40872 0
40873 0
40874 0
40875 0
40876 0
40877 0
40878 0
40879 0
40880 0
40881 0
40882 0
40883 0
40884 0
40885 0
40886 0
40887 0
40888 0
40889 0
40890 0
40891 0
40892 0
40893 0
40894 0
40895 0
40896 0
40897 0
40898 0
40899 0
40900 0
40901 0
40902 0
40903 0
40904 0
40905 0
40906 0
40907 0
40908 0
40909 0
40910 0
40911 0
40912 0
40913 0
40914 0
40915 0
40916 0
40917 0
40918 0
40919 0
40920 0
40921 0
40922 0
40923 0
40924 0
40925 0
40926 0
40927 0
40928 0
40929 0
40930 0
40931 0
40932 0
40933 0
40934 0
40935 0
40936 0
40937 0
40938 0
40939 0
40940 0
40941 0
40942 0
40943 0
40944 0
40945 0
40946 0
40947 0
40948 0
40949 0
40950 0
40951 0
40952 0
40953 0
40954 0
40955 0
40956 0
40957 0
40958 0
40959 0
40960 0
40961 0
40962 0
40963 0
40964 0
40965 0
40966 0
40967 0
40968 0
40969 0
40970 0
40971 0
40972 0
40973 0
40974 0
40975 0
40976 0
40977 0
40978 0
40979 0
40980 0
40981 0
40982 0
40983 0
40984 0
40985 0
40986 0
40987 0
40988 0
40989 0
40990 0
40991 0
40992 0
40993 0
40994 0
40995 0
40996 0
40997 0
40998 0
40999 0
41000 0
41001 0
41002 0
41003 0
41004 0
41005 0
41006 0
41007 0
41008 0
41009 0
41010 0
41011 0
41012 0
41013 0
41014 0
41015 0
41016 0
41017 0
41018 0
41019 0
41020 0
41021 0
41022 0
41023 0
41024 0
41025 0
41026 0
41027 0
41028 0
41029 0
41030 0
41031 0
41032 0
41033 0
41034 0
41035 0
41036 0
41037 0
41038 0
41039 0
41040 0
41041 0
41042 0
41043 0
41044 0
41045 0
41046 0
41047 0
41048 0
41049 0
41050 0
41051 0
41052 0
41053 0
41054 0
41055 0
41056 0
41057 0
41058 0
41059 0
41060 0
41061 0
41062 0
41063 0
41064 0
41065 0
41066 0
41067 0
41068 0
41069 0
41070 0
41071 0
41072 0
41073 0
41074 0
41075 0
41076 0
41077 0
41078 0
41079 0
41080 0
41081 0
41082 0
41083 0
41084 0
41085 0
41086 0
41087 0
41088 0
41089 0
41090 0
41091 0
41092 0
41093 0
41094 0
41095 0
41096 0
41097 0
41098 0
41099 0
41100 0
41101 0
41102 0
41103 0
41104 0
41105 0
41106 0
41107 0
41108 0
41109 0
41110 0
41111 0
41112 0
41113 0
41114 0
41115 0
41116 0
41117 0
41118 0
41119 0
41120 0
41121 0
41122 0
41123 0
41124 0
41125 0
41126 0
41127 0
41128 0
41129 0
41130 0
41131 0
41132 0
41133 0
41134 0
41135 0
41136 0
41137 0
41138 0
41139 0
41140 0
41141 0
41142 0
41143 0
41144 0
41145 0
41146 0
41147 0
41148 0
41149 0
41150 0
41151 0
41152 0
41153 0
41154 0
41155 0
41156 0
41157 0
41158 0
41159 0
41160 0
41161 0
41162 0
41163 0
41164 0
41165 0
41166 0
41167 0
41168 0
41169 0
41170 0
41171 0
41172 0
41173 0
41174 0
41175 0
41176 0
41177 0
41178 0
41179 0
41180 0
41181 0
41182 0
41183 0
41184 0
41185 0
41186 0
41187 0
41188 0
41189 0
41190 0
41191 0
41192 0
41193 0
41194 0
41195 0
41196 0
41197 0
41198 0
41199 0
41200 0
41201 0
41202 0
41203 0
41204 0
41205 0
41206 0
41207 0
41208 0
41209 0
41210 0
41211 0
41212 0
41213 0
41214 0
41215 0
41216 0
41217 0
41218 0
41219 0
41220 0
41221 0
41222 0
41223 0
41224 0
41225 0
41226 0
41227 0
41228 0
41229 0
41230 0
41231 0
41232 0
41233 0
41234 0
41235 0
41236 0
41237 0
41238 0
41239 0
41240 0
41241 0
41242 0
41243 0
41244 0
41245 0
41246 0
41247 0
41248 0
41249 0
41250 0
41251 0
41252 0
41253 0
41254 0
41255 0
41256 0
41257 0
41258 0
41259 0
41260 0
41261 0
41262 0
41263 0
41264 0
41265 0
41266 0
41267 0
41268 0
41269 0
41270 0
41271 0
41272 0
41273 0
41274 0
41275 0
41276 0
41277 0
41278 0
41279 0
41280 0
41281 0
41282 0
41283 0
41284 0
41285 0
41286 0
41287 0
41288 0
41289 0
41290 0
41291 0
41292 0
41293 0
41294 0
41295 0
41296 0
41297 0
41298 0
41299 0
41300 0
41301 0
41302 0
41303 0
41304 0
41305 0
41306 0
41307 0
41308 0
41309 0
41310 0
41311 0
41312 0
41313 0
41314 0
41315 0
41316 0
41317 0
41318 0
41319 0
41320 0
41321 0
41322 0
41323 0
41324 0
41325 0
41326 0
41327 0
41328 0
41329 0
41330 0
41331 0
41332 0
41333 0
41334 0
41335 0
41336 0
41337 0
41338 0
41339 0
41340 0
41341 0
41342 0
41343 0
41344 0
41345 0
41346 0
41347 0
41348 0
41349 0
41350 0
41351 0
41352 0
41353 0
41354 0
41355 0
41356 0
41357 0
41358 0
41359 0
41360 0
41361 0
41362 0
41363 0
41364 0
41365 0
41366 0
41367 0
41368 0
41369 0
41370 0
41371 0
41372 0
41373 0
41374 0
41375 0
41376 0
41377 0
41378 0
41379 0
41380 0
41381 0
41382 0
41383 0
41384 0
41385 0
41386 0
41387 0
41388 0
41389 0
41390 0
41391 0
41392 0
41393 0
41394 0
41395 0
41396 0
41397 0
41398 0
41399 0
41400 0
41401 0
41402 0
41403 0
41404 0
41405 0
41406 0
41407 0
41408 0
41409 0
41410 0
41411 0
41412 0
41413 0
41414 0
41415 0
41416 0
41417 0
41418 0
41419 0
41420 0
41421 0
41422 0
41423 0
41424 0
41425 0
41426 0
41427 0
41428 0
41429 0
41430 0
41431 0
41432 0
41433 0
41434 0
41435 0
41436 0
41437 0
41438 0
41439 0
41440 0
41441 0
41442 0
41443 0
41444 0
41445 0
41446 0
41447 0
41448 0
41449 0
41450 0
41451 0
41452 0
41453 0
41454 0
41455 0
41456 0
41457 0
41458 0
41459 0
41460 0
41461 0
41462 0
41463 0
41464 0
41465 0
41466 0
41467 0
41468 0
41469 0
41470 0
41471 0
41472 0
41473 0
41474 0
41475 0
41476 0
41477 0
41478 0
41479 0
41480 0
41481 0
41482 0
41483 0
41484 0
41485 0
41486 0
41487 0
41488 0
41489 0
41490 0
41491 0
41492 0
41493 0
41494 0
41495 0
41496 0
41497 0
41498 0
41499 0
41500 0
41501 0
41502 0
41503 0
41504 0
41505 0
41506 0
41507 0
41508 0
41509 0
41510 0
41511 0
41512 0
41513 0
41514 0
41515 0
41516 0
41517 0
41518 0
41519 0
41520 0
41521 0
41522 0
41523 0
41524 0
41525 0
41526 0
41527 0
41528 0
41529 0
41530 0
41531 0
41532 0
41533 0
41534 0
41535 0
41536 0
41537 0
41538 0
41539 0
41540 0
41541 0
41542 0
41543 0
41544 0
41545 0
41546 0
41547 0
41548 0
41549 0
41550 0
41551 0
41552 0
41553 0
41554 0
41555 0
41556 0
41557 0
41558 0
41559 0
41560 0
41561 0
41562 0
41563 0
41564 0
41565 0
41566 0
41567 0
41568 0
41569 0
41570 0
41571 0
41572 0
41573 0
41574 0
41575 0
41576 0
41577 0
41578 0
41579 0
41580 0
41581 0
41582 0
41583 0
41584 0
41585 0
41586 0
41587 0
41588 0
41589 0
41590 0
41591 0
41592 0
41593 0
41594 0
41595 0
41596 0
41597 0
41598 0
41599 0
41600 0
41601 0
41602 0
41603 0
41604 0
41605 0
41606 0
41607 0
41608 0
41609 0
41610 0
41611 0
41612 0
41613 0
41614 0
41615 0
41616 0
41617 0
41618 0
41619 0
41620 0
41621 0
41622 0
41623 0
41624 0
41625 0
41626 0
41627 0
41628 0
41629 0
41630 0
41631 0
41632 0
41633 0
41634 0
41635 0
41636 0
41637 0
41638 0
41639 0
41640 0
41641 0
41642 0
41643 0
41644 0
41645 0
41646 0
41647 0
41648 0
41649 0
41650 0
41651 0
41652 0
41653 0
41654 0
41655 0
41656 0
41657 0
41658 0
41659 0
41660 0
41661 0
41662 0
41663 0
41664 0
41665 0
41666 0
41667 0
41668 0
41669 0
41670 0
41671 0
41672 0
41673 0
41674 0
41675 0
41676 0
41677 0
41678 0
41679 0
41680 0
41681 0
41682 0
41683 0
41684 0
41685 0
41686 0
41687 0
41688 0
41689 0
41690 0
41691 0
41692 0
41693 0
41694 0
41695 0
41696 0
41697 0
41698 0
41699 0
41700 0
41701 0
41702 0
41703 0
41704 0
41705 0
41706 0
41707 0
41708 0
41709 0
41710 0
41711 0
41712 0
41713 0
41714 0
41715 0
41716 0
41717 0
41718 0
41719 0
41720 0
41721 0
41722 0
41723 0
41724 0
41725 0
41726 0
41727 0
41728 0
41729 0
41730 0
41731 0
41732 0
41733 0
41734 0
41735 0
41736 0
41737 0
41738 0
41739 0
41740 0
41741 0
41742 0
41743 0
41744 0
41745 0
41746 0
41747 0
41748 0
41749 0
41750 0
41751 0
41752 0
41753 0
41754 0
41755 0
41756 0
41757 0
41758 0
41759 0
41760 0
41761 0
41762 0
41763 0
41764 0
41765 0
41766 0
41767 0
41768 0
41769 0
41770 0
41771 0
41772 0
41773 0
41774 0
41775 0
41776 0
41777 0
41778 0
41779 0
41780 0
41781 0
41782 0
41783 0
41784 0
41785 0
41786 0
41787 0
41788 0
41789 0
41790 0
41791 0
41792 0
41793 0
41794 0
41795 0
41796 0
41797 0
41798 0
41799 0
41800 0
41801 0
41802 0
41803 0
41804 0
41805 0
41806 0
41807 0
41808 0
41809 0
41810 0
41811 0
41812 0
41813 0
41814 0
41815 0
41816 0
41817 0
41818 0
41819 0
41820 0
41821 0
41822 0
41823 0
41824 0
41825 0
41826 0
41827 0
41828 0
41829 0
41830 0
41831 0
41832 0
41833 0
41834 0
41835 0
41836 0
41837 0
41838 0
41839 0
41840 0
41841 0
41842 0
41843 0
41844 0
41845 0
41846 0
41847 0
41848 0
41849 0
41850 0
41851 0
41852 0
41853 0
41854 0
41855 0
41856 0
41857 0
41858 0
41859 0
41860 0
41861 0
41862 0
41863 0
41864 0
41865 0
41866 0
41867 0
41868 0
41869 0
41870 0
41871 0
41872 0
41873 0
41874 0
41875 0
41876 0
41877 0
41878 0
41879 0
41880 0
41881 0
41882 0
41883 0
41884 0
41885 0
41886 0
41887 0
41888 0
41889 0
41890 0
41891 0
41892 0
41893 0
41894 0
41895 0
41896 0
41897 0
41898 0
41899 0
41900 0
41901 0
41902 0
41903 0
41904 0
41905 0
41906 0
41907 0
41908 0
41909 0
41910 0
41911 0
41912 0
41913 0
41914 0
41915 0
41916 0
41917 0
41918 0
41919 0
41920 0
41921 0
41922 0
41923 0
41924 0
41925 0
41926 0
41927 0
41928 0
41929 0
41930 0
41931 0
41932 0
41933 0
41934 0
41935 0
41936 0
41937 0
41938 0
41939 0
41940 0
41941 0
41942 0
41943 0
41944 0
41945 0
41946 0
41947 0
41948 0
41949 0
41950 0
41951 0
41952 0
41953 0
41954 0
41955 0
41956 0
41957 0
41958 0
41959 0
41960 0
41961 0
41962 0
41963 0
41964 0
41965 0
41966 0
41967 0
41968 0
41969 0
41970 0
41971 0
41972 0
41973 0
41974 0
41975 0
41976 0
41977 0
41978 0
41979 0
41980 0
41981 0
41982 0
41983 0
41984 0
41985 0
41986 0
41987 0
41988 0
41989 0
41990 0
41991 0
41992 0
41993 0
41994 0
41995 0
41996 0
41997 0
41998 0
41999 0
42000 0
42001 0
42002 0
42003 0
42004 0
42005 0
42006 0
42007 0
42008 0
42009 0
42010 0
42011 0
42012 0
42013 0
42014 0
42015 0
42016 0
42017 0
42018 0
42019 0
42020 0
42021 0
42022 0
42023 0
42024 0
42025 0
42026 0
42027 0
42028 0
42029 0
42030 0
42031 0
42032 0
42033 0
42034 0
42035 0
42036 0
42037 0
42038 0
42039 0
42040 0
42041 0
42042 0
42043 0
42044 0
42045 0
42046 0
42047 0
42048 0
42049 0
42050 0
42051 0
42052 0
42053 0
42054 0
42055 0
42056 0
42057 0
42058 0
42059 0
42060 0
42061 0
42062 0
42063 0
42064 0
42065 0
42066 0
42067 0
42068 0
42069 0
42070 0
42071 0
42072 0
42073 0
42074 0
42075 0
42076 0
42077 0
42078 0
42079 0
42080 0
42081 0
42082 0
42083 0
42084 0
42085 0
42086 0
42087 0
42088 0
42089 0
42090 0
42091 0
42092 0
42093 0
42094 0
42095 0
42096 0
42097 0
42098 0
42099 0
42100 0
42101 0
42102 0
42103 0
42104 0
42105 0
42106 0
42107 0
42108 0
42109 0
42110 0
42111 0
42112 0
42113 0
42114 0
42115 0
42116 0
42117 0
42118 0
42119 0
42120 0
42121 0
42122 0
42123 0
42124 0
42125 0
42126 0
42127 0
42128 0
42129 0
42130 0
42131 0
42132 0
42133 0
42134 0
42135 0
42136 0
42137 0
42138 0
42139 0
42140 0
42141 0
42142 0
42143 0
42144 0
42145 0
42146 0
42147 0
42148 0
42149 0
42150 0
42151 0
42152 0
42153 0
42154 0
42155 0
42156 0
42157 0
42158 0
42159 0
42160 0
42161 0
42162 0
42163 0
42164 0
42165 0
42166 0
42167 0
42168 0
42169 0
42170 0
42171 0
42172 0
42173 0
42174 0
42175 0
42176 0
42177 0
42178 0
42179 0
42180 0
42181 0
42182 0
42183 0
42184 0
42185 0
42186 0
42187 0
42188 0
42189 0
42190 0
42191 0
42192 0
42193 0
42194 0
42195 0
42196 0
42197 0
42198 0
42199 0
42200 0
42201 0
42202 0
42203 0
42204 0
42205 0
42206 0
42207 0
42208 0
42209 0
42210 0
42211 0
42212 0
42213 0
42214 0
42215 0
42216 0
42217 0
42218 0
42219 0
42220 0
42221 0
42222 0
42223 0
42224 0
42225 0
42226 0
42227 0
42228 0
42229 0
42230 0
42231 0
42232 0
42233 0
42234 0
42235 0
42236 0
42237 0
42238 0
42239 0
42240 0
42241 0
42242 0
42243 0
42244 0
42245 0
42246 0
42247 0
42248 0
42249 0
42250 0
42251 0
42252 0
42253 0
42254 0
42255 0
42256 0
42257 0
42258 0
42259 0
42260 0
42261 0
42262 0
42263 0
42264 0
42265 0
42266 0
42267 0
42268 0
42269 0
42270 0
42271 0
42272 0
42273 0
42274 0
42275 0
42276 0
42277 0
42278 0
42279 0
42280 0
42281 0
42282 0
42283 0
42284 0
42285 0
42286 0
42287 0
42288 0
42289 0
42290 0
42291 0
42292 0
42293 0
42294 0
42295 0
42296 0
42297 0
42298 0
42299 0
42300 0
42301 0
42302 0
42303 0
42304 0
42305 0
42306 0
42307 0
42308 0
42309 0
42310 0
42311 0
42312 0
42313 0
42314 0
42315 0
42316 0
42317 0
42318 0
42319 0
42320 0
42321 0
42322 0
42323 0
42324 0
42325 0
42326 0
42327 0
42328 0
42329 0
42330 0
42331 0
42332 0
42333 0
42334 0
42335 0
42336 0
42337 0
42338 0
42339 0
42340 0
42341 0
42342 0
42343 0
42344 0
42345 0
42346 0
42347 0
42348 0
42349 0
42350 0
42351 0
42352 0
42353 0
42354 0
42355 0
42356 0
42357 0
42358 0
42359 0
42360 0
42361 0
42362 0
42363 0
42364 0
42365 0
42366 0
42367 0
42368 0
42369 0
42370 0
42371 0
42372 0
42373 0
42374 0
42375 0
42376 0
42377 0
42378 0
42379 0
42380 0
42381 0
42382 0
42383 0
42384 0
42385 0
42386 0
42387 0
42388 0
42389 0
42390 0
42391 0
42392 0
42393 0
42394 0
42395 0
42396 0
42397 0
42398 0
42399 0
42400 0
42401 0
42402 0
42403 0
42404 0
42405 0
42406 0
42407 0
42408 0
42409 0
42410 0
42411 0
42412 0
42413 0
42414 0
42415 0
42416 0
42417 0
42418 0
42419 0
42420 0
42421 0
42422 0
42423 0
42424 0
42425 0
42426 0
42427 0
42428 0
42429 0
42430 0
42431 0
42432 0
42433 0
42434 0
42435 0
42436 0
42437 0
42438 0
42439 0
42440 0
42441 0
42442 0
42443 0
42444 0
42445 0
42446 0
42447 0
42448 0
42449 0
42450 0
42451 0
42452 0
42453 0
42454 0
42455 0
42456 0
42457 0
42458 0
42459 0
42460 0
42461 0
42462 0
42463 0
42464 0
42465 0
42466 0
42467 0
42468 0
42469 0
42470 0
42471 0
42472 0
42473 0
42474 0
42475 0
42476 0
42477 0
42478 0
42479 0
42480 0
42481 0
42482 0
42483 0
42484 0
42485 0
42486 0
42487 0
42488 0
42489 0
42490 0
42491 0
42492 0
42493 0
42494 0
42495 0
42496 0
42497 0
42498 0
42499 0
42500 0
42501 0
42502 0
42503 0
42504 0
42505 0
42506 0
42507 0
42508 0
42509 0
42510 0
42511 0
42512 0
42513 0
42514 0
42515 0
42516 0
42517 0
42518 0
42519 0
42520 0
42521 0
42522 0
42523 0
42524 0
42525 0
42526 0
42527 0
42528 0
42529 0
42530 0
42531 0
42532 0
42533 0
42534 0
42535 0
42536 0
42537 0
42538 0
42539 0
42540 0
42541 0
42542 0
42543 0
42544 0
42545 0
42546 0
42547 0
42548 0
42549 0
42550 0
42551 0
42552 0
42553 0
42554 0
42555 0
42556 0
42557 0
42558 0
42559 0
42560 0
42561 0
42562 0
42563 0
42564 0
42565 0
42566 0
42567 0
42568 0
42569 0
42570 0
42571 0
42572 0
42573 0
42574 0
42575 0
42576 0
42577 0
42578 0
42579 0
42580 0
42581 0
42582 0
42583 0
42584 0
42585 0
42586 0
42587 0
42588 0
42589 0
42590 0
42591 0
42592 0
42593 0
42594 0
42595 0
42596 0
42597 0
42598 0
42599 0
42600 0
42601 0
42602 0
42603 0
42604 0
42605 0
42606 0
42607 0
42608 0
42609 0
42610 0
42611 0
42612 0
42613 0
42614 0
42615 0
42616 0
42617 0
42618 0
42619 0
42620 0
42621 0
42622 0
42623 0
42624 0
42625 0
42626 0
42627 0
42628 0
42629 0
42630 0
42631 0
42632 0
42633 0
42634 0
42635 0
42636 0
42637 0
42638 0
42639 0
42640 0
42641 0
42642 0
42643 0
42644 0
42645 0
42646 0
42647 0
42648 0
42649 0
42650 0
42651 0
42652 0
42653 0
42654 0
42655 0
42656 0
42657 0
42658 0
42659 0
42660 0
42661 0
42662 0
42663 0
42664 0
42665 0
42666 0
42667 0
42668 0
42669 0
42670 0
42671 0
42672 0
42673 0
42674 0
42675 0
42676 0
42677 0
42678 0
42679 0
42680 0
42681 0
42682 0
42683 0
42684 0
42685 0
42686 0
42687 0
42688 0
42689 0
42690 0
42691 0
42692 0
42693 0
42694 0
42695 0
42696 0
42697 0
42698 0
42699 0
42700 0
42701 0
42702 0
42703 0
42704 0
42705 0
42706 0
42707 0
42708 0
42709 0
42710 0
42711 0
42712 0
42713 0
42714 0
42715 0
42716 0
42717 0
42718 0
42719 0
42720 0
42721 0
42722 0
42723 0
42724 0
42725 0
42726 0
42727 0
42728 0
42729 0
42730 0
42731 0
42732 0
42733 0
42734 0
42735 0
42736 0
42737 0
42738 0
42739 0
42740 0
42741 0
42742 0
42743 0
42744 0
42745 0
42746 0
42747 0
42748 0
42749 0
42750 0
42751 0
42752 0
42753 0
42754 0
42755 0
42756 0
42757 0
42758 0
42759 0
42760 0
42761 0
42762 0
42763 0
42764 0
42765 0
42766 0
42767 0
42768 0
42769 0
42770 0
42771 0
42772 0
42773 0
42774 0
42775 0
42776 0
42777 0
42778 0
42779 0
42780 0
42781 0
42782 0
42783 0
42784 0
42785 0
42786 0
42787 0
42788 0
42789 0
42790 0
42791 0
42792 0
42793 0
42794 0
42795 0
42796 0
42797 0
42798 0
42799 0
42800 0
42801 0
42802 0
42803 0
42804 0
42805 0
42806 0
42807 0
42808 0
42809 0
42810 0
42811 0
42812 0
42813 0
42814 0
42815 0
42816 0
42817 0
42818 0
42819 0
42820 0
42821 0
42822 0
42823 0
42824 0
42825 0
42826 0
42827 0
42828 0
42829 0
42830 0
42831 0
42832 0
42833 0
42834 0
42835 0
42836 0
42837 0
42838 0
42839 0
42840 0
42841 0
42842 0
42843 0
42844 0
42845 0
42846 0
42847 0
42848 0
42849 0
42850 0
42851 0
42852 0
42853 0
42854 0
42855 0
42856 0
42857 0
42858 0
42859 0
42860 0
42861 0
42862 0
42863 0
42864 0
42865 0
42866 0
42867 0
42868 0
42869 0
42870 0
42871 0
42872 0
42873 0
42874 0
42875 0
42876 0
42877 0
42878 0
42879 0
42880 0
42881 0
42882 0
42883 0
42884 0
42885 0
42886 0
42887 0
42888 0
42889 0
42890 0
42891 0
42892 0
42893 0
42894 0
42895 0
42896 0
42897 0
42898 0
42899 0
42900 0
42901 0
42902 0
42903 0
42904 0
42905 0
42906 0
42907 0
42908 0
42909 0
42910 0
42911 0
42912 0
42913 0
42914 0
42915 0
42916 0
42917 0
42918 0
42919 0
42920 0
42921 0
42922 0
42923 0
42924 0
42925 0
42926 0
42927 0
42928 0
42929 0
42930 0
42931 0
42932 0
42933 0
42934 0
42935 0
42936 0
42937 0
42938 0
42939 0
42940 0
42941 0
42942 0
42943 0
42944 0
42945 0
42946 0
42947 0
42948 0
42949 0
42950 0
42951 0
42952 0
42953 0
42954 0
42955 0
42956 0
42957 0
42958 0
42959 0
42960 0
42961 0
42962 0
42963 0
42964 0
42965 0
42966 0
42967 0
42968 0
42969 0
42970 0
42971 0
42972 0
42973 0
42974 0
42975 0
42976 0
42977 0
42978 0
42979 0
42980 0
42981 0
42982 0
42983 0
42984 0
42985 0
42986 0
42987 0
42988 0
42989 0
42990 0
42991 0
42992 0
42993 0
42994 0
42995 0
42996 0
42997 0
42998 0
42999 0
43000 0
43001 0
43002 0
43003 0
43004 0
43005 0
43006 0
43007 0
43008 0
43009 0
43010 0
43011 0
43012 0
43013 0
43014 0
43015 0
43016 0
43017 0
43018 0
43019 0
43020 0
43021 0
43022 0
43023 0
43024 0
43025 0
43026 0
43027 0
43028 0
43029 0
43030 0
43031 0
43032 0
43033 0
43034 0
43035 0
43036 0
43037 0
43038 0
43039 0
43040 0
43041 0
43042 0
43043 0
43044 0
43045 0
43046 0
43047 0
43048 0
43049 0
43050 0
43051 0
43052 0
43053 0
43054 0
43055 0
43056 0
43057 0
43058 0
43059 0
43060 0
43061 0
43062 0
43063 0
43064 0
43065 0
43066 0
43067 0
43068 0
43069 0
43070 0
43071 0
43072 0
43073 0
43074 0
43075 0
43076 0
43077 0
43078 0
43079 0
43080 0
43081 0
43082 0
43083 0
43084 0
43085 0
43086 0
43087 0
43088 0
43089 0
43090 0
43091 0
43092 0
43093 0
43094 0
43095 0
43096 0
43097 0
43098 0
43099 0
43100 0
43101 0
43102 0
43103 0
43104 0
43105 0
43106 0
43107 0
43108 0
43109 0
43110 0
43111 0
43112 0
43113 0
43114 0
43115 0
43116 0
43117 0
43118 0
43119 0
43120 0
43121 0
43122 0
43123 0
43124 0
43125 0
43126 0
43127 0
43128 0
43129 0
43130 0
43131 0
43132 0
43133 0
43134 0
43135 0
43136 0
43137 0
43138 0
43139 0
43140 0
43141 0
43142 0
43143 0
43144 0
43145 0
43146 0
43147 0
43148 0
43149 0
43150 0
43151 0
43152 0
43153 0
43154 0
43155 0
43156 0
43157 0
43158 0
43159 0
43160 0
43161 0
43162 0
43163 0
43164 0
43165 0
43166 0
43167 0
43168 0
43169 0
43170 0
43171 0
43172 0
43173 0
43174 0
43175 0
43176 0
43177 0
43178 0
43179 0
43180 0
43181 0
43182 0
43183 0
43184 0
43185 0
43186 0
43187 0
43188 0
43189 0
43190 0
43191 0
43192 0
43193 0
43194 0
43195 0
43196 0
43197 0
43198 0
43199 0
43200 0
43201 0
43202 0
43203 0
43204 0
43205 0
43206 0
43207 0
43208 0
43209 0
43210 0
43211 0
43212 0
43213 0
43214 0
43215 0
43216 0
43217 0
43218 0
43219 0
43220 0
43221 0
43222 0
43223 0
43224 0
43225 0
43226 0
43227 0
43228 0
43229 0
43230 0
43231 0
43232 0
43233 0
43234 0
43235 0
43236 0
43237 0
43238 0
43239 0
43240 0
43241 0
43242 0
43243 0
43244 0
43245 0
43246 0
43247 0
43248 0
43249 0
43250 0
43251 0
43252 0
43253 0
43254 0
43255 0
43256 0
43257 0
43258 0
43259 0
43260 0
43261 0
43262 0
43263 0
43264 0
43265 0
43266 0
43267 0
43268 0
43269 0
43270 0
43271 0
43272 0
43273 0
43274 0
43275 0
43276 0
43277 0
43278 0
43279 0
43280 0
43281 0
43282 0
43283 0
43284 0
43285 0
43286 0
43287 0
43288 0
43289 0
43290 0
43291 0
43292 0
43293 0
43294 0
43295 0
43296 0
43297 0
43298 0
43299 0
43300 0
43301 0
43302 0
43303 0
43304 0
43305 0
43306 0
43307 0
43308 0
43309 0
43310 0
43311 0
43312 0
43313 0
43314 0
43315 0
43316 0
43317 0
43318 0
43319 0
43320 0
43321 0
43322 0
43323 0
43324 0
43325 0
43326 0
43327 0
43328 0
43329 0
43330 0
43331 0
43332 0
43333 0
43334 0
43335 0
43336 0
43337 0
43338 0
43339 0
43340 0
43341 0
43342 0
43343 0
43344 0
43345 0
43346 0
43347 0
43348 0
43349 0
43350 0
43351 0
43352 0
43353 0
43354 0
43355 0
43356 0
43357 0
43358 0
43359 0
43360 0
43361 0
43362 0
43363 0
43364 0
43365 0
43366 0
43367 0
43368 0
43369 0
43370 0
43371 0
43372 0
43373 0
43374 0
43375 0
43376 0
43377 0
43378 0
43379 0
43380 0
43381 0
43382 0
43383 0
43384 0
43385 0
43386 0
43387 0
43388 0
43389 0
43390 0
43391 0
43392 0
43393 0
43394 0
43395 0
43396 0
43397 0
43398 0
43399 0
43400 0
43401 0
43402 0
43403 0
43404 0
43405 0
43406 0
43407 0
43408 0
43409 0
43410 0
43411 0
43412 0
43413 0
43414 0
43415 0
43416 0
43417 0
43418 0
43419 0
43420 0
43421 0
43422 0
43423 0
43424 0
43425 0
43426 0
43427 0
43428 0
43429 0
43430 0
43431 0
43432 0
43433 0
43434 0
43435 0
43436 0
43437 0
43438 0
43439 0
43440 0
43441 0
43442 0
43443 0
43444 0
43445 0
43446 0
43447 0
43448 0
43449 0
43450 0
43451 0
43452 0
43453 0
43454 0
43455 0
43456 0
43457 0
43458 0
43459 0
43460 0
43461 0
43462 0
43463 0
43464 0
43465 0
43466 0
43467 0
43468 0
43469 0
43470 0
43471 0
43472 0
43473 0
43474 0
43475 0
43476 0
43477 0
43478 0
43479 0
43480 0
43481 0
43482 0
43483 0
43484 0
43485 0
43486 0
43487 0
43488 0
43489 0
43490 0
43491 0
43492 0
43493 0
43494 0
43495 0
43496 0
43497 0
43498 0
43499 0
43500 0
43501 0
43502 0
43503 0
43504 0
43505 0
43506 0
43507 0
43508 0
43509 0
43510 0
43511 0
43512 0
43513 0
43514 0
43515 0
43516 0
43517 0
43518 0
43519 0
43520 0
43521 0
43522 0
43523 0
43524 0
43525 0
43526 0
43527 0
43528 0
43529 0
43530 0
43531 0
43532 0
43533 0
43534 0
43535 0
43536 0
43537 0
43538 0
43539 0
43540 0
43541 0
43542 0
43543 0
43544 0
43545 0
43546 0
43547 0
43548 0
43549 0
43550 0
43551 0
43552 0
43553 0
43554 0
43555 0
43556 0
43557 0
43558 0
43559 0
43560 0
43561 0
43562 0
43563 0
43564 0
43565 0
43566 0
43567 0
43568 0
43569 0
43570 0
43571 0
43572 0
43573 0
43574 0
43575 0
43576 0
43577 0
43578 0
43579 0
43580 0
43581 0
43582 0
43583 0
43584 0
43585 0
43586 0
43587 0
43588 0
43589 0
43590 0
43591 0
43592 0
43593 0
43594 0
43595 0
43596 0
43597 0
43598 0
43599 0
43600 0
43601 0
43602 0
43603 0
43604 0
43605 0
43606 0
43607 0
43608 0
43609 0
43610 0
43611 0
43612 0
43613 0
43614 0
43615 0
43616 0
43617 0
43618 0
43619 0
43620 0
43621 0
43622 0
43623 0
43624 0
43625 0
43626 0
43627 0
43628 0
43629 0
43630 0
43631 0
43632 0
43633 0
43634 0
43635 0
43636 0
43637 0
43638 0
43639 0
43640 0
43641 0
43642 0
43643 0
43644 0
43645 0
43646 0
43647 0
43648 0
43649 0
43650 0
43651 0
43652 0
43653 0
43654 0
43655 0
43656 0
43657 0
43658 0
43659 0
43660 0
43661 0
43662 0
43663 0
43664 0
43665 0
43666 0
43667 0
43668 0
43669 0
43670 0
43671 0
43672 0
43673 0
43674 0
43675 0
43676 0
43677 0
43678 0
43679 0
43680 0
43681 0
43682 0
43683 0
43684 0
43685 0
43686 0
43687 0
43688 0
43689 0
43690 0
43691 0
43692 0
43693 0
43694 0
43695 0
43696 0
43697 0
43698 0
43699 0
43700 0
43701 0
43702 0
43703 0
43704 0
43705 0
43706 0
43707 0
43708 0
43709 0
43710 0
43711 0
43712 0
43713 0
43714 0
43715 0
43716 0
43717 0
43718 0
43719 0
43720 0
43721 0
43722 0
43723 0
43724 0
43725 0
43726 0
43727 0
43728 0
43729 0
43730 0
43731 0
43732 0
43733 0
43734 0
43735 0
43736 0
43737 0
43738 0
43739 0
43740 0
43741 0
43742 0
43743 0
43744 0
43745 0
43746 0
43747 0
43748 0
43749 0
43750 0
43751 0
43752 0
43753 0
43754 0
43755 0
43756 0
43757 0
43758 0
43759 0
43760 0
43761 0
43762 0
43763 0
43764 0
43765 0
43766 0
43767 0
43768 0
43769 0
43770 0
43771 0
43772 0
43773 0
43774 0
43775 0
43776 0
43777 0
43778 0
43779 0
43780 0
43781 0
43782 0
43783 0
43784 0
43785 0
43786 0
43787 0
43788 0
43789 0
43790 0
43791 0
43792 0
43793 0
43794 0
43795 0
43796 0
43797 0
43798 0
43799 0
43800 0
43801 0
43802 0
43803 0
43804 0
43805 0
43806 0
43807 0
43808 0
43809 0
43810 0
43811 0
43812 0
43813 0
43814 0
43815 0
43816 0
43817 0
43818 0
43819 0
43820 0
43821 0
43822 0
43823 0
43824 0
43825 0
43826 0
43827 0
43828 0
43829 0
43830 0
43831 0
43832 0
43833 0
43834 0
43835 0
43836 0
43837 0
43838 0
43839 0
43840 0
43841 0
43842 0
43843 0
43844 0
43845 0
43846 0
43847 0
43848 0
43849 0
43850 0
43851 0
43852 0
43853 0
43854 0
43855 0
43856 0
43857 0
43858 0
43859 0
43860 0
43861 0
43862 0
43863 0
43864 0
43865 0
43866 0
43867 0
43868 0
43869 0
43870 0
43871 0
43872 0
43873 0
43874 0
43875 0
43876 0
43877 0
43878 0
43879 0
43880 0
43881 0
43882 0
43883 0
43884 0
43885 0
43886 0
43887 0
43888 0
43889 0
43890 0
43891 0
43892 0
43893 0
43894 0
43895 0
43896 0
43897 0
43898 0
43899 0
43900 0
43901 0
43902 0
43903 0
43904 0
43905 0
43906 0
43907 0
43908 0
43909 0
43910 0
43911 0
43912 0
43913 0
43914 0
43915 0
43916 0
43917 0
43918 0
43919 0
43920 0
43921 0
43922 0
43923 0
43924 0
43925 0
43926 0
43927 0
43928 0
43929 0
43930 0
43931 0
43932 0
43933 0
43934 0
43935 0
43936 0
43937 0
43938 0
43939 0
43940 0
43941 0
43942 0
43943 0
43944 0
43945 0
43946 0
43947 0
43948 0
43949 0
43950 0
43951 0
43952 0
43953 0
43954 0
43955 0
43956 0
43957 0
43958 0
43959 0
43960 0
43961 0
43962 0
43963 0
43964 0
43965 0
43966 0
43967 0
43968 0
43969 0
43970 0
43971 0
43972 0
43973 0
43974 0
43975 0
43976 0
43977 0
43978 0
43979 0
43980 0
43981 0
43982 0
43983 0
43984 0
43985 0
43986 0
43987 0
43988 0
43989 0
43990 0
43991 0
43992 0
43993 0
43994 0
43995 0
43996 0
43997 0
43998 0
43999 0
44000 0
44001 0
44002 0
44003 0
44004 0
44005 0
44006 0
44007 0
44008 0
44009 0
44010 0
44011 0
44012 0
44013 0
44014 0
44015 0
44016 0
44017 0
44018 0
44019 0
44020 0
44021 0
44022 0
44023 0
44024 0
44025 0
44026 0
44027 0
44028 0
44029 0
44030 0
44031 0
44032 0
44033 0
44034 0
44035 0
44036 0
44037 0
44038 0
44039 0
44040 0
44041 0
44042 0
44043 0
44044 0
44045 0
44046 0
44047 0
44048 0
44049 0
44050 0
44051 0
44052 0
44053 0
44054 0
44055 0
44056 0
44057 0
44058 0
44059 0
44060 0
44061 0
44062 0
44063 0
44064 0
44065 0
44066 0
44067 0
44068 0
44069 0
44070 0
44071 0
44072 0
44073 0
44074 0
44075 0
44076 0
44077 0
44078 0
44079 0
44080 0
44081 0
44082 0
44083 0
44084 0
44085 0
44086 0
44087 0
44088 0
44089 0
44090 0
44091 0
44092 0
44093 0
44094 0
44095 0
44096 0
44097 0
44098 0
44099 0
44100 0
44101 0
44102 0
44103 0
44104 0
44105 0
44106 0
44107 0
44108 0
44109 0
44110 0
44111 0
44112 0
44113 0
44114 0
44115 0
44116 0
44117 0
44118 0
44119 0
44120 0
44121 0
44122 0
44123 0
44124 0
44125 0
44126 0
44127 0
44128 0
44129 0
44130 0
44131 0
44132 0
44133 0
44134 0
44135 0
44136 0
44137 0
44138 0
44139 0
44140 0
44141 0
44142 0
44143 0
44144 0
44145 0
44146 0
44147 0
44148 0
44149 0
44150 0
44151 0
44152 0
44153 0
44154 0
44155 0
44156 0
44157 0
44158 0
44159 0
44160 0
44161 0
44162 0
44163 0
44164 0
44165 0
44166 0
44167 0
44168 0
44169 0
44170 0
44171 0
44172 0
44173 0
44174 0
44175 0
44176 0
44177 0
44178 0
44179 0
44180 0
44181 0
44182 0
44183 0
44184 0
44185 0
44186 0
44187 0
44188 0
44189 0
44190 0
44191 0
44192 0
44193 0
44194 0
44195 0
44196 0
44197 0
44198 0
44199 0
44200 0
44201 0
44202 0
44203 0
44204 0
44205 0
44206 0
44207 0
44208 0
44209 0
44210 0
44211 0
44212 0
44213 0
44214 0
44215 0
44216 0
44217 0
44218 0
44219 0
44220 0
44221 0
44222 0
44223 0
44224 0
44225 0
44226 0
44227 0
44228 0
44229 0
44230 0
44231 0
44232 0
44233 0
44234 0
44235 0
44236 0
44237 0
44238 0
44239 0
44240 0
44241 0
44242 0
44243 0
44244 0
44245 0
44246 0
44247 0
44248 0
44249 0
44250 0
44251 0
44252 0
44253 0
44254 0
44255 0
44256 0
44257 0
44258 0
44259 0
44260 0
44261 0
44262 0
44263 0
44264 0
44265 0
44266 0
44267 0
44268 0
44269 0
44270 0
44271 0
44272 0
44273 0
44274 0
44275 0
44276 0
44277 0
44278 0
44279 0
44280 0
44281 0
44282 0
44283 0
44284 0
44285 0
44286 0
44287 0
44288 0
44289 0
44290 0
44291 0
44292 0
44293 0
44294 0
44295 0
44296 0
44297 0
44298 0
44299 0
44300 0
44301 0
44302 0
44303 0
44304 0
44305 0
44306 0
44307 0
44308 0
44309 0
44310 0
44311 0
44312 0
44313 0
44314 0
44315 0
44316 0
44317 0
44318 0
44319 0
44320 0
44321 0
44322 0
44323 0
44324 0
44325 0
44326 0
44327 0
44328 0
44329 0
44330 0
44331 0
44332 0
44333 0
44334 0
44335 0
44336 0
44337 0
44338 0
44339 0
44340 0
44341 0
44342 0
44343 0
44344 0
44345 0
44346 0
44347 0
44348 0
44349 0
44350 0
44351 0
44352 0
44353 0
44354 0
44355 0
44356 0
44357 0
44358 0
44359 0
44360 0
44361 0
44362 0
44363 0
44364 0
44365 0
44366 0
44367 0
44368 0
44369 0
44370 0
44371 0
44372 0
44373 0
44374 0
44375 0
44376 0
44377 0
44378 0
44379 0
44380 0
44381 0
44382 0
44383 0
44384 0
44385 0
44386 0
44387 0
44388 0
44389 0
44390 0
44391 0
44392 0
44393 0
44394 0
44395 0
44396 0
44397 0
44398 0
44399 0
44400 0
44401 0
44402 0
44403 0
44404 0
44405 0
44406 0
44407 0
44408 0
44409 0
44410 0
44411 0
44412 0
44413 0
44414 0
44415 0
44416 0
44417 0
44418 0
44419 0
44420 0
44421 0
44422 0
44423 0
44424 0
44425 0
44426 0
44427 0
44428 0
44429 0
44430 0
44431 0
44432 0
44433 0
44434 0
44435 0
44436 0
44437 0
44438 0
44439 0
44440 0
44441 0
44442 0
44443 0
44444 0
44445 0
44446 0
44447 0
44448 0
44449 0
44450 0
44451 0
44452 0
44453 0
44454 0
44455 0
44456 0
44457 0
44458 0
44459 0
44460 0
44461 0
44462 0
44463 0
44464 0
44465 0
44466 0
44467 0
44468 0
44469 0
44470 0
44471 0
44472 0
44473 0
44474 0
44475 0
44476 0
44477 0
44478 0
44479 0
44480 0
44481 0
44482 0
44483 0
44484 0
44485 0
44486 0
44487 0
44488 0
44489 0
44490 0
44491 0
44492 0
44493 0
44494 0
44495 0
44496 0
44497 0
44498 0
44499 0
44500 0
44501 0
44502 0
44503 0
44504 0
44505 0
44506 0
44507 0
44508 0
44509 0
44510 0
44511 0
44512 0
44513 0
44514 0
44515 0
44516 0
44517 0
44518 0
44519 0
44520 0
44521 0
44522 0
44523 0
44524 0
44525 0
44526 0
44527 0
44528 0
44529 0
44530 0
44531 0
44532 0
44533 0
44534 0
44535 0
44536 0
44537 0
44538 0
44539 0
44540 0
44541 0
44542 0
44543 0
44544 0
44545 0
44546 0
44547 0
44548 0
44549 0
44550 0
44551 0
44552 0
44553 0
44554 0
44555 0
44556 0
44557 0
44558 0
44559 0
44560 0
44561 0
44562 0
44563 0
44564 0
44565 0
44566 0
44567 0
44568 0
44569 0
44570 0
44571 0
44572 0
44573 0
44574 0
44575 0
44576 0
44577 0
44578 0
44579 0
44580 0
44581 0
44582 0
44583 0
44584 0
44585 0
44586 0
44587 0
44588 0
44589 0
44590 0
44591 0
44592 0
44593 0
44594 0
44595 0
44596 0
44597 0
44598 0
44599 0
44600 0
44601 0
44602 0
44603 0
44604 0
44605 0
44606 0
44607 0
44608 0
44609 0
44610 0
44611 0
44612 0
44613 0
44614 0
44615 0
44616 0
44617 0
44618 0
44619 0
44620 0
44621 0
44622 0
44623 0
44624 0
44625 0
44626 0
44627 0
44628 0
44629 0
44630 0
44631 0
44632 0
44633 0
44634 0
44635 0
44636 0
44637 0
44638 0
44639 0
44640 0
44641 0
44642 0
44643 0
44644 0
44645 0
44646 0
44647 0
44648 0
44649 0
44650 0
44651 0
44652 0
44653 0
44654 0
44655 0
44656 0
44657 0
44658 0
44659 0
44660 0
44661 0
44662 0
44663 0
44664 0
44665 0
44666 0
44667 0
44668 0
44669 0
44670 0
44671 0
44672 0
44673 0
44674 0
44675 0
44676 0
44677 0
44678 0
44679 0
44680 0
44681 0
44682 0
44683 0
44684 0
44685 0
44686 0
44687 0
44688 0
44689 0
44690 0
44691 0
44692 0
44693 0
44694 0
44695 0
44696 0
44697 0
44698 0
44699 0
44700 0
44701 0
44702 0
44703 0
44704 0
44705 0
44706 0
44707 0
44708 0
44709 0
44710 0
44711 0
44712 0
44713 0
44714 0
44715 0
44716 0
44717 0
44718 0
44719 0
44720 0
44721 0
44722 0
44723 0
44724 0
44725 0
44726 0
44727 0
44728 0
44729 0
44730 0
44731 0
44732 0
44733 0
44734 0
44735 0
44736 0
44737 0
44738 0
44739 0
44740 0
44741 0
44742 0
44743 0
44744 0
44745 0
44746 0
44747 0
44748 0
44749 0
44750 0
44751 0
44752 0
44753 0
44754 0
44755 0
44756 0
44757 0
44758 0
44759 0
44760 0
44761 0
44762 0
44763 0
44764 0
44765 0
44766 0
44767 0
44768 0
44769 0
44770 0
44771 0
44772 0
44773 0
44774 0
44775 0
44776 0
44777 0
44778 0
44779 0
44780 0
44781 0
44782 0
44783 0
44784 0
44785 0
44786 0
44787 0
44788 0
44789 0
44790 0
44791 0
44792 0
44793 0
44794 0
44795 0
44796 0
44797 0
44798 0
44799 0
44800 0
44801 0
44802 0
44803 0
44804 0
44805 0
44806 0
44807 0
44808 0
44809 0
44810 0
44811 0
44812 0
44813 0
44814 0
44815 0
44816 0
44817 0
44818 0
44819 0
44820 0
44821 0
44822 0
44823 0
44824 0
44825 0
44826 0
44827 0
44828 0
44829 0
44830 0
44831 0
44832 0
44833 0
44834 0
44835 0
44836 0
44837 0
44838 0
44839 0
44840 0
44841 0
44842 0
44843 0
44844 0
44845 0
44846 0
44847 0
44848 0
44849 0
44850 0
44851 0
44852 0
44853 0
44854 0
44855 0
44856 0
44857 0
44858 0
44859 0
44860 0
44861 0
44862 0
44863 0
44864 0
44865 0
44866 0
44867 0
44868 0
44869 0
44870 0
44871 0
44872 0
44873 0
44874 0
44875 0
44876 0
44877 0
44878 0
44879 0
44880 0
44881 0
44882 0
44883 0
44884 0
44885 0
44886 0
44887 0
44888 0
44889 0
44890 0
44891 0
44892 0
44893 0
44894 0
44895 0
44896 0
44897 0
44898 0
44899 0
44900 0
44901 0
44902 0
44903 0
44904 0
44905 0
44906 0
44907 0
44908 0
44909 0
44910 0
44911 0
44912 0
44913 0
44914 0
44915 0
44916 0
44917 0
44918 0
44919 0
44920 0
44921 0
44922 0
44923 0
44924 0
44925 0
44926 0
44927 0
44928 0
44929 0
44930 0
44931 0
44932 0
44933 0
44934 0
44935 0
44936 0
44937 0
44938 0
44939 0
44940 0
44941 0
44942 0
44943 0
44944 0
44945 0
44946 0
44947 0
44948 0
44949 0
44950 0
44951 0
44952 0
44953 0
44954 0
44955 0
44956 0
44957 0
44958 0
44959 0
44960 0
44961 0
44962 0
44963 0
44964 0
44965 0
44966 0
44967 0
44968 0
44969 0
44970 0
44971 0
44972 0
44973 0
44974 0
44975 0
44976 0
44977 0
44978 0
44979 0
44980 0
44981 0
44982 0
44983 0
44984 0
44985 0
44986 0
44987 0
44988 0
44989 0
44990 0
44991 0
44992 0
44993 0
44994 0
44995 0
44996 0
44997 0
44998 0
44999 0
45000 0
45001 0
45002 0
45003 0
45004 0
45005 0
45006 0
45007 0
45008 0
45009 0
45010 0
45011 0
45012 0
45013 0
45014 0
45015 0
45016 0
45017 0
45018 0
45019 0
45020 0
45021 0
45022 0
45023 0
45024 0
45025 0
45026 0
45027 0
45028 0
45029 0
45030 0
45031 0
45032 0
45033 0
45034 0
45035 0
45036 0
45037 0
45038 0
45039 0
45040 0
45041 0
45042 0
45043 0
45044 0
45045 0
45046 0
45047 0
45048 0
45049 0
45050 0
45051 0
45052 0
45053 0
45054 0
45055 0
45056 0
45057 0
45058 0
45059 0
45060 0
45061 0
45062 0
45063 0
45064 0
45065 0
45066 0
45067 0
45068 0
45069 0
45070 0
45071 0
45072 0
45073 0
45074 0
45075 0
45076 0
45077 0
45078 0
45079 0
45080 0
45081 0
45082 0
45083 0
45084 0
45085 0
45086 0
45087 0
45088 0
45089 0
45090 0
45091 0
45092 0
45093 0
45094 0
45095 0
45096 0
45097 0
45098 0
45099 0
45100 0
45101 0
45102 0
45103 0
45104 0
45105 0
45106 0
45107 0
45108 0
45109 0
45110 0
45111 0
45112 0
45113 0
45114 0
45115 0
45116 0
45117 0
45118 0
45119 0
45120 0
45121 0
45122 0
45123 0
45124 0
45125 0
45126 0
45127 0
45128 0
45129 0
45130 0
45131 0
45132 0
45133 0
45134 0
45135 0
45136 0
45137 0
45138 0
45139 0
45140 0
45141 0
45142 0
45143 0
45144 0
45145 0
45146 0
45147 0
45148 0
45149 0
45150 0
45151 0
45152 0
45153 0
45154 0
45155 0
45156 0
45157 0
45158 0
45159 0
45160 0
45161 0
45162 0
45163 0
45164 0
45165 0
45166 0
45167 0
45168 0
45169 0
45170 0
45171 0
45172 0
45173 0
45174 0
45175 0
45176 0
45177 0
45178 0
45179 0
45180 0
45181 0
45182 0
45183 0
45184 0
45185 0
45186 0
45187 0
45188 0
45189 0
45190 0
45191 0
45192 0
45193 0
45194 0
45195 0
45196 0
45197 0
45198 0
45199 0
45200 0
45201 0
45202 0
45203 0
45204 0
45205 0
45206 0
45207 0
45208 0
45209 0
45210 0
45211 0
45212 0
45213 0
45214 0
45215 0
45216 0
45217 0
45218 0
45219 0
45220 0
45221 0
45222 0
45223 0
45224 0
45225 0
45226 0
45227 0
45228 0
45229 0
45230 0
45231 0
45232 0
45233 0
45234 0
45235 0
45236 0
45237 0
45238 0
45239 0
45240 0
45241 0
45242 0
45243 0
45244 0
45245 0
45246 0
45247 0
45248 0
45249 0
45250 0
45251 0
45252 0
45253 0
45254 0
45255 0
45256 0
45257 0
45258 0
45259 0
45260 0
45261 0
45262 0
45263 0
45264 0
45265 0
45266 0
45267 0
45268 0
45269 0
45270 0
45271 0
45272 0
45273 0
45274 0
45275 0
45276 0
45277 0
45278 0
45279 0
45280 0
45281 0
45282 0
45283 0
45284 0
45285 0
45286 0
45287 0
45288 0
45289 0
45290 0
45291 0
45292 0
45293 0
45294 0
45295 0
45296 0
45297 0
45298 0
45299 0
45300 0
45301 0
45302 0
45303 0
45304 0
45305 0
45306 0
45307 0
45308 0
45309 0
45310 0
45311 0
45312 0
45313 0
45314 0
45315 0
45316 0
45317 0
45318 0
45319 0
45320 0
45321 0
45322 0
45323 0
45324 0
45325 0
45326 0
45327 0
45328 0
45329 0
45330 0
45331 0
45332 0
45333 0
45334 0
45335 0
45336 0
45337 0
45338 0
45339 0
45340 0
45341 0
45342 0
45343 0
45344 0
45345 0
45346 0
45347 0
45348 0
45349 0
45350 0
45351 0
45352 0
45353 0
45354 0
45355 0
45356 0
45357 0
45358 0
45359 0
45360 0
45361 0
45362 0
45363 0
45364 0
45365 0
45366 0
45367 0
45368 0
45369 0
45370 0
45371 0
45372 0
45373 0
45374 0
45375 0
45376 0
45377 0
45378 0
45379 0
45380 0
45381 0
45382 0
45383 0
45384 0
45385 0
45386 0
45387 0
45388 0
45389 0
45390 0
45391 0
45392 0
45393 0
45394 0
45395 0
45396 0
45397 0
45398 0
45399 0
45400 0
45401 0
45402 0
45403 0
45404 0
45405 0
45406 0
45407 0
45408 0
45409 0
45410 0
45411 0
45412 0
45413 0
45414 0
45415 0
45416 0
45417 0
45418 0
45419 0
45420 0
45421 0
45422 0
45423 0
45424 0
45425 0
45426 0
45427 0
45428 0
45429 0
45430 0
45431 0
45432 0
45433 0
45434 0
45435 0
45436 0
45437 0
45438 0
45439 0
45440 0
45441 0
45442 0
45443 0
45444 0
45445 0
45446 0
45447 0
45448 0
45449 0
45450 0
45451 0
45452 0
45453 0
45454 0
45455 0
45456 0
45457 0
45458 0
45459 0
45460 0
45461 0
45462 0
45463 0
45464 0
45465 0
45466 0
45467 0
45468 0
45469 0
45470 0
45471 0
45472 0
45473 0
45474 0
45475 0
45476 0
45477 0
45478 0
45479 0
45480 0
45481 0
45482 0
45483 0
45484 0
45485 0
45486 0
45487 0
45488 0
45489 0
45490 0
45491 0
45492 0
45493 0
45494 0
45495 0
45496 0
45497 0
45498 0
45499 0
45500 0
45501 0
45502 0
45503 0
45504 0
45505 0
45506 0
45507 0
45508 0
45509 0
45510 0
45511 0
45512 0
45513 0
45514 0
45515 0
45516 0
45517 0
45518 0
45519 0
45520 0
45521 0
45522 0
45523 0
45524 0
45525 0
45526 0
45527 0
45528 0
45529 0
45530 0
45531 0
45532 0
45533 0
45534 0
45535 0
45536 0
45537 0
45538 0
45539 0
45540 0
45541 0
45542 0
45543 0
45544 0
45545 0
45546 0
45547 0
45548 0
45549 0
45550 0
45551 0
45552 0
45553 0
45554 0
45555 0
45556 0
45557 0
45558 0
45559 0
45560 0
45561 0
45562 0
45563 0
45564 0
45565 0
45566 0
45567 0
45568 0
45569 0
45570 0
45571 0
45572 0
45573 0
45574 0
45575 0
45576 0
45577 0
45578 0
45579 0
45580 0
45581 0
45582 0
45583 0
45584 0
45585 0
45586 0
45587 0
45588 0
45589 0
45590 0
45591 0
45592 0
45593 0
45594 0
45595 0
45596 0
45597 0
45598 0
45599 0
45600 0
45601 0
45602 0
45603 0
45604 0
45605 0
45606 0
45607 0
45608 0
45609 0
45610 0
45611 0
45612 0
45613 0
45614 0
45615 0
45616 0
45617 0
45618 0
45619 0
45620 0
45621 0
45622 0
45623 0
45624 0
45625 0
45626 0
45627 0
45628 0
45629 0
45630 0
45631 0
45632 0
45633 0
45634 0
45635 0
45636 0
45637 0
45638 0
45639 0
45640 0
45641 0
45642 0
45643 0
45644 0
45645 0
45646 0
45647 0
45648 0
45649 0
45650 0
45651 0
45652 0
45653 0
45654 0
45655 0
45656 0
45657 0
45658 0
45659 0
45660 0
45661 0
45662 0
45663 0
45664 0
45665 0
45666 0
45667 0
45668 0
45669 0
45670 0
45671 0
45672 0
45673 0
45674 0
45675 0
45676 0
45677 0
45678 0
45679 0
45680 0
45681 0
45682 0
45683 0
45684 0
45685 0
45686 0
45687 0
45688 0
45689 0
45690 0
45691 0
45692 0
45693 0
45694 0
45695 0
45696 0
45697 0
45698 0
45699 0
45700 0
45701 0
45702 0
45703 0
45704 0
45705 0
45706 0
45707 0
45708 0
45709 0
45710 0
45711 0
45712 0
45713 0
45714 0
45715 0
45716 0
45717 0
45718 0
45719 0
45720 0
45721 0
45722 0
45723 0
45724 0
45725 0
45726 0
45727 0
45728 0
45729 0
45730 0
45731 0
45732 0
45733 0
45734 0
45735 0
45736 0
45737 0
45738 0
45739 0
45740 0
45741 0
45742 0
45743 0
45744 0
45745 0
45746 0
45747 0
45748 0
45749 0
45750 0
45751 0
45752 0
45753 0
45754 0
45755 0
45756 0
45757 0
45758 0
45759 0
45760 0
45761 0
45762 0
45763 0
45764 0
45765 0
45766 0
45767 0
45768 0
45769 0
45770 0
45771 0
45772 0
45773 0
45774 0
45775 0
45776 0
45777 0
45778 0
45779 0
45780 0
45781 0
45782 0
45783 0
45784 0
45785 0
45786 0
45787 0
45788 0
45789 0
45790 0
45791 0
45792 0
45793 0
45794 0
45795 0
45796 0
45797 0
45798 0
45799 0
45800 0
45801 0
45802 0
45803 0
45804 0
45805 0
45806 0
45807 0
45808 0
45809 0
45810 0
45811 0
45812 0
45813 0
45814 0
45815 0
45816 0
45817 0
45818 0
45819 0
45820 0
45821 0
45822 0
45823 0
45824 0
45825 0
45826 0
45827 0
45828 0
45829 0
45830 0
45831 0
45832 0
45833 0
45834 0
45835 0
45836 0
45837 0
45838 0
45839 0
45840 0
45841 0
45842 0
45843 0
45844 0
45845 0
45846 0
45847 0
45848 0
45849 0
45850 0
45851 0
45852 0
45853 0
45854 0
45855 0
45856 0
45857 0
45858 0
45859 0
45860 0
45861 0
45862 0
45863 0
45864 0
45865 0
45866 0
45867 0
45868 0
45869 0
45870 0
45871 0
45872 0
45873 0
45874 0
45875 0
45876 0
45877 0
45878 0
45879 0
45880 0
45881 0
45882 0
45883 0
45884 0
45885 0
45886 0
45887 0
45888 0
45889 0
45890 0
45891 0
45892 0
45893 0
45894 0
45895 0
45896 0
45897 0
45898 0
45899 0
45900 0
45901 0
45902 0
45903 0
45904 0
45905 0
45906 0
45907 0
45908 0
45909 0
45910 0
45911 0
45912 0
45913 0
45914 0
45915 0
45916 0
45917 0
45918 0
45919 0
45920 0
45921 0
45922 0
45923 0
45924 0
45925 0
45926 0
45927 0
45928 0
45929 0
45930 0
45931 0
45932 0
45933 0
45934 0
45935 0
45936 0
45937 0
45938 0
45939 0
45940 0
45941 0
45942 0
45943 0
45944 0
45945 0
45946 0
45947 0
45948 0
45949 0
45950 0
45951 0
45952 0
45953 0
45954 0
45955 0
45956 0
45957 0
45958 0
45959 0
45960 0
45961 0
45962 0
45963 0
45964 0
45965 0
45966 0
45967 0
45968 0
45969 0
45970 0
45971 0
45972 0
45973 0
45974 0
45975 0
45976 0
45977 0
45978 0
45979 0
45980 0
45981 0
45982 0
45983 0
45984 0
45985 0
45986 0
45987 0
45988 0
45989 0
45990 0
45991 0
45992 0
45993 0
45994 0
45995 0
45996 0
45997 0
45998 0
45999 0
46000 0
46001 0
46002 0
46003 0
46004 0
46005 0
46006 0
46007 0
46008 0
46009 0
46010 0
46011 0
46012 0
46013 0
46014 0
46015 0
46016 0
46017 0
46018 0
46019 0
46020 0
46021 0
46022 0
46023 0
46024 0
46025 0
46026 0
46027 0
46028 0
46029 0
46030 0
46031 0
46032 0
46033 0
46034 0
46035 0
46036 0
46037 0
46038 0
46039 0
46040 0
46041 0
46042 0
46043 0
46044 0
46045 0
46046 0
46047 0
46048 0
46049 0
46050 0
46051 0
46052 0
46053 0
46054 0
46055 0
46056 0
46057 0
46058 0
46059 0
46060 0
46061 0
46062 0
46063 0
46064 0
46065 0
46066 0
46067 0
46068 0
46069 0
46070 0
46071 0
46072 0
46073 0
46074 0
46075 0
46076 0
46077 0
46078 0
46079 0
46080 0
46081 0
46082 0
46083 0
46084 0
46085 0
46086 0
46087 0
46088 0
46089 0
46090 0
46091 0
46092 0
46093 0
46094 0
46095 0
46096 0
46097 0
46098 0
46099 0
46100 0
46101 0
46102 0
46103 0
46104 0
46105 0
46106 0
46107 0
46108 0
46109 0
46110 0
46111 0
46112 0
46113 0
46114 0
46115 0
46116 0
46117 0
46118 0
46119 0
46120 0
46121 0
46122 0
46123 0
46124 0
46125 0
46126 0
46127 0
46128 0
46129 0
46130 0
46131 0
46132 0
46133 0
46134 0
46135 0
46136 0
46137 0
46138 0
46139 0
46140 0
46141 0
46142 0
46143 0
46144 0
46145 0
46146 0
46147 0
46148 0
46149 0
46150 0
46151 0
46152 0
46153 0
46154 0
46155 0
46156 0
46157 0
46158 0
46159 0
46160 0
46161 0
46162 0
46163 0
46164 0
46165 0
46166 0
46167 0
46168 0
46169 0
46170 0
46171 0
46172 0
46173 0
46174 0
46175 0
46176 0
46177 0
46178 0
46179 0
46180 0
46181 0
46182 0
46183 0
46184 0
46185 0
46186 0
46187 0
46188 0
46189 0
46190 0
46191 0
46192 0
46193 0
46194 0
46195 0
46196 0
46197 0
46198 0
46199 0
46200 0
46201 0
46202 0
46203 0
46204 0
46205 0
46206 0
46207 0
46208 0
46209 0
46210 0
46211 0
46212 0
46213 0
46214 0
46215 0
46216 0
46217 0
46218 0
46219 0
46220 0
46221 0
46222 0
46223 0
46224 0
46225 0
46226 0
46227 0
46228 0
46229 0
46230 0
46231 0
46232 0
46233 0
46234 0
46235 0
46236 0
46237 0
46238 0
46239 0
46240 0
46241 0
46242 0
46243 0
46244 0
46245 0
46246 0
46247 0
46248 0
46249 0
46250 0
46251 0
46252 0
46253 0
46254 0
46255 0
46256 0
46257 0
46258 0
46259 0
46260 0
46261 0
46262 0
46263 0
46264 0
46265 0
46266 0
46267 0
46268 0
46269 0
46270 0
46271 0
46272 0
46273 0
46274 0
46275 0
46276 0
46277 0
46278 0
46279 0
46280 0
46281 0
46282 0
46283 0
46284 0
46285 0
46286 0
46287 0
46288 0
46289 0
46290 0
46291 0
46292 0
46293 0
46294 0
46295 0
46296 0
46297 0
46298 0
46299 0
46300 0
46301 0
46302 0
46303 0
46304 0
46305 0
46306 0
46307 0
46308 0
46309 0
46310 0
46311 0
46312 0
46313 0
46314 0
46315 0
46316 0
46317 0
46318 0
46319 0
46320 0
46321 0
46322 0
46323 0
46324 0
46325 0
46326 0
46327 0
46328 0
46329 0
46330 0
46331 0
46332 0
46333 0
46334 0
46335 0
46336 0
46337 0
46338 0
46339 0
46340 0
46341 0
46342 0
46343 0
46344 0
46345 0
46346 0
46347 0
46348 0
46349 0
46350 0
46351 0
46352 0
46353 0
46354 0
46355 0
46356 0
46357 0
46358 0
46359 0
46360 0
46361 0
46362 0
46363 0
46364 0
46365 0
46366 0
46367 0
46368 0
46369 0
46370 0
46371 0
46372 0
46373 0
46374 0
46375 0
46376 0
46377 0
46378 0
46379 0
46380 0
46381 0
46382 0
46383 0
46384 0
46385 0
46386 0
46387 0
46388 0
46389 0
46390 0
46391 0
46392 0
46393 0
46394 0
46395 0
46396 0
46397 0
46398 0
46399 0
46400 0
46401 0
46402 0
46403 0
46404 0
46405 0
46406 0
46407 0
46408 0
46409 0
46410 0
46411 0
46412 0
46413 0
46414 0
46415 0
46416 0
46417 0
46418 0
46419 0
46420 0
46421 0
46422 0
46423 0
46424 0
46425 0
46426 0
46427 0
46428 0
46429 0
46430 0
46431 0
46432 0
46433 0
46434 0
46435 0
46436 0
46437 0
46438 0
46439 0
46440 0
46441 0
46442 0
46443 0
46444 0
46445 0
46446 0
46447 0
46448 0
46449 0
46450 0
46451 0
46452 0
46453 0
46454 0
46455 0
46456 0
46457 0
46458 0
46459 0
46460 0
46461 0
46462 0
46463 0
46464 0
46465 0
46466 0
46467 0
46468 0
46469 0
46470 0
46471 0
46472 0
46473 0
46474 0
46475 0
46476 0
46477 0
46478 0
46479 0
46480 0
46481 0
46482 0
46483 0
46484 0
46485 0
46486 0
46487 0
46488 0
46489 0
46490 0
46491 0
46492 0
46493 0
46494 0
46495 0
46496 0
46497 0
46498 0
46499 0
46500 0
46501 0
46502 0
46503 0
46504 0
46505 0
46506 0
46507 0
46508 0
46509 0
46510 0
46511 0
46512 0
46513 0
46514 0
46515 0
46516 0
46517 0
46518 0
46519 0
46520 0
46521 0
46522 0
46523 0
46524 0
46525 0
46526 0
46527 0
46528 0
46529 0
46530 0
46531 0
46532 0
46533 0
46534 0
46535 0
46536 0
46537 0
46538 0
46539 0
46540 0
46541 0
46542 0
46543 0
46544 0
46545 0
46546 0
46547 0
46548 0
46549 0
46550 0
46551 0
46552 0
46553 0
46554 0
46555 0
46556 0
46557 0
46558 0
46559 0
46560 0
46561 0
46562 0
46563 0
46564 0
46565 0
46566 0
46567 0
46568 0
46569 0
46570 0
46571 0
46572 0
46573 0
46574 0
46575 0
46576 0
46577 0
46578 0
46579 0
46580 0
46581 0
46582 0
46583 0
46584 0
46585 0
46586 0
46587 0
46588 0
46589 0
46590 0
46591 0
46592 0
46593 0
46594 0
46595 0
46596 0
46597 0
46598 0
46599 0
46600 0
46601 0
46602 0
46603 0
46604 0
46605 0
46606 0
46607 0
46608 0
46609 0
46610 0
46611 0
46612 0
46613 0
46614 0
46615 0
46616 0
46617 0
46618 0
46619 0
46620 0
46621 0
46622 0
46623 0
46624 0
46625 0
46626 0
46627 0
46628 0
46629 0
46630 0
46631 0
46632 0
46633 0
46634 0
46635 0
46636 0
46637 0
46638 0
46639 0
46640 0
46641 0
46642 0
46643 0
46644 0
46645 0
46646 0
46647 0
46648 0
46649 0
46650 0
46651 0
46652 0
46653 0
46654 0
46655 0
46656 0
46657 0
46658 0
46659 0
46660 0
46661 0
46662 0
46663 0
46664 0
46665 0
46666 0
46667 0
46668 0
46669 0
46670 0
46671 0
46672 0
46673 0
46674 0
46675 0
46676 0
46677 0
46678 0
46679 0
46680 0
46681 0
46682 0
46683 0
46684 0
46685 0
46686 0
46687 0
46688 0
46689 0
46690 0
46691 0
46692 0
46693 0
46694 0
46695 0
46696 0
46697 0
46698 0
46699 0
46700 0
46701 0
46702 0
46703 0
46704 0
46705 0
46706 0
46707 0
46708 0
46709 0
46710 0
46711 0
46712 0
46713 0
46714 0
46715 0
46716 0
46717 0
46718 0
46719 0
46720 0
46721 0
46722 0
46723 0
46724 0
46725 0
46726 0
46727 0
46728 0
46729 0
46730 0
46731 0
46732 0
46733 0
46734 0
46735 0
46736 0
46737 0
46738 0
46739 0
46740 0
46741 0
46742 0
46743 0
46744 0
46745 0
46746 0
46747 0
46748 0
46749 0
46750 0
46751 0
46752 0
46753 0
46754 0
46755 0
46756 0
46757 0
46758 0
46759 0
46760 0
46761 0
46762 0
46763 0
46764 0
46765 0
46766 0
46767 0
46768 0
46769 0
46770 0
46771 0
46772 0
46773 0
46774 0
46775 0
46776 0
46777 0
46778 0
46779 0
46780 0
46781 0
46782 0
46783 0
46784 0
46785 0
46786 0
46787 0
46788 0
46789 0
46790 0
46791 0
46792 0
46793 0
46794 0
46795 0
46796 0
46797 0
46798 0
46799 0
46800 0
46801 0
46802 0
46803 0
46804 0
46805 0
46806 0
46807 0
46808 0
46809 0
46810 0
46811 0
46812 0
46813 0
46814 0
46815 0
46816 0
46817 0
46818 0
46819 0
46820 0
46821 0
46822 0
46823 0
46824 0
46825 0
46826 0
46827 0
46828 0
46829 0
46830 0
46831 0
46832 0
46833 0
46834 0
46835 0
46836 0
46837 0
46838 0
46839 0
46840 0
46841 0
46842 0
46843 0
46844 0
46845 0
46846 0
46847 0
46848 0
46849 0
46850 0
46851 0
46852 0
46853 0
46854 0
46855 0
46856 0
46857 0
46858 0
46859 0
46860 0
46861 0
46862 0
46863 0
46864 0
46865 0
46866 0
46867 0
46868 0
46869 0
46870 0
46871 0
46872 0
46873 0
46874 0
46875 0
46876 0
46877 0
46878 0
46879 0
46880 0
46881 0
46882 0
46883 0
46884 0
46885 0
46886 0
46887 0
46888 0
46889 0
46890 0
46891 0
46892 0
46893 0
46894 0
46895 0
46896 0
46897 0
46898 0
46899 0
46900 0
46901 0
46902 0
46903 0
46904 0
46905 0
46906 0
46907 0
46908 0
46909 0
46910 0
46911 0
46912 0
46913 0
46914 0
46915 0
46916 0
46917 0
46918 0
46919 0
46920 0
46921 0
46922 0
46923 0
46924 0
46925 0
46926 0
46927 0
46928 0
46929 0
46930 0
46931 0
46932 0
46933 0
46934 0
46935 0
46936 0
46937 0
46938 0
46939 0
46940 0
46941 0
46942 0
46943 0
46944 0
46945 0
46946 0
46947 0
46948 0
46949 0
46950 0
46951 0
46952 0
46953 0
46954 0
46955 0
46956 0
46957 0
46958 0
46959 0
46960 0
46961 0
46962 0
46963 0
46964 0
46965 0
46966 0
46967 0
46968 0
46969 0
46970 0
46971 0
46972 0
46973 0
46974 0
46975 0
46976 0
46977 0
46978 0
46979 0
46980 0
46981 0
46982 0
46983 0
46984 0
46985 0
46986 0
46987 0
46988 0
46989 0
46990 0
46991 0
46992 0
46993 0
46994 0
46995 0
46996 0
46997 0
46998 0
46999 0
47000 0
47001 0
47002 0
47003 0
47004 0
47005 0
47006 0
47007 0
47008 0
47009 0
47010 0
47011 0
47012 0
47013 0
47014 0
47015 0
47016 0
47017 0
47018 0
47019 0
47020 0
47021 0
47022 0
47023 0
47024 0
47025 0
47026 0
47027 0
47028 0
47029 0
47030 0
47031 0
47032 0
47033 0
47034 0
47035 0
47036 0
47037 0
47038 0
47039 0
47040 0
47041 0
47042 0
47043 0
47044 0
47045 0
47046 0
47047 0
47048 0
47049 0
47050 0
47051 0
47052 0
47053 0
47054 0
47055 0
47056 0
47057 0
47058 0
47059 0
47060 0
47061 0
47062 0
47063 0
47064 0
47065 0
47066 0
47067 0
47068 0
47069 0
47070 0
47071 0
47072 0
47073 0
47074 0
47075 0
47076 0
47077 0
47078 0
47079 0
47080 0
47081 0
47082 0
47083 0
47084 0
47085 0
47086 0
47087 0
47088 0
47089 0
47090 0
47091 0
47092 0
47093 0
47094 0
47095 0
47096 0
47097 0
47098 0
47099 0
47100 0
47101 0
47102 0
47103 0
47104 0
47105 0
47106 0
47107 0
47108 0
47109 0
47110 0
47111 0
47112 0
47113 0
47114 0
47115 0
47116 0
47117 0
47118 0
47119 0
47120 0
47121 0
47122 0
47123 0
47124 0
47125 0
47126 0
47127 0
47128 0
47129 0
47130 0
47131 0
47132 0
47133 0
47134 0
47135 0
47136 0
47137 0
47138 0
47139 0
47140 0
47141 0
47142 0
47143 0
47144 0
47145 0
47146 0
47147 0
47148 0
47149 0
47150 0
47151 0
47152 0
47153 0
47154 0
47155 0
47156 0
47157 0
47158 0
47159 0
47160 0
47161 0
47162 0
47163 0
47164 0
47165 0
47166 0
47167 0
47168 0
47169 0
47170 0
47171 0
47172 0
47173 0
47174 0
47175 0
47176 0
47177 0
47178 0
47179 0
47180 0
47181 0
47182 0
47183 0
47184 0
47185 0
47186 0
47187 0
47188 0
47189 0
47190 0
47191 0
47192 0
47193 0
47194 0
47195 0
47196 0
47197 0
47198 0
47199 0
47200 0
47201 0
47202 0
47203 0
47204 0
47205 0
47206 0
47207 0
47208 0
47209 0
47210 0
47211 0
47212 0
47213 0
47214 0
47215 0
47216 0
47217 0
47218 0
47219 0
47220 0
47221 0
47222 0
47223 0
47224 0
47225 0
47226 0
47227 0
47228 0
47229 0
47230 0
47231 0
47232 0
47233 0
47234 0
47235 0
47236 0
47237 0
47238 0
47239 0
47240 0
47241 0
47242 0
47243 0
47244 0
47245 0
47246 0
47247 0
47248 0
47249 0
47250 0
47251 0
47252 0
47253 0
47254 0
47255 0
47256 0
47257 0
47258 0
47259 0
47260 0
47261 0
47262 0
47263 0
47264 0
47265 0
47266 0
47267 0
47268 0
47269 0
47270 0
47271 0
47272 0
47273 0
47274 0
47275 0
47276 0
47277 0
47278 0
47279 0
47280 0
47281 0
47282 0
47283 0
47284 0
47285 0
47286 0
47287 0
47288 0
47289 0
47290 0
47291 0
47292 0
47293 0
47294 0
47295 0
47296 0
47297 0
47298 0
47299 0
47300 0
47301 0
47302 0
47303 0
47304 0
47305 0
47306 0
47307 0
47308 0
47309 0
47310 0
47311 0
47312 0
47313 0
47314 0
47315 0
47316 0
47317 0
47318 0
47319 0
47320 0
47321 0
47322 0
47323 0
47324 0
47325 0
47326 0
47327 0
47328 0
47329 0
47330 0
47331 0
47332 0
47333 0
47334 0
47335 0
47336 0
47337 0
47338 0
47339 0
47340 0
47341 0
47342 0
47343 0
47344 0
47345 0
47346 0
47347 0
47348 0
47349 0
47350 0
47351 0
47352 0
47353 0
47354 0
47355 0
47356 0
47357 0
47358 0
47359 0
47360 0
47361 0
47362 0
47363 0
47364 0
47365 0
47366 0
47367 0
47368 0
47369 0
47370 0
47371 0
47372 0
47373 0
47374 0
47375 0
47376 0
47377 0
47378 0
47379 0
47380 0
47381 0
47382 0
47383 0
47384 0
47385 0
47386 0
47387 0
47388 0
47389 0
47390 0
47391 0
47392 0
47393 0
47394 0
47395 0
47396 0
47397 0
47398 0
47399 0
47400 0
47401 0
47402 0
47403 0
47404 0
47405 0
47406 0
47407 0
47408 0
47409 0
47410 0
47411 0
47412 0
47413 0
47414 0
47415 0
47416 0
47417 0
47418 0
47419 0
47420 0
47421 0
47422 0
47423 0
47424 0
47425 0
47426 0
47427 0
47428 0
47429 0
47430 0
47431 0
47432 0
47433 0
47434 0
47435 0
47436 0
47437 0
47438 0
47439 0
47440 0
47441 0
47442 0
47443 0
47444 0
47445 0
47446 0
47447 0
47448 0
47449 0
47450 0
47451 0
47452 0
47453 0
47454 0
47455 0
47456 0
47457 0
47458 0
47459 0
47460 0
47461 0
47462 0
47463 0
47464 0
47465 0
47466 0
47467 0
47468 0
47469 0
47470 0
47471 0
47472 0
47473 0
47474 0
47475 0
47476 0
47477 0
47478 0
47479 0
47480 0
47481 0
47482 0
47483 0
47484 0
47485 0
47486 0
47487 0
47488 0
47489 0
47490 0
47491 0
47492 0
47493 0
47494 0
47495 0
47496 0
47497 0
47498 0
47499 0
47500 0
47501 0
47502 0
47503 0
47504 0
47505 0
47506 0
47507 0
47508 0
47509 0
47510 0
47511 0
47512 0
47513 0
47514 0
47515 0
47516 0
47517 0
47518 0
47519 0
47520 0
47521 0
47522 0
47523 0
47524 0
47525 0
47526 0
47527 0
47528 0
47529 0
47530 0
47531 0
47532 0
47533 0
47534 0
47535 0
47536 0
47537 0
47538 0
47539 0
47540 0
47541 0
47542 0
47543 0
47544 0
47545 0
47546 0
47547 0
47548 0
47549 0
47550 0
47551 0
47552 0
47553 0
47554 0
47555 0
47556 0
47557 0
47558 0
47559 0
47560 0
47561 0
47562 0
47563 0
47564 0
47565 0
47566 0
47567 0
47568 0
47569 0
47570 0
47571 0
47572 0
47573 0
47574 0
47575 0
47576 0
47577 0
47578 0
47579 0
47580 0
47581 0
47582 0
47583 0
47584 0
47585 0
47586 0
47587 0
47588 0
47589 0
47590 0
47591 0
47592 0
47593 0
47594 0
47595 0
47596 0
47597 0
47598 0
47599 0
47600 0
47601 0
47602 0
47603 0
47604 0
47605 0
47606 0
47607 0
47608 0
47609 0
47610 0
47611 0
47612 0
47613 0
47614 0
47615 0
47616 0
47617 0
47618 0
47619 0
47620 0
47621 0
47622 0
47623 0
47624 0
47625 0
47626 0
47627 0
47628 0
47629 0
47630 0
47631 0
47632 0
47633 0
47634 0
47635 0
47636 0
47637 0
47638 0
47639 0
47640 0
47641 0
47642 0
47643 0
47644 0
47645 0
47646 0
47647 0
47648 0
47649 0
47650 0
47651 0
47652 0
47653 0
47654 0
47655 0
47656 0
47657 0
47658 0
47659 0
47660 0
47661 0
47662 0
47663 0
47664 0
47665 0
47666 0
47667 0
47668 0
47669 0
47670 0
47671 0
47672 0
47673 0
47674 0
47675 0
47676 0
47677 0
47678 0
47679 0
47680 0
47681 0
47682 0
47683 0
47684 0
47685 0
47686 0
47687 0
47688 0
47689 0
47690 0
47691 0
47692 0
47693 0
47694 0
47695 0
47696 0
47697 0
47698 0
47699 0
47700 0
47701 0
47702 0
47703 0
47704 0
47705 0
47706 0
47707 0
47708 0
47709 0
47710 0
47711 0
47712 0
47713 0
47714 0
47715 0
47716 0
47717 0
47718 0
47719 0
47720 0
47721 0
47722 0
47723 0
47724 0
47725 0
47726 0
47727 0
47728 0
47729 0
47730 0
47731 0
47732 0
47733 0
47734 0
47735 0
47736 0
47737 0
47738 0
47739 0
47740 0
47741 0
47742 0
47743 0
47744 0
47745 0
47746 0
47747 0
47748 0
47749 0
47750 0
47751 0
47752 0
47753 0
47754 0
47755 0
47756 0
47757 0
47758 0
47759 0
47760 0
47761 0
47762 0
47763 0
47764 0
47765 0
47766 0
47767 0
47768 0
47769 0
47770 0
47771 0
47772 0
47773 0
47774 0
47775 0
47776 0
47777 0
47778 0
47779 0
47780 0
47781 0
47782 0
47783 0
47784 0
47785 0
47786 0
47787 0
47788 0
47789 0
47790 0
47791 0
47792 0
47793 0
47794 0
47795 0
47796 0
47797 0
47798 0
47799 0
47800 0
47801 0
47802 0
47803 0
47804 0
47805 0
47806 0
47807 0
47808 0
47809 0
47810 0
47811 0
47812 0
47813 0
47814 0
47815 0
47816 0
47817 0
47818 0
47819 0
47820 0
47821 0
47822 0
47823 0
47824 0
47825 0
47826 0
47827 0
47828 0
47829 0
47830 0
47831 0
47832 0
47833 0
47834 0
47835 0
47836 0
47837 0
47838 0
47839 0
47840 0
47841 0
47842 0
47843 0
47844 0
47845 0
47846 0
47847 0
47848 0
47849 0
47850 0
47851 0
47852 0
47853 0
47854 0
47855 0
47856 0
47857 0
47858 0
47859 0
47860 0
47861 0
47862 0
47863 0
47864 0
47865 0
47866 0
47867 0
47868 0
47869 0
47870 0
47871 0
47872 0
47873 0
47874 0
47875 0
47876 0
47877 0
47878 0
47879 0
47880 0
47881 0
47882 0
47883 0
47884 0
47885 0
47886 0
47887 0
47888 0
47889 0
47890 0
47891 0
47892 0
47893 0
47894 0
47895 0
47896 0
47897 0
47898 0
47899 0
47900 0
47901 0
47902 0
47903 0
47904 0
47905 0
47906 0
47907 0
47908 0
47909 0
47910 0
47911 0
47912 0
47913 0
47914 0
47915 0
47916 0
47917 0
47918 0
47919 0
47920 0
47921 0
47922 0
47923 0
47924 0
47925 0
47926 0
47927 0
47928 0
47929 0
47930 0
47931 0
47932 0
47933 0
47934 0
47935 0
47936 0
47937 0
47938 0
47939 0
47940 0
47941 0
47942 0
47943 0
47944 0
47945 0
47946 0
47947 0
47948 0
47949 0
47950 0
47951 0
47952 0
47953 0
47954 0
47955 0
47956 0
47957 0
47958 0
47959 0
47960 0
47961 0
47962 0
47963 0
47964 0
47965 0
47966 0
47967 0
47968 0
47969 0
47970 0
47971 0
47972 0
47973 0
47974 0
47975 0
47976 0
47977 0
47978 0
47979 0
47980 0
47981 0
47982 0
47983 0
47984 0
47985 0
47986 0
47987 0
47988 0
47989 0
47990 0
47991 0
47992 0
47993 0
47994 0
47995 0
47996 0
47997 0
47998 0
47999 0
48000 0
48001 0
48002 0
48003 0
48004 0
48005 0
48006 0
48007 0
48008 0
48009 0
48010 0
48011 0
48012 0
48013 0
48014 0
48015 0
48016 0
48017 0
48018 0
48019 0
48020 0
48021 0
48022 0
48023 0
48024 0
48025 0
48026 0
48027 0
48028 0
48029 0
48030 0
48031 0
48032 0
48033 0
48034 0
48035 0
48036 0
48037 0
48038 0
48039 0
48040 0
48041 0
48042 0
48043 0
48044 0
48045 0
48046 0
48047 0
48048 0
48049 0
48050 0
48051 0
48052 0
48053 0
48054 0
48055 0
48056 0
48057 0
48058 0
48059 0
48060 0
48061 0
48062 0
48063 0
48064 0
48065 0
48066 0
48067 0
48068 0
48069 0
48070 0
48071 0
48072 0
48073 0
48074 0
48075 0
48076 0
48077 0
48078 0
48079 0
48080 0
48081 0
48082 0
48083 0
48084 0
48085 0
48086 0
48087 0
48088 0
48089 0
48090 0
48091 0
48092 0
48093 0
48094 0
48095 0
48096 0
48097 0
48098 0
48099 0
48100 0
48101 0
48102 0
48103 0
48104 0
48105 0
48106 0
48107 0
48108 0
48109 0
48110 0
48111 0
48112 0
48113 0
48114 0
48115 0
48116 0
48117 0
48118 0
48119 0
48120 0
48121 0
48122 0
48123 0
48124 0
48125 0
48126 0
48127 0
48128 0
48129 0
48130 0
48131 0
48132 0
48133 0
48134 0
48135 0
48136 0
48137 0
48138 0
48139 0
48140 0
48141 0
48142 0
48143 0
48144 0
48145 0
48146 0
48147 0
48148 0
48149 0
48150 0
48151 0
48152 0
48153 0
48154 0
48155 0
48156 0
48157 0
48158 0
48159 0
48160 0
48161 0
48162 0
48163 0
48164 0
48165 0
48166 0
48167 0
48168 0
48169 0
48170 0
48171 0
48172 0
48173 0
48174 0
48175 0
48176 0
48177 0
48178 0
48179 0
48180 0
48181 0
48182 0
48183 0
48184 0
48185 0
48186 0
48187 0
48188 0
48189 0
48190 0
48191 0
48192 0
48193 0
48194 0
48195 0
48196 0
48197 0
48198 0
48199 0
48200 0
48201 0
48202 0
48203 0
48204 0
48205 0
48206 0
48207 0
48208 0
48209 0
48210 0
48211 0
48212 0
48213 0
48214 0
48215 0
48216 0
48217 0
48218 0
48219 0
48220 0
48221 0
48222 0
48223 0
48224 0
48225 0
48226 0
48227 0
48228 0
48229 0
48230 0
48231 0
48232 0
48233 0
48234 0
48235 0
48236 0
48237 0
48238 0
48239 0
48240 0
48241 0
48242 0
48243 0
48244 0
48245 0
48246 0
48247 0
48248 0
48249 0
48250 0
48251 0
48252 0
48253 0
48254 0
48255 0
48256 0
48257 0
48258 0
48259 0
48260 0
48261 0
48262 0
48263 0
48264 0
48265 0
48266 0
48267 0
48268 0
48269 0
48270 0
48271 0
48272 0
48273 0
48274 0
48275 0
48276 0
48277 0
48278 0
48279 0
48280 0
48281 0
48282 0
48283 0
48284 0
48285 0
48286 0
48287 0
48288 0
48289 0
48290 0
48291 0
48292 0
48293 0
48294 0
48295 0
48296 0
48297 0
48298 0
48299 0
48300 0
48301 0
48302 0
48303 0
48304 0
48305 0
48306 0
48307 0
48308 0
48309 0
48310 0
48311 0
48312 0
48313 0
48314 0
48315 0
48316 0
48317 0
48318 0
48319 0
48320 0
48321 0
48322 0
48323 0
48324 0
48325 0
48326 0
48327 0
48328 0
48329 0
48330 0
48331 0
48332 0
48333 0
48334 0
48335 0
48336 0
48337 0
48338 0
48339 0
48340 0
48341 0
48342 0
48343 0
48344 0
48345 0
48346 0
48347 0
48348 0
48349 0
48350 0
48351 0
48352 0
48353 0
48354 0
48355 0
48356 0
48357 0
48358 0
48359 0
48360 0
48361 0
48362 0
48363 0
48364 0
48365 0
48366 0
48367 0
48368 0
48369 0
48370 0
48371 0
48372 0
48373 0
48374 0
48375 0
48376 0
48377 0
48378 0
48379 0
48380 0
48381 0
48382 0
48383 0
48384 0
48385 0
48386 0
48387 0
48388 0
48389 0
48390 0
48391 0
48392 0
48393 0
48394 0
48395 0
48396 0
48397 0
48398 0
48399 0
48400 0
48401 0
48402 0
48403 0
48404 0
48405 0
48406 0
48407 0
48408 0
48409 0
48410 0
48411 0
48412 0
48413 0
48414 0
48415 0
48416 0
48417 0
48418 0
48419 0
48420 0
48421 0
48422 0
48423 0
48424 0
48425 0
48426 0
48427 0
48428 0
48429 0
48430 0
48431 0
48432 0
48433 0
48434 0
48435 0
48436 0
48437 0
48438 0
48439 0
48440 0
48441 0
48442 0
48443 0
48444 0
48445 0
48446 0
48447 0
48448 0
48449 0
48450 0
48451 0
48452 0
48453 0
48454 0
48455 0
48456 0
48457 0
48458 0
48459 0
48460 0
48461 0
48462 0
48463 0
48464 0
48465 0
48466 0
48467 0
48468 0
48469 0
48470 0
48471 0
48472 0
48473 0
48474 0
48475 0
48476 0
48477 0
48478 0
48479 0
48480 0
48481 0
48482 0
48483 0
48484 0
48485 0
48486 0
48487 0
48488 0
48489 0
48490 0
48491 0
48492 0
48493 0
48494 0
48495 0
48496 0
48497 0
48498 0
48499 0
48500 0
48501 0
48502 0
48503 0
48504 0
48505 0
48506 0
48507 0
48508 0
48509 0
48510 0
48511 0
48512 0
48513 0
48514 0
48515 0
48516 0
48517 0
48518 0
48519 0
48520 0
48521 0
48522 0
48523 0
48524 0
48525 0
48526 0
48527 0
48528 0
48529 0
48530 0
48531 0
48532 0
48533 0
48534 0
48535 0
48536 0
48537 0
48538 0
48539 0
48540 0
48541 0
48542 0
48543 0
48544 0
48545 0
48546 0
48547 0
48548 0
48549 0
48550 0
48551 0
48552 0
48553 0
48554 0
48555 0
48556 0
48557 0
48558 0
48559 0
48560 0
48561 0
48562 0
48563 0
48564 0
48565 0
48566 0
48567 0
48568 0
48569 0
48570 0
48571 0
48572 0
48573 0
48574 0
48575 0
48576 0
48577 0
48578 0
48579 0
48580 0
48581 0
48582 0
48583 0
48584 0
48585 0
48586 0
48587 0
48588 0
48589 0
48590 0
48591 0
48592 0
48593 0
48594 0
48595 0
48596 0
48597 0
48598 0
48599 0
48600 0
48601 0
48602 0
48603 0
48604 0
48605 0
48606 0
48607 0
48608 0
48609 0
48610 0
48611 0
48612 0
48613 0
48614 0
48615 0
48616 0
48617 0
48618 0
48619 0
48620 0
48621 0
48622 0
48623 0
48624 0
48625 0
48626 0
48627 0
48628 0
48629 0
48630 0
48631 0
48632 0
48633 0
48634 0
48635 0
48636 0
48637 0
48638 0
48639 0
48640 0
48641 0
48642 0
48643 0
48644 0
48645 0
48646 0
48647 0
48648 0
48649 0
48650 0
48651 0
48652 0
48653 0
48654 0
48655 0
48656 0
48657 0
48658 0
48659 0
48660 0
48661 0
48662 0
48663 0
48664 0
48665 0
48666 0
48667 0
48668 0
48669 0
48670 0
48671 0
48672 0
48673 0
48674 0
48675 0
48676 0
48677 0
48678 0
48679 0
48680 0
48681 0
48682 0
48683 0
48684 0
48685 0
48686 0
48687 0
48688 0
48689 0
48690 0
48691 0
48692 0
48693 0
48694 0
48695 0
48696 0
48697 0
48698 0
48699 0
48700 0
48701 0
48702 0
48703 0
48704 0
48705 0
48706 0
48707 0
48708 0
48709 0
48710 0
48711 0
48712 0
48713 0
48714 0
48715 0
48716 0
48717 0
48718 0
48719 0
48720 0
48721 0
48722 0
48723 0
48724 0
48725 0
48726 0
48727 0
48728 0
48729 0
48730 0
48731 0
48732 0
48733 0
48734 0
48735 0
48736 0
48737 0
48738 0
48739 0
48740 0
48741 0
48742 0
48743 0
48744 0
48745 0
48746 0
48747 0
48748 0
48749 0
48750 0
48751 0
48752 0
48753 0
48754 0
48755 0
48756 0
48757 0
48758 0
48759 0
48760 0
48761 0
48762 0
48763 0
48764 0
48765 0
48766 0
48767 0
48768 0
48769 0
48770 0
48771 0
48772 0
48773 0
48774 0
48775 0
48776 0
48777 0
48778 0
48779 0
48780 0
48781 0
48782 0
48783 0
48784 0
48785 0
48786 0
48787 0
48788 0
48789 0
48790 0
48791 0
48792 0
48793 0
48794 0
48795 0
48796 0
48797 0
48798 0
48799 0
48800 0
48801 0
48802 0
48803 0
48804 0
48805 0
48806 0
48807 0
48808 0
48809 0
48810 0
48811 0
48812 0
48813 0
48814 0
48815 0
48816 0
48817 0
48818 0
48819 0
48820 0
48821 0
48822 0
48823 0
48824 0
48825 0
48826 0
48827 0
48828 0
48829 0
48830 0
48831 0
48832 0
48833 0
48834 0
48835 0
48836 0
48837 0
48838 0
48839 0
48840 0
48841 0
48842 0
48843 0
48844 0
48845 0
48846 0
48847 0
48848 0
48849 0
48850 0
48851 0
48852 0
48853 0
48854 0
48855 0
48856 0
48857 0
48858 0
48859 0
48860 0
48861 0
48862 0
48863 0
48864 0
48865 0
48866 0
48867 0
48868 0
48869 0
48870 0
48871 0
48872 0
48873 0
48874 0
48875 0
48876 0
48877 0
48878 0
48879 0
48880 0
48881 0
48882 0
48883 0
48884 0
48885 0
48886 0
48887 0
48888 0
48889 0
48890 0
48891 0
48892 0
48893 0
48894 0
48895 0
48896 0
48897 0
48898 0
48899 0
48900 0
48901 0
48902 0
48903 0
48904 0
48905 0
48906 0
48907 0
48908 0
48909 0
48910 0
48911 0
48912 0
48913 0
48914 0
48915 0
48916 0
48917 0
48918 0
48919 0
48920 0
48921 0
48922 0
48923 0
48924 0
48925 0
48926 0
48927 0
48928 0
48929 0
48930 0
48931 0
48932 0
48933 0
48934 0
48935 0
48936 0
48937 0
48938 0
48939 0
48940 0
48941 0
48942 0
48943 0
48944 0
48945 0
48946 0
48947 0
48948 0
48949 0
48950 0
48951 0
48952 0
48953 0
48954 0
48955 0
48956 0
48957 0
48958 0
48959 0
48960 0
48961 0
48962 0
48963 0
48964 0
48965 0
48966 0
48967 0
48968 0
48969 0
48970 0
48971 0
48972 0
48973 0
48974 0
48975 0
48976 0
48977 0
48978 0
48979 0
48980 0
48981 0
48982 0
48983 0
48984 0
48985 0
48986 0
48987 0
48988 0
48989 0
48990 0
48991 0
48992 0
48993 0
48994 0
48995 0
48996 0
48997 0
48998 0
48999 0
49000 0
49001 0
49002 0
49003 0
49004 0
49005 0
49006 0
49007 0
49008 0
49009 0
49010 0
49011 0
49012 0
49013 0
49014 0
49015 0
49016 0
49017 0
49018 0
49019 0
49020 0
49021 0
49022 0
49023 0
49024 0
49025 0
49026 0
49027 0
49028 0
49029 0
49030 0
49031 0
49032 0
49033 0
49034 0
49035 0
49036 0
49037 0
49038 0
49039 0
49040 0
49041 0
49042 0
49043 0
49044 0
49045 0
49046 0
49047 0
49048 0
49049 0
49050 0
49051 0
49052 0
49053 0
49054 0
49055 0
49056 0
49057 0
49058 0
49059 0
49060 0
49061 0
49062 0
49063 0
49064 0
49065 0
49066 0
49067 0
49068 0
49069 0
49070 0
49071 0
49072 0
49073 0
49074 0
49075 0
49076 0
49077 0
49078 0
49079 0
49080 0
49081 0
49082 0
49083 0
49084 0
49085 0
49086 0
49087 0
49088 0
49089 0
49090 0
49091 0
49092 0
49093 0
49094 0
49095 0
49096 0
49097 0
49098 0
49099 0
49100 0
49101 0
49102 0
49103 0
49104 0
49105 0
49106 0
49107 0
49108 0
49109 0
49110 0
49111 0
49112 0
49113 0
49114 0
49115 0
49116 0
49117 0
49118 0
49119 0
49120 0
49121 0
49122 0
49123 0
49124 0
49125 0
49126 0
49127 0
49128 0
49129 0
49130 0
49131 0
49132 0
49133 0
49134 0
49135 0
49136 0
49137 0
49138 0
49139 0
49140 0
49141 0
49142 0
49143 0
49144 0
49145 0
49146 0
49147 0
49148 0
49149 0
49150 0
49151 0
49152 0
49153 0
49154 0
49155 0
49156 0
49157 0
49158 0
49159 0
49160 0
49161 0
49162 0
49163 0
49164 0
49165 0
49166 0
49167 0
49168 0
49169 0
49170 0
49171 0
49172 0
49173 0
49174 0
49175 0
49176 0
49177 0
49178 0
49179 0
49180 0
49181 0
49182 0
49183 0
49184 0
49185 0
49186 0
49187 0
49188 0
49189 0
49190 0
49191 0
49192 0
49193 0
49194 0
49195 0
49196 0
49197 0
49198 0
49199 0
49200 0
49201 0
49202 0
49203 0
49204 0
49205 0
49206 0
49207 0
49208 0
49209 0
49210 0
49211 0
49212 0
49213 0
49214 0
49215 0
49216 0
49217 0
49218 0
49219 0
49220 0
49221 0
49222 0
49223 0
49224 0
49225 0
49226 0
49227 0
49228 0
49229 0
49230 0
49231 0
49232 0
49233 0
49234 0
49235 0
49236 0
49237 0
49238 0
49239 0
49240 0
49241 0
49242 0
49243 0
49244 0
49245 0
49246 0
49247 0
49248 0
49249 0
49250 0
49251 0
49252 0
49253 0
49254 0
49255 0
49256 0
49257 0
49258 0
49259 0
49260 0
49261 0
49262 0
49263 0
49264 0
49265 0
49266 0
49267 0
49268 0
49269 0
49270 0
49271 0
49272 0
49273 0
49274 0
49275 0
49276 0
49277 0
49278 0
49279 0
49280 0
49281 0
49282 0
49283 0
49284 0
49285 0
49286 0
49287 0
49288 0
49289 0
49290 0
49291 0
49292 0
49293 0
49294 0
49295 0
49296 0
49297 0
49298 0
49299 0
49300 0
49301 0
49302 0
49303 0
49304 0
49305 0
49306 0
49307 0
49308 0
49309 0
49310 0
49311 0
49312 0
49313 0
49314 0
49315 0
49316 0
49317 0
49318 0
49319 0
49320 0
49321 0
49322 0
49323 0
49324 0
49325 0
49326 0
49327 0
49328 0
49329 0
49330 0
49331 0
49332 0
49333 0
49334 0
49335 0
49336 0
49337 0
49338 0
49339 0
49340 0
49341 0
49342 0
49343 0
49344 0
49345 0
49346 0
49347 0
49348 0
49349 0
49350 0
49351 0
49352 0
49353 0
49354 0
49355 0
49356 0
49357 0
49358 0
49359 0
49360 0
49361 0
49362 0
49363 0
49364 0
49365 0
49366 0
49367 0
49368 0
49369 0
49370 0
49371 0
49372 0
49373 0
49374 0
49375 0
49376 0
49377 0
49378 0
49379 0
49380 0
49381 0
49382 0
49383 0
49384 0
49385 0
49386 0
49387 0
49388 0
49389 0
49390 0
49391 0
49392 0
49393 0
49394 0
49395 0
49396 0
49397 0
49398 0
49399 0
49400 0
49401 0
49402 0
49403 0
49404 0
49405 0
49406 0
49407 0
49408 0
49409 0
49410 0
49411 0
49412 0
49413 0
49414 0
49415 0
49416 0
49417 0
49418 0
49419 0
49420 0
49421 0
49422 0
49423 0
49424 0
49425 0
49426 0
49427 0
49428 0
49429 0
49430 0
49431 0
49432 0
49433 0
49434 0
49435 0
49436 0
49437 0
49438 0
49439 0
49440 0
49441 0
49442 0
49443 0
49444 0
49445 0
49446 0
49447 0
49448 0
49449 0
49450 0
49451 0
49452 0
49453 0
49454 0
49455 0
49456 0
49457 0
49458 0
49459 0
49460 0
49461 0
49462 0
49463 0
49464 0
49465 0
49466 0
49467 0
49468 0
49469 0
49470 0
49471 0
49472 0
49473 0
49474 0
49475 0
49476 0
49477 0
49478 0
49479 0
49480 0
49481 0
49482 0
49483 0
49484 0
49485 0
49486 0
49487 0
49488 0
49489 0
49490 0
49491 0
49492 0
49493 0
49494 0
49495 0
49496 0
49497 0
49498 0
49499 0
49500 0
49501 0
49502 0
49503 0
49504 0
49505 0
49506 0
49507 0
49508 0
49509 0
49510 0
49511 0
49512 0
49513 0
49514 0
49515 0
49516 0
49517 0
49518 0
49519 0
49520 0
49521 0
49522 0
49523 0
49524 0
49525 0
49526 0
49527 0
49528 0
49529 0
49530 0
49531 0
49532 0
49533 0
49534 0
49535 0
49536 0
49537 0
49538 0
49539 0
49540 0
49541 0
49542 0
49543 0
49544 0
49545 0
49546 0
49547 0
49548 0
49549 0
49550 0
49551 0
49552 0
49553 0
49554 0
49555 0
49556 0
49557 0
49558 0
49559 0
49560 0
49561 0
49562 0
49563 0
49564 0
49565 0
49566 0
49567 0
49568 0
49569 0
49570 0
49571 0
49572 0
49573 0
49574 0
49575 0
49576 0
49577 0
49578 0
49579 0
49580 0
49581 0
49582 0
49583 0
49584 0
49585 0
49586 0
49587 0
49588 0
49589 0
49590 0
49591 0
49592 0
49593 0
49594 0
49595 0
49596 0
49597 0
49598 0
49599 0
49600 0
49601 0
49602 0
49603 0
49604 0
49605 0
49606 0
49607 0
49608 0
49609 0
49610 0
49611 0
49612 0
49613 0
49614 0
49615 0
49616 0
49617 0
49618 0
49619 0
49620 0
49621 0
49622 0
49623 0
49624 0
49625 0
49626 0
49627 0
49628 0
49629 0
49630 0
49631 0
49632 0
49633 0
49634 0
49635 0
49636 0
49637 0
49638 0
49639 0
49640 0
49641 0
49642 0
49643 0
49644 0
49645 0
49646 0
49647 0
49648 0
49649 0
49650 0
49651 0
49652 0
49653 0
49654 0
49655 0
49656 0
49657 0
49658 0
49659 0
49660 0
49661 0
49662 0
49663 0
49664 0
49665 0
49666 0
49667 0
49668 0
49669 0
49670 0
49671 0
49672 0
49673 0
49674 0
49675 0
49676 0
49677 0
49678 0
49679 0
49680 0
49681 0
49682 0
49683 0
49684 0
49685 0
49686 0
49687 0
49688 0
49689 0
49690 0
49691 0
49692 0
49693 0
49694 0
49695 0
49696 0
49697 0
49698 0
49699 0
49700 0
49701 0
49702 0
49703 0
49704 0
49705 0
49706 0
49707 0
49708 0
49709 0
49710 0
49711 0
49712 0
49713 0
49714 0
49715 0
49716 0
49717 0
49718 0
49719 0
49720 0
49721 0
49722 0
49723 0
49724 0
49725 0
49726 0
49727 0
49728 0
49729 0
49730 0
49731 0
49732 0
49733 0
49734 0
49735 0
49736 0
49737 0
49738 0
49739 0
49740 0
49741 0
49742 0
49743 0
49744 0
49745 0
49746 0
49747 0
49748 0
49749 0
49750 0
49751 0
49752 0
49753 0
49754 0
49755 0
49756 0
49757 0
49758 0
49759 0
49760 0
49761 0
49762 0
49763 0
49764 0
49765 0
49766 0
49767 0
49768 0
49769 0
49770 0
49771 0
49772 0
49773 0
49774 0
49775 0
49776 0
49777 0
49778 0
49779 0
49780 0
49781 0
49782 0
49783 0
49784 0
49785 0
49786 0
49787 0
49788 0
49789 0
49790 0
49791 0
49792 0
49793 0
49794 0
49795 0
49796 0
49797 0
49798 0
49799 0
49800 0
49801 0
49802 0
49803 0
49804 0
49805 0
49806 0
49807 0
49808 0
49809 0
49810 0
49811 0
49812 0
49813 0
49814 0
49815 0
49816 0
49817 0
49818 0
49819 0
49820 0
49821 0
49822 0
49823 0
49824 0
49825 0
49826 0
49827 0
49828 0
49829 0
49830 0
49831 0
49832 0
49833 0
49834 0
49835 0
49836 0
49837 0
49838 0
49839 0
49840 0
49841 0
49842 0
49843 0
49844 0
49845 0
49846 0
49847 0
49848 0
49849 0
49850 0
49851 0
49852 0
49853 0
49854 0
49855 0
49856 0
49857 0
49858 0
49859 0
49860 0
49861 0
49862 0
49863 0
49864 0
49865 0
49866 0
49867 0
49868 0
49869 0
49870 0
49871 0
49872 0
49873 0
49874 0
49875 0
49876 0
49877 0
49878 0
49879 0
49880 0
49881 0
49882 0
49883 0
49884 0
49885 0
49886 0
49887 0
49888 0
49889 0
49890 0
49891 0
49892 0
49893 0
49894 0
49895 0
49896 0
49897 0
49898 0
49899 0
49900 0
49901 0
49902 0
49903 0
49904 0
49905 0
49906 0
49907 0
49908 0
49909 0
49910 0
49911 0
49912 0
49913 0
49914 0
49915 0
49916 0
49917 0
49918 0
49919 0
49920 0
49921 0
49922 0
49923 0
49924 0
49925 0
49926 0
49927 0
49928 0
49929 0
49930 0
49931 0
49932 0
49933 0
49934 0
49935 0
49936 0
49937 0
49938 0
49939 0
49940 0
49941 0
49942 0
49943 0
49944 0
49945 0
49946 0
49947 0
49948 0
49949 0
49950 0
49951 0
49952 0
49953 0
49954 0
49955 0
49956 0
49957 0
49958 0
49959 0
49960 0
49961 0
49962 0
49963 0
49964 0
49965 0
49966 0
49967 0
49968 0
49969 0
49970 0
49971 0
49972 0
49973 0
49974 0
49975 0
49976 0
49977 0
49978 0
49979 0
49980 0
49981 0
49982 0
49983 0
49984 0
49985 0
49986 0
49987 0
49988 0
49989 0
49990 0
49991 0
49992 0
49993 0
49994 0
49995 0
49996 0
49997 0
49998 0
49999 0
50000 0
50001 0
50002 0
50003 0
50004 0
50005 0
50006 0
50007 0
50008 0
50009 0
50010 0
50011 0
50012 0
50013 0
50014 0
50015 0
50016 0
50017 0
50018 0
50019 0
50020 0
50021 0
50022 0
50023 0
50024 0
50025 0
50026 0
50027 0
50028 0
50029 0
50030 0
50031 0
50032 0
50033 0
50034 0
50035 0
50036 0
50037 0
50038 0
50039 0
50040 0
50041 0
50042 0
50043 0
50044 0
50045 0
50046 0
50047 0
50048 0
50049 0
50050 0
50051 0
50052 0
50053 0
50054 0
50055 0
50056 0
50057 0
50058 0
50059 0
50060 0
50061 0
50062 0
50063 0
50064 0
50065 0
50066 0
50067 0
50068 0
50069 0
50070 0
50071 0
50072 0
50073 0
50074 0
50075 0
50076 0
50077 0
50078 0
50079 0
50080 0
50081 0
50082 0
50083 0
50084 0
50085 0
50086 0
50087 0
50088 0
50089 0
50090 0
50091 0
50092 0
50093 0
50094 0
50095 0
50096 0
50097 0
50098 0
50099 0
50100 0
50101 0
50102 0
50103 0
50104 0
50105 0
50106 0
50107 0
50108 0
50109 0
50110 0
50111 0
50112 0
50113 0
50114 0
50115 0
50116 0
50117 0
50118 0
50119 0
50120 0
50121 0
50122 0
50123 0
50124 0
50125 0
50126 0
50127 0
50128 0
50129 0
50130 0
50131 0
50132 0
50133 0
50134 0
50135 0
50136 0
50137 0
50138 0
50139 0
50140 0
50141 0
50142 0
50143 0
50144 0
50145 0
50146 0
50147 0
50148 0
50149 0
50150 0
50151 0
50152 0
50153 0
50154 0
50155 0
50156 0
50157 0
50158 0
50159 0
50160 0
50161 0
50162 0
50163 0
50164 0
50165 0
50166 0
50167 0
50168 0
50169 0
50170 0
50171 0
50172 0
50173 0
50174 0
50175 0
50176 0
50177 0
50178 0
50179 0
50180 0
50181 0
50182 0
50183 0
50184 0
50185 0
50186 0
50187 0
50188 0
50189 0
50190 0
50191 0
50192 0
50193 0
50194 0
50195 0
50196 0
50197 0
50198 0
50199 0
50200 0
50201 0
50202 0
50203 0
50204 0
50205 0
50206 0
50207 0
50208 0
50209 0
50210 0
50211 0
50212 0
50213 0
50214 0
50215 0
50216 0
50217 0
50218 0
50219 0
50220 0
50221 0
50222 0
50223 0
50224 0
50225 0
50226 0
50227 0
50228 0
50229 0
50230 0
50231 0
50232 0
50233 0
50234 0
50235 0
50236 0
50237 0
50238 0
50239 0
50240 0
50241 0
50242 0
50243 0
50244 0
50245 0
50246 0
50247 0
50248 0
50249 0
50250 0
50251 0
50252 0
50253 0
50254 0
50255 0
50256 0
50257 0
50258 0
50259 0
50260 0
50261 0
50262 0
50263 0
50264 0
50265 0
50266 0
50267 0
50268 0
50269 0
50270 0
50271 0
50272 0
50273 0
50274 0
50275 0
50276 0
50277 0
50278 0
50279 0
50280 0
50281 0
50282 0
50283 0
50284 0
50285 0
50286 0
50287 0
50288 0
50289 0
50290 0
50291 0
50292 0
50293 0
50294 0
50295 0
50296 0
50297 0
50298 0
50299 0
50300 0
50301 0
50302 0
50303 0
50304 0
50305 0
50306 0
50307 0
50308 0
50309 0
50310 0
50311 0
50312 0
50313 0
50314 0
50315 0
50316 0
50317 0
50318 0
50319 0
50320 0
50321 0
50322 0
50323 0
50324 0
50325 0
50326 0
50327 0
50328 0
50329 0
50330 0
50331 0
50332 0
50333 0
50334 0
50335 0
50336 0
50337 0
50338 0
50339 0
50340 0
50341 0
50342 0
50343 0
50344 0
50345 0
50346 0
50347 0
50348 0
50349 0
50350 0
50351 0
50352 0
50353 0
50354 0
50355 0
50356 0
50357 0
50358 0
50359 0
50360 0
50361 0
50362 0
50363 0
50364 0
50365 0
50366 0
50367 0
50368 0
50369 0
50370 0
50371 0
50372 0
50373 0
50374 0
50375 0
50376 0
50377 0
50378 0
50379 0
50380 0
50381 0
50382 0
50383 0
50384 0
50385 0
50386 0
50387 0
50388 0
50389 0
50390 0
50391 0
50392 0
50393 0
50394 0
50395 0
50396 0
50397 0
50398 0
50399 0
50400 0
50401 0
50402 0
50403 0
50404 0
50405 0
50406 0
50407 0
50408 0
50409 0
50410 0
50411 0
50412 0
50413 0
50414 0
50415 0
50416 0
50417 0
50418 0
50419 0
50420 0
50421 0
50422 0
50423 0
50424 0
50425 0
50426 0
50427 0
50428 0
50429 0
50430 0
50431 0
50432 0
50433 0
50434 0
50435 0
50436 0
50437 0
50438 0
50439 0
50440 0
50441 0
50442 0
50443 0
50444 0
50445 0
50446 0
50447 0
50448 0
50449 0
50450 0
50451 0
50452 0
50453 0
50454 0
50455 0
50456 0
50457 0
50458 0
50459 0
50460 0
50461 0
50462 0
50463 0
50464 0
50465 0
50466 0
50467 0
50468 0
50469 0
50470 0
50471 0
50472 0
50473 0
50474 0
50475 0
50476 0
50477 0
50478 0
50479 0
50480 0
50481 0
50482 0
50483 0
50484 0
50485 0
50486 0
50487 0
50488 0
50489 0
50490 0
50491 0
50492 0
50493 0
50494 0
50495 0
50496 0
50497 0
50498 0
50499 0
50500 0
50501 0
50502 0
50503 0
50504 0
50505 0
50506 0
50507 0
50508 0
50509 0
50510 0
50511 0
50512 0
50513 0
50514 0
50515 0
50516 0
50517 0
50518 0
50519 0
50520 0
50521 0
50522 0
50523 0
50524 0
50525 0
50526 0
50527 0
50528 0
50529 0
50530 0
50531 0
50532 0
50533 0
50534 0
50535 0
50536 0
50537 0
50538 0
50539 0
50540 0
50541 0
50542 0
50543 0
50544 0
50545 0
50546 0
50547 0
50548 0
50549 0
50550 0
50551 0
50552 0
50553 0
50554 0
50555 0
50556 0
50557 0
50558 0
50559 0
50560 0
50561 0
50562 0
50563 0
50564 0
50565 0
50566 0
50567 0
50568 0
50569 0
50570 0
50571 0
50572 0
50573 0
50574 0
50575 0
50576 0
50577 0
50578 0
50579 0
50580 0
50581 0
50582 0
50583 0
50584 0
50585 0
50586 0
50587 0
50588 0
50589 0
50590 0
50591 0
50592 0
50593 0
50594 0
50595 0
50596 0
50597 0
50598 0
50599 0
50600 0
50601 0
50602 0
50603 0
50604 0
50605 0
50606 0
50607 0
50608 0
50609 0
50610 0
50611 0
50612 0
50613 0
50614 0
50615 0
50616 0
50617 0
50618 0
50619 0
50620 0
50621 0
50622 0
50623 0
50624 0
50625 0
50626 0
50627 0
50628 0
50629 0
50630 0
50631 0
50632 0
50633 0
50634 0
50635 0
50636 0
50637 0
50638 0
50639 0
50640 0
50641 0
50642 0
50643 0
50644 0
50645 0
50646 0
50647 0
50648 0
50649 0
50650 0
50651 0
50652 0
50653 0
50654 0
50655 0
50656 0
50657 0
50658 0
50659 0
50660 0
50661 0
50662 0
50663 0
50664 0
50665 0
50666 0
50667 0
50668 0
50669 0
50670 0
50671 0
50672 0
50673 0
50674 0
50675 0
50676 0
50677 0
50678 0
50679 0
50680 0
50681 0
50682 0
50683 0
50684 0
50685 0
50686 0
50687 0
50688 0
50689 0
50690 0
50691 0
50692 0
50693 0
50694 0
50695 0
50696 0
50697 0
50698 0
50699 0
50700 0
50701 0
50702 0
50703 0
50704 0
50705 0
50706 0
50707 0
50708 0
50709 0
50710 0
50711 0
50712 0
50713 0
50714 0
50715 0
50716 0
50717 0
50718 0
50719 0
50720 0
50721 0
50722 0
50723 0
50724 0
50725 0
50726 0
50727 0
50728 0
50729 0
50730 0
50731 0
50732 0
50733 0
50734 0
50735 0
50736 0
50737 0
50738 0
50739 0
50740 0
50741 0
50742 0
50743 0
50744 0
50745 0
50746 0
50747 0
50748 0
50749 0
50750 0
50751 0
50752 0
50753 0
50754 0
50755 0
50756 0
50757 0
50758 0
50759 0
50760 0
50761 0
50762 0
50763 0
50764 0
50765 0
50766 0
50767 0
50768 0
50769 0
50770 0
50771 0
50772 0
50773 0
50774 0
50775 0
50776 0
50777 0
50778 0
50779 0
50780 0
50781 0
50782 0
50783 0
50784 0
50785 0
50786 0
50787 0
50788 0
50789 0
50790 0
50791 0
50792 0
50793 0
50794 0
50795 0
50796 0
50797 0
50798 0
50799 0
50800 0
50801 0
50802 0
50803 0
50804 0
50805 0
50806 0
50807 0
50808 0
50809 0
50810 0
50811 0
50812 0
50813 0
50814 0
50815 0
50816 0
50817 0
50818 0
50819 0
50820 0
50821 0
50822 0
50823 0
50824 0
50825 0
50826 0
50827 0
50828 0
50829 0
50830 0
50831 0
50832 0
50833 0
50834 0
50835 0
50836 0
50837 0
50838 0
50839 0
50840 0
50841 0
50842 0
50843 0
50844 0
50845 0
50846 0
50847 0
50848 0
50849 0
50850 0
50851 0
50852 0
50853 0
50854 0
50855 0
50856 0
50857 0
50858 0
50859 0
50860 0
50861 0
50862 0
50863 0
50864 0
50865 0
50866 0
50867 0
50868 0
50869 0
50870 0
50871 0
50872 0
50873 0
50874 0
50875 0
50876 0
50877 0
50878 0
50879 0
50880 0
50881 0
50882 0
50883 0
50884 0
50885 0
50886 0
50887 0
50888 0
50889 0
50890 0
50891 0
50892 0
50893 0
50894 0
50895 0
50896 0
50897 0
50898 0
50899 0
50900 0
50901 0
50902 0
50903 0
50904 0
50905 0
50906 0
50907 0
50908 0
50909 0
50910 0
50911 0
50912 0
50913 0
50914 0
50915 0
50916 0
50917 0
50918 0
50919 0
50920 0
50921 0
50922 0
50923 0
50924 0
50925 0
50926 0
50927 0
50928 0
50929 0
50930 0
50931 0
50932 0
50933 0
50934 0
50935 0
50936 0
50937 0
50938 0
50939 0
50940 0
50941 0
50942 0
50943 0
50944 0
50945 0
50946 0
50947 0
50948 0
50949 0
50950 0
50951 0
50952 0
50953 0
50954 0
50955 0
50956 0
50957 0
50958 0
50959 0
50960 0
50961 0
50962 0
50963 0
50964 0
50965 0
50966 0
50967 0
50968 0
50969 0
50970 0
50971 0
50972 0
50973 0
50974 0
50975 0
50976 0
50977 0
50978 0
50979 0
50980 0
50981 0
50982 0
50983 0
50984 0
50985 0
50986 0
50987 0
50988 0
50989 0
50990 0
50991 0
50992 0
50993 0
50994 0
50995 0
50996 0
50997 0
50998 0
50999 0
51000 0
51001 0
51002 0
51003 0
51004 0
51005 0
51006 0
51007 0
51008 0
51009 0
51010 0
51011 0
51012 0
51013 0
51014 0
51015 0
51016 0
51017 0
51018 0
51019 0
51020 0
51021 0
51022 0
51023 0
51024 0
51025 0
51026 0
51027 0
51028 0
51029 0
51030 0
51031 0
51032 0
51033 0
51034 0
51035 0
51036 0
51037 0
51038 0
51039 0
51040 0
51041 0
51042 0
51043 0
51044 0
51045 0
51046 0
51047 0
51048 0
51049 0
51050 0
51051 0
51052 0
51053 0
51054 0
51055 0
51056 0
51057 0
51058 0
51059 0
51060 0
51061 0
51062 0
51063 0
51064 0
51065 0
51066 0
51067 0
51068 0
51069 0
51070 0
51071 0
51072 0
51073 0
51074 0
51075 0
51076 0
51077 0
51078 0
51079 0
51080 0
51081 0
51082 0
51083 0
51084 0
51085 0
51086 0
51087 0
51088 0
51089 0
51090 0
51091 0
51092 0
51093 0
51094 0
51095 0
51096 0
51097 0
51098 0
51099 0
51100 0
51101 0
51102 0
51103 0
51104 0
51105 0
51106 0
51107 0
51108 0
51109 0
51110 0
51111 0
51112 0
51113 0
51114 0
51115 0
51116 0
51117 0
51118 0
51119 0
51120 0
51121 0
51122 0
51123 0
51124 0
51125 0
51126 0
51127 0
51128 0
51129 0
51130 0
51131 0
51132 0
51133 0
51134 0
51135 0
51136 0
51137 0
51138 0
51139 0
51140 0
51141 0
51142 0
51143 0
51144 0
51145 0
51146 0
51147 0
51148 0
51149 0
51150 0
51151 0
51152 0
51153 0
51154 0
51155 0
51156 0
51157 0
51158 0
51159 0
51160 0
51161 0
51162 0
51163 0
51164 0
51165 0
51166 0
51167 0
51168 0
51169 0
51170 0
51171 0
51172 0
51173 0
51174 0
51175 0
51176 0
51177 0
51178 0
51179 0
51180 0
51181 0
51182 0
51183 0
51184 0
51185 0
51186 0
51187 0
51188 0
51189 0
51190 0
51191 0
51192 0
51193 0
51194 0
51195 0
51196 0
51197 0
51198 0
51199 0
51200 0
51201 0
51202 0
51203 0
51204 0
51205 0
51206 0
51207 0
51208 0
51209 0
51210 0
51211 0
51212 0
51213 0
51214 0
51215 0
51216 0
51217 0
51218 0
51219 0
51220 0
51221 0
51222 0
51223 0
51224 0
51225 0
51226 0
51227 0
51228 0
51229 0
51230 0
51231 0
51232 0
51233 0
51234 0
51235 0
51236 0
51237 0
51238 0
51239 0
51240 0
51241 0
51242 0
51243 0
51244 0
51245 0
51246 0
51247 0
51248 0
51249 0
51250 0
51251 0
51252 0
51253 0
51254 0
51255 0
51256 0
51257 0
51258 0
51259 0
51260 0
51261 0
51262 0
51263 0
51264 0
51265 0
51266 0
51267 0
51268 0
51269 0
51270 0
51271 0
51272 0
51273 0
51274 0
51275 0
51276 0
51277 0
51278 0
51279 0
51280 0
51281 0
51282 0
51283 0
51284 0
51285 0
51286 0
51287 0
51288 0
51289 0
51290 0
51291 0
51292 0
51293 0
51294 0
51295 0
51296 0
51297 0
51298 0
51299 0
51300 0
51301 0
51302 0
51303 0
51304 0
51305 0
51306 0
51307 0
51308 0
51309 0
51310 0
51311 0
51312 0
51313 0
51314 0
51315 0
51316 0
51317 0
51318 0
51319 0
51320 0
51321 0
51322 0
51323 0
51324 0
51325 0
51326 0
51327 0
51328 0
51329 0
51330 0
51331 0
51332 0
51333 0
51334 0
51335 0
51336 0
51337 0
51338 0
51339 0
51340 0
51341 0
51342 0
51343 0
51344 0
51345 0
51346 0
51347 0
51348 0
51349 0
51350 0
51351 0
51352 0
51353 0
51354 0
51355 0
51356 0
51357 0
51358 0
51359 0
51360 0
51361 0
51362 0
51363 0
51364 0
51365 0
51366 0
51367 0
51368 0
51369 0
51370 0
51371 0
51372 0
51373 0
51374 0
51375 0
51376 0
51377 0
51378 0
51379 0
51380 0
51381 0
51382 0
51383 0
51384 0
51385 0
51386 0
51387 0
51388 0
51389 0
51390 0
51391 0
51392 0
51393 0
51394 0
51395 0
51396 0
51397 0
51398 0
51399 0
51400 0
51401 0
51402 0
51403 0
51404 0
51405 0
51406 0
51407 0
51408 0
51409 0
51410 0
51411 0
51412 0
51413 0
51414 0
51415 0
51416 0
51417 0
51418 0
51419 0
51420 0
51421 0
51422 0
51423 0
51424 0
51425 0
51426 0
51427 0
51428 0
51429 0
51430 0
51431 0
51432 0
51433 0
51434 0
51435 0
51436 0
51437 0
51438 0
51439 0
51440 0
51441 0
51442 0
51443 0
51444 0
51445 0
51446 0
51447 0
51448 0
51449 0
51450 0
51451 0
51452 0
51453 0
51454 0
51455 0
51456 0
51457 0
51458 0
51459 0
51460 0
51461 0
51462 0
51463 0
51464 0
51465 0
51466 0
51467 0
51468 0
51469 0
51470 0
51471 0
51472 0
51473 0
51474 0
51475 0
51476 0
51477 0
51478 0
51479 0
51480 0
51481 0
51482 0
51483 0
51484 0
51485 0
51486 0
51487 0
51488 0
51489 0
51490 0
51491 0
51492 0
51493 0
51494 0
51495 0
51496 0
51497 0
51498 0
51499 0
51500 0
51501 0
51502 0
51503 0
51504 0
51505 0
51506 0
51507 0
51508 0
51509 0
51510 0
51511 0
51512 0
51513 0
51514 0
51515 0
51516 0
51517 0
51518 0
51519 0
51520 0
51521 0
51522 0
51523 0
51524 0
51525 0
51526 0
51527 0
51528 0
51529 0
51530 0
51531 0
51532 0
51533 0
51534 0
51535 0
51536 0
51537 0
51538 0
51539 0
51540 0
51541 0
51542 0
51543 0
51544 0
51545 0
51546 0
51547 0
51548 0
51549 0
51550 0
51551 0
51552 0
51553 0
51554 0
51555 0
51556 0
51557 0
51558 0
51559 0
51560 0
51561 0
51562 0
51563 0
51564 0
51565 0
51566 0
51567 0
51568 0
51569 0
51570 0
51571 0
51572 0
51573 0
51574 0
51575 0
51576 0
51577 0
51578 0
51579 0
51580 0
51581 0
51582 0
51583 0
51584 0
51585 0
51586 0
51587 0
51588 0
51589 0
51590 0
51591 0
51592 0
51593 0
51594 0
51595 0
51596 0
51597 0
51598 0
51599 0
51600 0
51601 0
51602 0
51603 0
51604 0
51605 0
51606 0
51607 0
51608 0
51609 0
51610 0
51611 0
51612 0
51613 0
51614 0
51615 0
51616 0
51617 0
51618 0
51619 0
51620 0
51621 0
51622 0
51623 0
51624 0
51625 0
51626 0
51627 0
51628 0
51629 0
51630 0
51631 0
51632 0
51633 0
51634 0
51635 0
51636 0
51637 0
51638 0
51639 0
51640 0
51641 0
51642 0
51643 0
51644 0
51645 0
51646 0
51647 0
51648 0
51649 0
51650 0
51651 0
51652 0
51653 0
51654 0
51655 0
51656 0
51657 0
51658 0
51659 0
51660 0
51661 0
51662 0
51663 0
51664 0
51665 0
51666 0
51667 0
51668 0
51669 0
51670 0
51671 0
51672 0
51673 0
51674 0
51675 0
51676 0
51677 0
51678 0
51679 0
51680 0
51681 0
51682 0
51683 0
51684 0
51685 0
51686 0
51687 0
51688 0
51689 0
51690 0
51691 0
51692 0
51693 0
51694 0
51695 0
51696 0
51697 0
51698 0
51699 0
51700 0
51701 0
51702 0
51703 0
51704 0
51705 0
51706 0
51707 0
51708 0
51709 0
51710 0
51711 0
51712 0
51713 0
51714 0
51715 0
51716 0
51717 0
51718 0
51719 0
51720 0
51721 0
51722 0
51723 0
51724 0
51725 0
51726 0
51727 0
51728 0
51729 0
51730 0
51731 0
51732 0
51733 0
51734 0
51735 0
51736 0
51737 0
51738 0
51739 0
51740 0
51741 0
51742 0
51743 0
51744 0
51745 0
51746 0
51747 0
51748 0
51749 0
51750 0
51751 0
51752 0
51753 0
51754 0
51755 0
51756 0
51757 0
51758 0
51759 0
51760 0
51761 0
51762 0
51763 0
51764 0
51765 0
51766 0
51767 0
51768 0
51769 0
51770 0
51771 0
51772 0
51773 0
51774 0
51775 0
51776 0
51777 0
51778 0
51779 0
51780 0
51781 0
51782 0
51783 0
51784 0
51785 0
51786 0
51787 0
51788 0
51789 0
51790 0
51791 0
51792 0
51793 0
51794 0
51795 0
51796 0
51797 0
51798 0
51799 0
51800 0
51801 0
51802 0
51803 0
51804 0
51805 0
51806 0
51807 0
51808 0
51809 0
51810 0
51811 0
51812 0
51813 0
51814 0
51815 0
51816 0
51817 0
51818 0
51819 0
51820 0
51821 0
51822 0
51823 0
51824 0
51825 0
51826 0
51827 0
51828 0
51829 0
51830 0
51831 0
51832 0
51833 0
51834 0
51835 0
51836 0
51837 0
51838 0
51839 0
51840 0
51841 0
51842 0
51843 0
51844 0
51845 0
51846 0
51847 0
51848 0
51849 0
51850 0
51851 0
51852 0
51853 0
51854 0
51855 0
51856 0
51857 0
51858 0
51859 0
51860 0
51861 0
51862 0
51863 0
51864 0
51865 0
51866 0
51867 0
51868 0
51869 0
51870 0
51871 0
51872 0
51873 0
51874 0
51875 0
51876 0
51877 0
51878 0
51879 0
51880 0
51881 0
51882 0
51883 0
51884 0
51885 0
51886 0
51887 0
51888 0
51889 0
51890 0
51891 0
51892 0
51893 0
51894 0
51895 0
51896 0
51897 0
51898 0
51899 0
51900 0
51901 0
51902 0
51903 0
51904 0
51905 0
51906 0
51907 0
51908 0
51909 0
51910 0
51911 0
51912 0
51913 0
51914 0
51915 0
51916 0
51917 0
51918 0
51919 0
51920 0
51921 0
51922 0
51923 0
51924 0
51925 0
51926 0
51927 0
51928 0
51929 0
51930 0
51931 0
51932 0
51933 0
51934 0
51935 0
51936 0
51937 0
51938 0
51939 0
51940 0
51941 0
51942 0
51943 0
51944 0
51945 0
51946 0
51947 0
51948 0
51949 0
51950 0
51951 0
51952 0
51953 0
51954 0
51955 0
51956 0
51957 0
51958 0
51959 0
51960 0
51961 0
51962 0
51963 0
51964 0
51965 0
51966 0
51967 0
51968 0
51969 0
51970 0
51971 0
51972 0
51973 0
51974 0
51975 0
51976 0
51977 0
51978 0
51979 0
51980 0
51981 0
51982 0
51983 0
51984 0
51985 0
51986 0
51987 0
51988 0
51989 0
51990 0
51991 0
51992 0
51993 0
51994 0
51995 0
51996 0
51997 0
51998 0
51999 0
52000 0
52001 0
52002 0
52003 0
52004 0
52005 0
52006 0
52007 0
52008 0
52009 0
52010 0
52011 0
52012 0
52013 0
52014 0
52015 0
52016 0
52017 0
52018 0
52019 0
52020 0
52021 0
52022 0
52023 0
52024 0
52025 0
52026 0
52027 0
52028 0
52029 0
52030 0
52031 0
52032 0
52033 0
52034 0
52035 0
52036 0
52037 0
52038 0
52039 0
52040 0
52041 0
52042 0
52043 0
52044 0
52045 0
52046 0
52047 0
52048 0
52049 0
52050 0
52051 0
52052 0
52053 0
52054 0
52055 0
52056 0
52057 0
52058 0
52059 0
52060 0
52061 0
52062 0
52063 0
52064 0
52065 0
52066 0
52067 0
52068 0
52069 0
52070 0
52071 0
52072 0
52073 0
52074 0
52075 0
52076 0
52077 0
52078 0
52079 0
52080 0
52081 0
52082 0
52083 0
52084 0
52085 0
52086 0
52087 0
52088 0
52089 0
52090 0
52091 0
52092 0
52093 0
52094 0
52095 0
52096 0
52097 0
52098 0
52099 0
52100 0
52101 0
52102 0
52103 0
52104 0
52105 0
52106 0
52107 0
52108 0
52109 0
52110 0
52111 0
52112 0
52113 0
52114 0
52115 0
52116 0
52117 0
52118 0
52119 0
52120 0
52121 0
52122 0
52123 0
52124 0
52125 0
52126 0
52127 0
52128 0
52129 0
52130 0
52131 0
52132 0
52133 0
52134 0
52135 0
52136 0
52137 0
52138 0
52139 0
52140 0
52141 0
52142 0
52143 0
52144 0
52145 0
52146 0
52147 0
52148 0
52149 0
52150 0
52151 0
52152 0
52153 0
52154 0
52155 0
52156 0
52157 0
52158 0
52159 0
52160 0
52161 0
52162 0
52163 0
52164 0
52165 0
52166 0
52167 0
52168 0
52169 0
52170 0
52171 0
52172 0
52173 0
52174 0
52175 0
52176 0
52177 0
52178 0
52179 0
52180 0
52181 0
52182 0
52183 0
52184 0
52185 0
52186 0
52187 0
52188 0
52189 0
52190 0
52191 0
52192 0
52193 0
52194 0
52195 0
52196 0
52197 0
52198 0
52199 0
52200 0
52201 0
52202 0
52203 0
52204 0
52205 0
52206 0
52207 0
52208 0
52209 0
52210 0
52211 0
52212 0
52213 0
52214 0
52215 0
52216 0
52217 0
52218 0
52219 0
52220 0
52221 0
52222 0
52223 0
52224 0
52225 0
52226 0
52227 0
52228 0
52229 0
52230 0
52231 0
52232 0
52233 0
52234 0
52235 0
52236 0
52237 0
52238 0
52239 0
52240 0
52241 0
52242 0
52243 0
52244 0
52245 0
52246 0
52247 0
52248 0
52249 0
52250 0
52251 0
52252 0
52253 0
52254 0
52255 0
52256 0
52257 0
52258 0
52259 0
52260 0
52261 0
52262 0
52263 0
52264 0
52265 0
52266 0
52267 0
52268 0
52269 0
52270 0
52271 0
52272 0
52273 0
52274 0
52275 0
52276 0
52277 0
52278 0
52279 0
52280 0
52281 0
52282 0
52283 0
52284 0
52285 0
52286 0
52287 0
52288 0
52289 0
52290 0
52291 0
52292 0
52293 0
52294 0
52295 0
52296 0
52297 0
52298 0
52299 0
52300 0
52301 0
52302 0
52303 0
52304 0
52305 0
52306 0
52307 0
52308 0
52309 0
52310 0
52311 0
52312 0
52313 0
52314 0
52315 0
52316 0
52317 0
52318 0
52319 0
52320 0
52321 0
52322 0
52323 0
52324 0
52325 0
52326 0
52327 0
52328 0
52329 0
52330 0
52331 0
52332 0
52333 0
52334 0
52335 0
52336 0
52337 0
52338 0
52339 0
52340 0
52341 0
52342 0
52343 0
52344 0
52345 0
52346 0
52347 0
52348 0
52349 0
52350 0
52351 0
52352 0
52353 0
52354 0
52355 0
52356 0
52357 0
52358 0
52359 0
52360 0
52361 0
52362 0
52363 0
52364 0
52365 0
52366 0
52367 0
52368 0
52369 0
52370 0
52371 0
52372 0
52373 0
52374 0
52375 0
52376 0
52377 0
52378 0
52379 0
52380 0
52381 0
52382 0
52383 0
52384 0
52385 0
52386 0
52387 0
52388 0
52389 0
52390 0
52391 0
52392 0
52393 0
52394 0
52395 0
52396 0
52397 0
52398 0
52399 0
52400 0
52401 0
52402 0
52403 0
52404 0
52405 0
52406 0
52407 0
52408 0
52409 0
52410 0
52411 0
52412 0
52413 0
52414 0
52415 0
52416 0
52417 0
52418 0
52419 0
52420 0
52421 0
52422 0
52423 0
52424 0
52425 0
52426 0
52427 0
52428 0
52429 0
52430 0
52431 0
52432 0
52433 0
52434 0
52435 0
52436 0
52437 0
52438 0
52439 0
52440 0
52441 0
52442 0
52443 0
52444 0
52445 0
52446 0
52447 0
52448 0
52449 0
52450 0
52451 0
52452 0
52453 0
52454 0
52455 0
52456 0
52457 0
52458 0
52459 0
52460 0
52461 0
52462 0
52463 0
52464 0
52465 0
52466 0
52467 0
52468 0
52469 0
52470 0
52471 0
52472 0
52473 0
52474 0
52475 0
52476 0
52477 0
52478 0
52479 0
52480 0
52481 0
52482 0
52483 0
52484 0
52485 0
52486 0
52487 0
52488 0
52489 0
52490 0
52491 0
52492 0
52493 0
52494 0
52495 0
52496 0
52497 0
52498 0
52499 0
52500 0
52501 0
52502 0
52503 0
52504 0
52505 0
52506 0
52507 0
52508 0
52509 0
52510 0
52511 0
52512 0
52513 0
52514 0
52515 0
52516 0
52517 0
52518 0
52519 0
52520 0
52521 0
52522 0
52523 0
52524 0
52525 0
52526 0
52527 0
52528 0
52529 0
52530 0
52531 0
52532 0
52533 0
52534 0
52535 0
52536 0
52537 0
52538 0
52539 0
52540 0
52541 0
52542 0
52543 0
52544 0
52545 0
52546 0
52547 0
52548 0
52549 0
52550 0
52551 0
52552 0
52553 0
52554 0
52555 0
52556 0
52557 0
52558 0
52559 0
52560 0
52561 0
52562 0
52563 0
52564 0
52565 0
52566 0
52567 0
52568 0
52569 0
52570 0
52571 0
52572 0
52573 0
52574 0
52575 0
52576 0
52577 0
52578 0
52579 0
52580 0
52581 0
52582 0
52583 0
52584 0
52585 0
52586 0
52587 0
52588 0
52589 0
52590 0
52591 0
52592 0
52593 0
52594 0
52595 0
52596 0
52597 0
52598 0
52599 0
52600 0
52601 0
52602 0
52603 0
52604 0
52605 0
52606 0
52607 0
52608 0
52609 0
52610 0
52611 0
52612 0
52613 0
52614 0
52615 0
52616 0
52617 0
52618 0
52619 0
52620 0
52621 0
52622 0
52623 0
52624 0
52625 0
52626 0
52627 0
52628 0
52629 0
52630 0
52631 0
52632 0
52633 0
52634 0
52635 0
52636 0
52637 0
52638 0
52639 0
52640 0
52641 0
52642 0
52643 0
52644 0
52645 0
52646 0
52647 0
52648 0
52649 0
52650 0
52651 0
52652 0
52653 0
52654 0
52655 0
52656 0
52657 0
52658 0
52659 0
52660 0
52661 0
52662 0
52663 0
52664 0
52665 0
52666 0
52667 0
52668 0
52669 0
52670 0
52671 0
52672 0
52673 0
52674 0
52675 0
52676 0
52677 0
52678 0
52679 0
52680 0
52681 0
52682 0
52683 0
52684 0
52685 0
52686 0
52687 0
52688 0
52689 0
52690 0
52691 0
52692 0
52693 0
52694 0
52695 0
52696 0
52697 0
52698 0
52699 0
52700 0
52701 0
52702 0
52703 0
52704 0
52705 0
52706 0
52707 0
52708 0
52709 0
52710 0
52711 0
52712 0
52713 0
52714 0
52715 0
52716 0
52717 0
52718 0
52719 0
52720 0
52721 0
52722 0
52723 0
52724 0
52725 0
52726 0
52727 0
52728 0
52729 0
52730 0
52731 0
52732 0
52733 0
52734 0
52735 0
52736 0
52737 0
52738 0
52739 0
52740 0
52741 0
52742 0
52743 0
52744 0
52745 0
52746 0
52747 0
52748 0
52749 0
52750 0
52751 0
52752 0
52753 0
52754 0
52755 0
52756 0
52757 0
52758 0
52759 0
52760 0
52761 0
52762 0
52763 0
52764 0
52765 0
52766 0
52767 0
52768 0
52769 0
52770 0
52771 0
52772 0
52773 0
52774 0
52775 0
52776 0
52777 0
52778 0
52779 0
52780 0
52781 0
52782 0
52783 0
52784 0
52785 0
52786 0
52787 0
52788 0
52789 0
52790 0
52791 0
52792 0
52793 0
52794 0
52795 0
52796 0
52797 0
52798 0
52799 0
52800 0
52801 0
52802 0
52803 0
52804 0
52805 0
52806 0
52807 0
52808 0
52809 0
52810 0
52811 0
52812 0
52813 0
52814 0
52815 0
52816 0
52817 0
52818 0
52819 0
52820 0
52821 0
52822 0
52823 0
52824 0
52825 0
52826 0
52827 0
52828 0
52829 0
52830 0
52831 0
52832 0
52833 0
52834 0
52835 0
52836 0
52837 0
52838 0
52839 0
52840 0
52841 0
52842 0
52843 0
52844 0
52845 0
52846 0
52847 0
52848 0
52849 0
52850 0
52851 0
52852 0
52853 0
52854 0
52855 0
52856 0
52857 0
52858 0
52859 0
52860 0
52861 0
52862 0
52863 0
52864 0
52865 0
52866 0
52867 0
52868 0
52869 0
52870 0
52871 0
52872 0
52873 0
52874 0
52875 0
52876 0
52877 0
52878 0
52879 0
52880 0
52881 0
52882 0
52883 0
52884 0
52885 0
52886 0
52887 0
52888 0
52889 0
52890 0
52891 0
52892 0
52893 0
52894 0
52895 0
52896 0
52897 0
52898 0
52899 0
52900 0
52901 0
52902 0
52903 0
52904 0
52905 0
52906 0
52907 0
52908 0
52909 0
52910 0
52911 0
52912 0
52913 0
52914 0
52915 0
52916 0
52917 0
52918 0
52919 0
52920 0
52921 0
52922 0
52923 0
52924 0
52925 0
52926 0
52927 0
52928 0
52929 0
52930 0
52931 0
52932 0
52933 0
52934 0
52935 0
52936 0
52937 0
52938 0
52939 0
52940 0
52941 0
52942 0
52943 0
52944 0
52945 0
52946 0
52947 0
52948 0
52949 0
52950 0
52951 0
52952 0
52953 0
52954 0
52955 0
52956 0
52957 0
52958 0
52959 0
52960 0
52961 0
52962 0
52963 0
52964 0
52965 0
52966 0
52967 0
52968 0
52969 0
52970 0
52971 0
52972 0
52973 0
52974 0
52975 0
52976 0
52977 0
52978 0
52979 0
52980 0
52981 0
52982 0
52983 0
52984 0
52985 0
52986 0
52987 0
52988 0
52989 0
52990 0
52991 0
52992 0
52993 0
52994 0
52995 0
52996 0
52997 0
52998 0
52999 0
53000 0
53001 0
53002 0
53003 0
53004 0
53005 0
53006 0
53007 0
53008 0
53009 0
53010 0
53011 0
53012 0
53013 0
53014 0
53015 0
53016 0
53017 0
53018 0
53019 0
53020 0
53021 0
53022 0
53023 0
53024 0
53025 0
53026 0
53027 0
53028 0
53029 0
53030 0
53031 0
53032 0
53033 0
53034 0
53035 0
53036 0
53037 0
53038 0
53039 0
53040 0
53041 0
53042 0
53043 0
53044 0
53045 0
53046 0
53047 0
53048 0
53049 0
53050 0
53051 0
53052 0
53053 0
53054 0
53055 0
53056 0
53057 0
53058 0
53059 0
53060 0
53061 0
53062 0
53063 0
53064 0
53065 0
53066 0
53067 0
53068 0
53069 0
53070 0
53071 0
53072 0
53073 0
53074 0
53075 0
53076 0
53077 0
53078 0
53079 0
53080 0
53081 0
53082 0
53083 0
53084 0
53085 0
53086 0
53087 0
53088 0
53089 0
53090 0
53091 0
53092 0
53093 0
53094 0
53095 0
53096 0
53097 0
53098 0
53099 0
53100 0
53101 0
53102 0
53103 0
53104 0
53105 0
53106 0
53107 0
53108 0
53109 0
53110 0
53111 0
53112 0
53113 0
53114 0
53115 0
53116 0
53117 0
53118 0
53119 0
53120 0
53121 0
53122 0
53123 0
53124 0
53125 0
53126 0
53127 0
53128 0
53129 0
53130 0
53131 0
53132 0
53133 0
53134 0
53135 0
53136 0
53137 0
53138 0
53139 0
53140 0
53141 0
53142 0
53143 0
53144 0
53145 0
53146 0
53147 0
53148 0
53149 0
53150 0
53151 0
53152 0
53153 0
53154 0
53155 0
53156 0
53157 0
53158 0
53159 0
53160 0
53161 0
53162 0
53163 0
53164 0
53165 0
53166 0
53167 0
53168 0
53169 0
53170 0
53171 0
53172 0
53173 0
53174 0
53175 0
53176 0
53177 0
53178 0
53179 0
53180 0
53181 0
53182 0
53183 0
53184 0
53185 0
53186 0
53187 0
53188 0
53189 0
53190 0
53191 0
53192 0
53193 0
53194 0
53195 0
53196 0
53197 0
53198 0
53199 0
53200 0
53201 0
53202 0
53203 0
53204 0
53205 0
53206 0
53207 0
53208 0
53209 0
53210 0
53211 0
53212 0
53213 0
53214 0
53215 0
53216 0
53217 0
53218 0
53219 0
53220 0
53221 0
53222 0
53223 0
53224 0
53225 0
53226 0
53227 0
53228 0
53229 0
53230 0
53231 0
53232 0
53233 0
53234 0
53235 0
53236 0
53237 0
53238 0
53239 0
53240 0
53241 0
53242 0
53243 0
53244 0
53245 0
53246 0
53247 0
53248 0
53249 0
53250 0
53251 0
53252 0
53253 0
53254 0
53255 0
53256 0
53257 0
53258 0
53259 0
53260 0
53261 0
53262 0
53263 0
53264 0
53265 0
53266 0
53267 0
53268 0
53269 0
53270 0
53271 0
53272 0
53273 0
53274 0
53275 0
53276 0
53277 0
53278 0
53279 0
53280 0
53281 0
53282 0
53283 0
53284 0
53285 0
53286 0
53287 0
53288 0
53289 0
53290 0
53291 0
53292 0
53293 0
53294 0
53295 0
53296 0
53297 0
53298 0
53299 0
53300 0
53301 0
53302 0
53303 0
53304 0
53305 0
53306 0
53307 0
53308 0
53309 0
53310 0
53311 0
53312 0
53313 0
53314 0
53315 0
53316 0
53317 0
53318 0
53319 0
53320 0
53321 0
53322 0
53323 0
53324 0
53325 0
53326 0
53327 0
53328 0
53329 0
53330 0
53331 0
53332 0
53333 0
53334 0
53335 0
53336 0
53337 0
53338 0
53339 0
53340 0
53341 0
53342 0
53343 0
53344 0
53345 0
53346 0
53347 0
53348 0
53349 0
53350 0
53351 0
53352 0
53353 0
53354 0
53355 0
53356 0
53357 0
53358 0
53359 0
53360 0
53361 0
53362 0
53363 0
53364 0
53365 0
53366 0
53367 0
53368 0
53369 0
53370 0
53371 0
53372 0
53373 0
53374 0
53375 0
53376 0
53377 0
53378 0
53379 0
53380 0
53381 0
53382 0
53383 0
53384 0
53385 0
53386 0
53387 0
53388 0
53389 0
53390 0
53391 0
53392 0
53393 0
53394 0
53395 0
53396 0
53397 0
53398 0
53399 0
53400 0
53401 0
53402 0
53403 0
53404 0
53405 0
53406 0
53407 0
53408 0
53409 0
53410 0
53411 0
53412 0
53413 0
53414 0
53415 0
53416 0
53417 0
53418 0
53419 0
53420 0
53421 0
53422 0
53423 0
53424 0
53425 0
53426 0
53427 0
53428 0
53429 0
53430 0
53431 0
53432 0
53433 0
53434 0
53435 0
53436 0
53437 0
53438 0
53439 0
53440 0
53441 0
53442 0
53443 0
53444 0
53445 0
53446 0
53447 0
53448 0
53449 0
53450 0
53451 0
53452 0
53453 0
53454 0
53455 0
53456 0
53457 0
53458 0
53459 0
53460 0
53461 0
53462 0
53463 0
53464 0
53465 0
53466 0
53467 0
53468 0
53469 0
53470 0
53471 0
53472 0
53473 0
53474 0
53475 0
53476 0
53477 0
53478 0
53479 0
53480 0
53481 0
53482 0
53483 0
53484 0
53485 0
53486 0
53487 0
53488 0
53489 0
53490 0
53491 0
53492 0
53493 0
53494 0
53495 0
53496 0
53497 0
53498 0
53499 0
53500 0
53501 0
53502 0
53503 0
53504 0
53505 0
53506 0
53507 0
53508 0
53509 0
53510 0
53511 0
53512 0
53513 0
53514 0
53515 0
53516 0
53517 0
53518 0
53519 0
53520 0
53521 0
53522 0
53523 0
53524 0
53525 0
53526 0
53527 0
53528 0
53529 0
53530 0
53531 0
53532 0
53533 0
53534 0
53535 0
53536 0
53537 0
53538 0
53539 0
53540 0
53541 0
53542 0
53543 0
53544 0
53545 0
53546 0
53547 0
53548 0
53549 0
53550 0
53551 0
53552 0
53553 0
53554 0
53555 0
53556 0
53557 0
53558 0
53559 0
53560 0
53561 0
53562 0
53563 0
53564 0
53565 0
53566 0
53567 0
53568 0
53569 0
53570 0
53571 0
53572 0
53573 0
53574 0
53575 0
53576 0
53577 0
53578 0
53579 0
53580 0
53581 0
53582 0
53583 0
53584 0
53585 0
53586 0
53587 0
53588 0
53589 0
53590 0
53591 0
53592 0
53593 0
53594 0
53595 0
53596 0
53597 0
53598 0
53599 0
53600 0
53601 0
53602 0
53603 0
53604 0
53605 0
53606 0
53607 0
53608 0
53609 0
53610 0
53611 0
53612 0
53613 0
53614 0
53615 0
53616 0
53617 0
53618 0
53619 0
53620 0
53621 0
53622 0
53623 0
53624 0
53625 0
53626 0
53627 0
53628 0
53629 0
53630 0
53631 0
53632 0
53633 0
53634 0
53635 0
53636 0
53637 0
53638 0
53639 0
53640 0
53641 0
53642 0
53643 0
53644 0
53645 0
53646 0
53647 0
53648 0
53649 0
53650 0
53651 0
53652 0
53653 0
53654 0
53655 0
53656 0
53657 0
53658 0
53659 0
53660 0
53661 0
53662 0
53663 0
53664 0
53665 0
53666 0
53667 0
53668 0
53669 0
53670 0
53671 0
53672 0
53673 0
53674 0
53675 0
53676 0
53677 0
53678 0
53679 0
53680 0
53681 0
53682 0
53683 0
53684 0
53685 0
53686 0
53687 0
53688 0
53689 0
53690 0
53691 0
53692 0
53693 0
53694 0
53695 0
53696 0
53697 0
53698 0
53699 0
53700 0
53701 0
53702 0
53703 0
53704 0
53705 0
53706 0
53707 0
53708 0
53709 0
53710 0
53711 0
53712 0
53713 0
53714 0
53715 0
53716 0
53717 0
53718 0
53719 0
53720 0
53721 0
53722 0
53723 0
53724 0
53725 0
53726 0
53727 0
53728 0
53729 0
53730 0
53731 0
53732 0
53733 0
53734 0
53735 0
53736 0
53737 0
53738 0
53739 0
53740 0
53741 0
53742 0
53743 0
53744 0
53745 0
53746 0
53747 0
53748 0
53749 0
53750 0
53751 0
53752 0
53753 0
53754 0
53755 0
53756 0
53757 0
53758 0
53759 0
53760 0
53761 0
53762 0
53763 0
53764 0
53765 0
53766 0
53767 0
53768 0
53769 0
53770 0
53771 0
53772 0
53773 0
53774 0
53775 0
53776 0
53777 0
53778 0
53779 0
53780 0
53781 0
53782 0
53783 0
53784 0
53785 0
53786 0
53787 0
53788 0
53789 0
53790 0
53791 0
53792 0
53793 0
53794 0
53795 0
53796 0
53797 0
53798 0
53799 0
53800 0
53801 0
53802 0
53803 0
53804 0
53805 0
53806 0
53807 0
53808 0
53809 0
53810 0
53811 0
53812 0
53813 0
53814 0
53815 0
53816 0
53817 0
53818 0
53819 0
53820 0
53821 0
53822 0
53823 0
53824 0
53825 0
53826 0
53827 0
53828 0
53829 0
53830 0
53831 0
53832 0
53833 0
53834 0
53835 0
53836 0
53837 0
53838 0
53839 0
53840 0
53841 0
53842 0
53843 0
53844 0
53845 0
53846 0
53847 0
53848 0
53849 0
53850 0
53851 0
53852 0
53853 0
53854 0
53855 0
53856 0
53857 0
53858 0
53859 0
53860 0
53861 0
53862 0
53863 0
53864 0
53865 0
53866 0
53867 0
53868 0
53869 0
53870 0
53871 0
53872 0
53873 0
53874 0
53875 0
53876 0
53877 0
53878 0
53879 0
53880 0
53881 0
53882 0
53883 0
53884 0
53885 0
53886 0
53887 0
53888 0
53889 0
53890 0
53891 0
53892 0
53893 0
53894 0
53895 0
53896 0
53897 0
53898 0
53899 0
53900 0
53901 0
53902 0
53903 0
53904 0
53905 0
53906 0
53907 0
53908 0
53909 0
53910 0
53911 0
53912 0
53913 0
53914 0
53915 0
53916 0
53917 0
53918 0
53919 0
53920 0
53921 0
53922 0
53923 0
53924 0
53925 0
53926 0
53927 0
53928 0
53929 0
53930 0
53931 0
53932 0
53933 0
53934 0
53935 0
53936 0
53937 0
53938 0
53939 0
53940 0
53941 0
53942 0
53943 0
53944 0
53945 0
53946 0
53947 0
53948 0
53949 0
53950 0
53951 0
53952 0
53953 0
53954 0
53955 0
53956 0
53957 0
53958 0
53959 0
53960 0
53961 0
53962 0
53963 0
53964 0
53965 0
53966 0
53967 0
53968 0
53969 0
53970 0
53971 0
53972 0
53973 0
53974 0
53975 0
53976 0
53977 0
53978 0
53979 0
53980 0
53981 0
53982 0
53983 0
53984 0
53985 0
53986 0
53987 0
53988 0
53989 0
53990 0
53991 0
53992 0
53993 0
53994 0
53995 0
53996 0
53997 0
53998 0
53999 0
54000 0
54001 0
54002 0
54003 0
54004 0
54005 0
54006 0
54007 0
54008 0
54009 0
54010 0
54011 0
54012 0
54013 0
54014 0
54015 0
54016 0
54017 0
54018 0
54019 0
54020 0
54021 0
54022 0
54023 0
54024 0
54025 0
54026 0
54027 0
54028 0
54029 0
54030 0
54031 0
54032 0
54033 0
54034 0
54035 0
54036 0
54037 0
54038 0
54039 0
54040 0
54041 0
54042 0
54043 0
54044 0
54045 0
54046 0
54047 0
54048 0
54049 0
54050 0
54051 0
54052 0
54053 0
54054 0
54055 0
54056 0
54057 0
54058 0
54059 0
54060 0
54061 0
54062 0
54063 0
54064 0
54065 0
54066 0
54067 0
54068 0
54069 0
54070 0
54071 0
54072 0
54073 0
54074 0
54075 0
54076 0
54077 0
54078 0
54079 0
54080 0
54081 0
54082 0
54083 0
54084 0
54085 0
54086 0
54087 0
54088 0
54089 0
54090 0
54091 0
54092 0
54093 0
54094 0
54095 0
54096 0
54097 0
54098 0
54099 0
54100 0
54101 0
54102 0
54103 0
54104 0
54105 0
54106 0
54107 0
54108 0
54109 0
54110 0
54111 0
54112 0
54113 0
54114 0
54115 0
54116 0
54117 0
54118 0
54119 0
54120 0
54121 0
54122 0
54123 0
54124 0
54125 0
54126 0
54127 0
54128 0
54129 0
54130 0
54131 0
54132 0
54133 0
54134 0
54135 0
54136 0
54137 0
54138 0
54139 0
54140 0
54141 0
54142 0
54143 0
54144 0
54145 0
54146 0
54147 0
54148 0
54149 0
54150 0
54151 0
54152 0
54153 0
54154 0
54155 0
54156 0
54157 0
54158 0
54159 0
54160 0
54161 0
54162 0
54163 0
54164 0
54165 0
54166 0
54167 0
54168 0
54169 0
54170 0
54171 0
54172 0
54173 0
54174 0
54175 0
54176 0
54177 0
54178 0
54179 0
54180 0
54181 0
54182 0
54183 0
54184 0
54185 0
54186 0
54187 0
54188 0
54189 0
54190 0
54191 0
54192 0
54193 0
54194 0
54195 0
54196 0
54197 0
54198 0
54199 0
54200 0
54201 0
54202 0
54203 0
54204 0
54205 0
54206 0
54207 0
54208 0
54209 0
54210 0
54211 0
54212 0
54213 0
54214 0
54215 0
54216 0
54217 0
54218 0
54219 0
54220 0
54221 0
54222 0
54223 0
54224 0
54225 0
54226 0
54227 0
54228 0
54229 0
54230 0
54231 0
54232 0
54233 0
54234 0
54235 0
54236 0
54237 0
54238 0
54239 0
54240 0
54241 0
54242 0
54243 0
54244 0
54245 0
54246 0
54247 0
54248 0
54249 0
54250 0
54251 0
54252 0
54253 0
54254 0
54255 0
54256 0
54257 0
54258 0
54259 0
54260 0
54261 0
54262 0
54263 0
54264 0
54265 0
54266 0
54267 0
54268 0
54269 0
54270 0
54271 0
54272 0
54273 0
54274 0
54275 0
54276 0
54277 0
54278 0
54279 0
54280 0
54281 0
54282 0
54283 0
54284 0
54285 0
54286 0
54287 0
54288 0
54289 0
54290 0
54291 0
54292 0
54293 0
54294 0
54295 0
54296 0
54297 0
54298 0
54299 0
54300 0
54301 0
54302 0
54303 0
54304 0
54305 0
54306 0
54307 0
54308 0
54309 0
54310 0
54311 0
54312 0
54313 0
54314 0
54315 0
54316 0
54317 0
54318 0
54319 0
54320 0
54321 0
54322 0
54323 0
54324 0
54325 0
54326 0
54327 0
54328 0
54329 0
54330 0
54331 0
54332 0
54333 0
54334 0
54335 0
54336 0
54337 0
54338 0
54339 0
54340 0
54341 0
54342 0
54343 0
54344 0
54345 0
54346 0
54347 0
54348 0
54349 0
54350 0
54351 0
54352 0
54353 0
54354 0
54355 0
54356 0
54357 0
54358 0
54359 0
54360 0
54361 0
54362 0
54363 0
54364 0
54365 0
54366 0
54367 0
54368 0
54369 0
54370 0
54371 0
54372 0
54373 0
54374 0
54375 0
54376 0
54377 0
54378 0
54379 0
54380 0
54381 0
54382 0
54383 0
54384 0
54385 0
54386 0
54387 0
54388 0
54389 0
54390 0
54391 0
54392 0
54393 0
54394 0
54395 0
54396 0
54397 0
54398 0
54399 0
54400 0
54401 0
54402 0
54403 0
54404 0
54405 0
54406 0
54407 0
54408 0
54409 0
54410 0
54411 0
54412 0
54413 0
54414 0
54415 0
54416 0
54417 0
54418 0
54419 0
54420 0
54421 0
54422 0
54423 0
54424 0
54425 0
54426 0
54427 0
54428 0
54429 0
54430 0
54431 0
54432 0
54433 0
54434 0
54435 0
54436 0
54437 0
54438 0
54439 0
54440 0
54441 0
54442 0
54443 0
54444 0
54445 0
54446 0
54447 0
54448 0
54449 0
54450 0
54451 0
54452 0
54453 0
54454 0
54455 0
54456 0
54457 0
54458 0
54459 0
54460 0
54461 0
54462 0
54463 0
54464 0
54465 0
54466 0
54467 0
54468 0
54469 0
54470 0
54471 0
54472 0
54473 0
54474 0
54475 0
54476 0
54477 0
54478 0
54479 0
54480 0
54481 0
54482 0
54483 0
54484 0
54485 0
54486 0
54487 0
54488 0
54489 0
54490 0
54491 0
54492 0
54493 0
54494 0
54495 0
54496 0
54497 0
54498 0
54499 0
54500 0
54501 0
54502 0
54503 0
54504 0
54505 0
54506 0
54507 0
54508 0
54509 0
54510 0
54511 0
54512 0
54513 0
54514 0
54515 0
54516 0
54517 0
54518 0
54519 0
54520 0
54521 0
54522 0
54523 0
54524 0
54525 0
54526 0
54527 0
54528 0
54529 0
54530 0
54531 0
54532 0
54533 0
54534 0
54535 0
54536 0
54537 0
54538 0
54539 0
54540 0
54541 0
54542 0
54543 0
54544 0
54545 0
54546 0
54547 0
54548 0
54549 0
54550 0
54551 0
54552 0
54553 0
54554 0
54555 0
54556 0
54557 0
54558 0
54559 0
54560 0
54561 0
54562 0
54563 0
54564 0
54565 0
54566 0
54567 0
54568 0
54569 0
54570 0
54571 0
54572 0
54573 0
54574 0
54575 0
54576 0
54577 0
54578 0
54579 0
54580 0
54581 0
54582 0
54583 0
54584 0
54585 0
54586 0
54587 0
54588 0
54589 0
54590 0
54591 0
54592 0
54593 0
54594 0
54595 0
54596 0
54597 0
54598 0
54599 0
54600 0
54601 0
54602 0
54603 0
54604 0
54605 0
54606 0
54607 0
54608 0
54609 0
54610 0
54611 0
54612 0
54613 0
54614 0
54615 0
54616 0
54617 0
54618 0
54619 0
54620 0
54621 0
54622 0
54623 0
54624 0
54625 0
54626 0
54627 0
54628 0
54629 0
54630 0
54631 0
54632 0
54633 0
54634 0
54635 0
54636 0
54637 0
54638 0
54639 0
54640 0
54641 0
54642 0
54643 0
54644 0
54645 0
54646 0
54647 0
54648 0
54649 0
54650 0
54651 0
54652 0
54653 0
54654 0
54655 0
54656 0
54657 0
54658 0
54659 0
54660 0
54661 0
54662 0
54663 0
54664 0
54665 0
54666 0
54667 0
54668 0
54669 0
54670 0
54671 0
54672 0
54673 0
54674 0
54675 0
54676 0
54677 0
54678 0
54679 0
54680 0
54681 0
54682 0
54683 0
54684 0
54685 0
54686 0
54687 0
54688 0
54689 0
54690 0
54691 0
54692 0
54693 0
54694 0
54695 0
54696 0
54697 0
54698 0
54699 0
54700 0
54701 0
54702 0
54703 0
54704 0
54705 0
54706 0
54707 0
54708 0
54709 0
54710 0
54711 0
54712 0
54713 0
54714 0
54715 0
54716 0
54717 0
54718 0
54719 0
54720 0
54721 0
54722 0
54723 0
54724 0
54725 0
54726 0
54727 0
54728 0
54729 0
54730 0
54731 0
54732 0
54733 0
54734 0
54735 0
54736 0
54737 0
54738 0
54739 0
54740 0
54741 0
54742 0
54743 0
54744 0
54745 0
54746 0
54747 0
54748 0
54749 0
54750 0
54751 0
54752 0
54753 0
54754 0
54755 0
54756 0
54757 0
54758 0
54759 0
54760 0
54761 0
54762 0
54763 0
54764 0
54765 0
54766 0
54767 0
54768 0
54769 0
54770 0
54771 0
54772 0
54773 0
54774 0
54775 0
54776 0
54777 0
54778 0
54779 0
54780 0
54781 0
54782 0
54783 0
54784 0
54785 0
54786 0
54787 0
54788 0
54789 0
54790 0
54791 0
54792 0
54793 0
54794 0
54795 0
54796 0
54797 0
54798 0
54799 0
54800 0
54801 0
54802 0
54803 0
54804 0
54805 0
54806 0
54807 0
54808 0
54809 0
54810 0
54811 0
54812 0
54813 0
54814 0
54815 0
54816 0
54817 0
54818 0
54819 0
54820 0
54821 0
54822 0
54823 0
54824 0
54825 0
54826 0
54827 0
54828 0
54829 0
54830 0
54831 0
54832 0
54833 0
54834 0
54835 0
54836 0
54837 0
54838 0
54839 0
54840 0
54841 0
54842 0
54843 0
54844 0
54845 0
54846 0
54847 0
54848 0
54849 0
54850 0
54851 0
54852 0
54853 0
54854 0
54855 0
54856 0
54857 0
54858 0
54859 0
54860 0
54861 0
54862 0
54863 0
54864 0
54865 0
54866 0
54867 0
54868 0
54869 0
54870 0
54871 0
54872 0
54873 0
54874 0
54875 0
54876 0
54877 0
54878 0
54879 0
54880 0
54881 0
54882 0
54883 0
54884 0
54885 0
54886 0
54887 0
54888 0
54889 0
54890 0
54891 0
54892 0
54893 0
54894 0
54895 0
54896 0
54897 0
54898 0
54899 0
54900 0
54901 0
54902 0
54903 0
54904 0
54905 0
54906 0
54907 0
54908 0
54909 0
54910 0
54911 0
54912 0
54913 0
54914 0
54915 0
54916 0
54917 0
54918 0
54919 0
54920 0
54921 0
54922 0
54923 0
54924 0
54925 0
54926 0
54927 0
54928 0
54929 0
54930 0
54931 0
54932 0
54933 0
54934 0
54935 0
54936 0
54937 0
54938 0
54939 0
54940 0
54941 0
54942 0
54943 0
54944 0
54945 0
54946 0
54947 0
54948 0
54949 0
54950 0
54951 0
54952 0
54953 0
54954 0
54955 0
54956 0
54957 0
54958 0
54959 0
54960 0
54961 0
54962 0
54963 0
54964 0
54965 0
54966 0
54967 0
54968 0
54969 0
54970 0
54971 0
54972 0
54973 0
54974 0
54975 0
54976 0
54977 0
54978 0
54979 0
54980 0
54981 0
54982 0
54983 0
54984 0
54985 0
54986 0
54987 0
54988 0
54989 0
54990 0
54991 0
54992 0
54993 0
54994 0
54995 0
54996 0
54997 0
54998 0
54999 0
55000 0
55001 0
55002 0
55003 0
55004 0
55005 0
55006 0
55007 0
55008 0
55009 0
55010 0
55011 0
55012 0
55013 0
55014 0
55015 0
55016 0
55017 0
55018 0
55019 0
55020 0
55021 0
55022 0
55023 0
55024 0
55025 0
55026 0
55027 0
55028 0
55029 0
55030 0
55031 0
55032 0
55033 0
55034 0
55035 0
55036 0
55037 0
55038 0
55039 0
55040 0
55041 0
55042 0
55043 0
55044 0
55045 0
55046 0
55047 0
55048 0
55049 0
55050 0
55051 0
55052 0
55053 0
55054 0
55055 0
55056 0
55057 0
55058 0
55059 0
55060 0
55061 0
55062 0
55063 0
55064 0
55065 0
55066 0
55067 0
55068 0
55069 0
55070 0
55071 0
55072 0
55073 0
55074 0
55075 0
55076 0
55077 0
55078 0
55079 0
55080 0
55081 0
55082 0
55083 0
55084 0
55085 0
55086 0
55087 0
55088 0
55089 0
55090 0
55091 0
55092 0
55093 0
55094 0
55095 0
55096 0
55097 0
55098 0
55099 0
55100 0
55101 0
55102 0
55103 0
55104 0
55105 0
55106 0
55107 0
55108 0
55109 0
55110 0
55111 0
55112 0
55113 0
55114 0
55115 0
55116 0
55117 0
55118 0
55119 0
55120 0
55121 0
55122 0
55123 0
55124 0
55125 0
55126 0
55127 0
55128 0
55129 0
55130 0
55131 0
55132 0
55133 0
55134 0
55135 0
55136 0
55137 0
55138 0
55139 0
55140 0
55141 0
55142 0
55143 0
55144 0
55145 0
55146 0
55147 0
55148 0
55149 0
55150 0
55151 0
55152 0
55153 0
55154 0
55155 0
55156 0
55157 0
55158 0
55159 0
55160 0
55161 0
55162 0
55163 0
55164 0
55165 0
55166 0
55167 0
55168 0
55169 0
55170 0
55171 0
55172 0
55173 0
55174 0
55175 0
55176 0
55177 0
55178 0
55179 0
55180 0
55181 0
55182 0
55183 0
55184 0
55185 0
55186 0
55187 0
55188 0
55189 0
55190 0
55191 0
55192 0
55193 0
55194 0
55195 0
55196 0
55197 0
55198 0
55199 0
55200 0
55201 0
55202 0
55203 0
55204 0
55205 0
55206 0
55207 0
55208 0
55209 0
55210 0
55211 0
55212 0
55213 0
55214 0
55215 0
55216 0
55217 0
55218 0
55219 0
55220 0
55221 0
55222 0
55223 0
55224 0
55225 0
55226 0
55227 0
55228 0
55229 0
55230 0
55231 0
55232 0
55233 0
55234 0
55235 0
55236 0
55237 0
55238 0
55239 0
55240 0
55241 0
55242 0
55243 0
55244 0
55245 0
55246 0
55247 0
55248 0
55249 0
55250 0
55251 0
55252 0
55253 0
55254 0
55255 0
55256 0
55257 0
55258 0
55259 0
55260 0
55261 0
55262 0
55263 0
55264 0
55265 0
55266 0
55267 0
55268 0
55269 0
55270 0
55271 0
55272 0
55273 0
55274 0
55275 0
55276 0
55277 0
55278 0
55279 0
55280 0
55281 0
55282 0
55283 0
55284 0
55285 0
55286 0
55287 0
55288 0
55289 0
55290 0
55291 0
55292 0
55293 0
55294 0
55295 0
55296 0
55297 0
55298 0
55299 0
55300 0
55301 0
55302 0
55303 0
55304 0
55305 0
55306 0
55307 0
55308 0
55309 0
55310 0
55311 0
55312 0
55313 0
55314 0
55315 0
55316 0
55317 0
55318 0
55319 0
55320 0
55321 0
55322 0
55323 0
55324 0
55325 0
55326 0
55327 0
55328 0
55329 0
55330 0
55331 0
55332 0
55333 0
55334 0
55335 0
55336 0
55337 0
55338 0
55339 0
55340 0
55341 0
55342 0
55343 0
55344 0
55345 0
55346 0
55347 0
55348 0
55349 0
55350 0
55351 0
55352 0
55353 0
55354 0
55355 0
55356 0
55357 0
55358 0
55359 0
55360 0
55361 0
55362 0
55363 0
55364 0
55365 0
55366 0
55367 0
55368 0
55369 0
55370 0
55371 0
55372 0
55373 0
55374 0
55375 0
55376 0
55377 0
55378 0
55379 0
55380 0
55381 0
55382 0
55383 0
55384 0
55385 0
55386 0
55387 0
55388 0
55389 0
55390 0
55391 0
55392 0
55393 0
55394 0
55395 0
55396 0
55397 0
55398 0
55399 0
55400 0
55401 0
55402 0
55403 0
55404 0
55405 0
55406 0
55407 0
55408 0
55409 0
55410 0
55411 0
55412 0
55413 0
55414 0
55415 0
55416 0
55417 0
55418 0
55419 0
55420 0
55421 0
55422 0
55423 0
55424 0
55425 0
55426 0
55427 0
55428 0
55429 0
55430 0
55431 0
55432 0
55433 0
55434 0
55435 0
55436 0
55437 0
55438 0
55439 0
55440 0
55441 0
55442 0
55443 0
55444 0
55445 0
55446 0
55447 0
55448 0
55449 0
55450 0
55451 0
55452 0
55453 0
55454 0
55455 0
55456 0
55457 0
55458 0
55459 0
55460 0
55461 0
55462 0
55463 0
55464 0
55465 0
55466 0
55467 0
55468 0
55469 0
55470 0
55471 0
55472 0
55473 0
55474 0
55475 0
55476 0
55477 0
55478 0
55479 0
55480 0
55481 0
55482 0
55483 0
55484 0
55485 0
55486 0
55487 0
55488 0
55489 0
55490 0
55491 0
55492 0
55493 0
55494 0
55495 0
55496 0
55497 0
55498 0
55499 0
55500 0
55501 0
55502 0
55503 0
55504 0
55505 0
55506 0
55507 0
55508 0
55509 0
55510 0
55511 0
55512 0
55513 0
55514 0
55515 0
55516 0
55517 0
55518 0
55519 0
55520 0
55521 0
55522 0
55523 0
55524 0
55525 0
55526 0
55527 0
55528 0
55529 0
55530 0
55531 0
55532 0
55533 0
55534 0
55535 0
55536 0
55537 0
55538 0
55539 0
55540 0
55541 0
55542 0
55543 0
55544 0
55545 0
55546 0
55547 0
55548 0
55549 0
55550 0
55551 0
55552 0
55553 0
55554 0
55555 0
55556 0
55557 0
55558 0
55559 0
55560 0
55561 0
55562 0
55563 0
55564 0
55565 0
55566 0
55567 0
55568 0
55569 0
55570 0
55571 0
55572 0
55573 0
55574 0
55575 0
55576 0
55577 0
55578 0
55579 0
55580 0
55581 0
55582 0
55583 0
55584 0
55585 0
55586 0
55587 0
55588 0
55589 0
55590 0
55591 0
55592 0
55593 0
55594 0
55595 0
55596 0
55597 0
55598 0
55599 0
55600 0
55601 0
55602 0
55603 0
55604 0
55605 0
55606 0
55607 0
55608 0
55609 0
55610 0
55611 0
55612 0
55613 0
55614 0
55615 0
55616 0
55617 0
55618 0
55619 0
55620 0
55621 0
55622 0
55623 0
55624 0
55625 0
55626 0
55627 0
55628 0
55629 0
55630 0
55631 0
55632 0
55633 0
55634 0
55635 0
55636 0
55637 0
55638 0
55639 0
55640 0
55641 0
55642 0
55643 0
55644 0
55645 0
55646 0
55647 0
55648 0
55649 0
55650 0
55651 0
55652 0
55653 0
55654 0
55655 0
55656 0
55657 0
55658 0
55659 0
55660 0
55661 0
55662 0
55663 0
55664 0
55665 0
55666 0
55667 0
55668 0
55669 0
55670 0
55671 0
55672 0
55673 0
55674 0
55675 0
55676 0
55677 0
55678 0
55679 0
55680 0
55681 0
55682 0
55683 0
55684 0
55685 0
55686 0
55687 0
55688 0
55689 0
55690 0
55691 0
55692 0
55693 0
55694 0
55695 0
55696 0
55697 0
55698 0
55699 0
55700 0
55701 0
55702 0
55703 0
55704 0
55705 0
55706 0
55707 0
55708 0
55709 0
55710 0
55711 0
55712 0
55713 0
55714 0
55715 0
55716 0
55717 0
55718 0
55719 0
55720 0
55721 0
55722 0
55723 0
55724 0
55725 0
55726 0
55727 0
55728 0
55729 0
55730 0
55731 0
55732 0
55733 0
55734 0
55735 0
55736 0
55737 0
55738 0
55739 0
55740 0
55741 0
55742 0
55743 0
55744 0
55745 0
55746 0
55747 0
55748 0
55749 0
55750 0
55751 0
55752 0
55753 0
55754 0
55755 0
55756 0
55757 0
55758 0
55759 0
55760 0
55761 0
55762 0
55763 0
55764 0
55765 0
55766 0
55767 0
55768 0
55769 0
55770 0
55771 0
55772 0
55773 0
55774 0
55775 0
55776 0
55777 0
55778 0
55779 0
55780 0
55781 0
55782 0
55783 0
55784 0
55785 0
55786 0
55787 0
55788 0
55789 0
55790 0
55791 0
55792 0
55793 0
55794 0
55795 0
55796 0
55797 0
55798 0
55799 0
55800 0
55801 0
55802 0
55803 0
55804 0
55805 0
55806 0
55807 0
55808 0
55809 0
55810 0
55811 0
55812 0
55813 0
55814 0
55815 0
55816 0
55817 0
55818 0
55819 0
55820 0
55821 0
55822 0
55823 0
55824 0
55825 0
55826 0
55827 0
55828 0
55829 0
55830 0
55831 0
55832 0
55833 0
55834 0
55835 0
55836 0
55837 0
55838 0
55839 0
55840 0
55841 0
55842 0
55843 0
55844 0
55845 0
55846 0
55847 0
55848 0
55849 0
55850 0
55851 0
55852 0
55853 0
55854 0
55855 0
55856 0
55857 0
55858 0
55859 0
55860 0
55861 0
55862 0
55863 0
55864 0
55865 0
55866 0
55867 0
55868 0
55869 0
55870 0
55871 0
55872 0
55873 0
55874 0
55875 0
55876 0
55877 0
55878 0
55879 0
55880 0
55881 0
55882 0
55883 0
55884 0
55885 0
55886 0
55887 0
55888 0
55889 0
55890 0
55891 0
55892 0
55893 0
55894 0
55895 0
55896 0
55897 0
55898 0
55899 0
55900 0
55901 0
55902 0
55903 0
55904 0
55905 0
55906 0
55907 0
55908 0
55909 0
55910 0
55911 0
55912 0
55913 0
55914 0
55915 0
55916 0
55917 0
55918 0
55919 0
55920 0
55921 0
55922 0
55923 0
55924 0
55925 0
55926 0
55927 0
55928 0
55929 0
55930 0
55931 0
55932 0
55933 0
55934 0
55935 0
55936 0
55937 0
55938 0
55939 0
55940 0
55941 0
55942 0
55943 0
55944 0
55945 0
55946 0
55947 0
55948 0
55949 0
55950 0
55951 0
55952 0
55953 0
55954 0
55955 0
55956 0
55957 0
55958 0
55959 0
55960 0
55961 0
55962 0
55963 0
55964 0
55965 0
55966 0
55967 0
55968 0
55969 0
55970 0
55971 0
55972 0
55973 0
55974 0
55975 0
55976 0
55977 0
55978 0
55979 0
55980 0
55981 0
55982 0
55983 0
55984 0
55985 0
55986 0
55987 0
55988 0
55989 0
55990 0
55991 0
55992 0
55993 0
55994 0
55995 0
55996 0
55997 0
55998 0
55999 0
56000 0
56001 0
56002 0
56003 0
56004 0
56005 0
56006 0
56007 0
56008 0
56009 0
56010 0
56011 0
56012 0
56013 0
56014 0
56015 0
56016 0
56017 0
56018 0
56019 0
56020 0
56021 0
56022 0
56023 0
56024 0
56025 0
56026 0
56027 0
56028 0
56029 0
56030 0
56031 0
56032 0
56033 0
56034 0
56035 0
56036 0
56037 0
56038 0
56039 0
56040 0
56041 0
56042 0
56043 0
56044 0
56045 0
56046 0
56047 0
56048 0
56049 0
56050 0
56051 0
56052 0
56053 0
56054 0
56055 0
56056 0
56057 0
56058 0
56059 0
56060 0
56061 0
56062 0
56063 0
56064 0
56065 0
56066 0
56067 0
56068 0
56069 0
56070 0
56071 0
56072 0
56073 0
56074 0
56075 0
56076 0
56077 0
56078 0
56079 0
56080 0
56081 0
56082 0
56083 0
56084 0
56085 0
56086 0
56087 0
56088 0
56089 0
56090 0
56091 0
56092 0
56093 0
56094 0
56095 0
56096 0
56097 0
56098 0
56099 0
56100 0
56101 0
56102 0
56103 0
56104 0
56105 0
56106 0
56107 0
56108 0
56109 0
56110 0
56111 0
56112 0
56113 0
56114 0
56115 0
56116 0
56117 0
56118 0
56119 0
56120 0
56121 0
56122 0
56123 0
56124 0
56125 0
56126 0
56127 0
56128 0
56129 0
56130 0
56131 0
56132 0
56133 0
56134 0
56135 0
56136 0
56137 0
56138 0
56139 0
56140 0
56141 0
56142 0
56143 0
56144 0
56145 0
56146 0
56147 0
56148 0
56149 0
56150 0
56151 0
56152 0
56153 0
56154 0
56155 0
56156 0
56157 0
56158 0
56159 0
56160 0
56161 0
56162 0
56163 0
56164 0
56165 0
56166 0
56167 0
56168 0
56169 0
56170 0
56171 0
56172 0
56173 0
56174 0
56175 0
56176 0
56177 0
56178 0
56179 0
56180 0
56181 0
56182 0
56183 0
56184 0
56185 0
56186 0
56187 0
56188 0
56189 0
56190 0
56191 0
56192 0
56193 0
56194 0
56195 0
56196 0
56197 0
56198 0
56199 0
56200 0
56201 0
56202 0
56203 0
56204 0
56205 0
56206 0
56207 0
56208 0
56209 0
56210 0
56211 0
56212 0
56213 0
56214 0
56215 0
56216 0
56217 0
56218 0
56219 0
56220 0
56221 0
56222 0
56223 0
56224 0
56225 0
56226 0
56227 0
56228 0
56229 0
56230 0
56231 0
56232 0
56233 0
56234 0
56235 0
56236 0
56237 0
56238 0
56239 0
56240 0
56241 0
56242 0
56243 0
56244 0
56245 0
56246 0
56247 0
56248 0
56249 0
56250 0
56251 0
56252 0
56253 0
56254 0
56255 0
56256 0
56257 0
56258 0
56259 0
56260 0
56261 0
56262 0
56263 0
56264 0
56265 0
56266 0
56267 0
56268 0
56269 0
56270 0
56271 0
56272 0
56273 0
56274 0
56275 0
56276 0
56277 0
56278 0
56279 0
56280 0
56281 0
56282 0
56283 0
56284 0
56285 0
56286 0
56287 0
56288 0
56289 0
56290 0
56291 0
56292 0
56293 0
56294 0
56295 0
56296 0
56297 0
56298 0
56299 0
56300 0
56301 0
56302 0
56303 0
56304 0
56305 0
56306 0
56307 0
56308 0
56309 0
56310 0
56311 0
56312 0
56313 0
56314 0
56315 0
56316 0
56317 0
56318 0
56319 0
56320 0
56321 0
56322 0
56323 0
56324 0
56325 0
56326 0
56327 0
56328 0
56329 0
56330 0
56331 0
56332 0
56333 0
56334 0
56335 0
56336 0
56337 0
56338 0
56339 0
56340 0
56341 0
56342 0
56343 0
56344 0
56345 0
56346 0
56347 0
56348 0
56349 0
56350 0
56351 0
56352 0
56353 0
56354 0
56355 0
56356 0
56357 0
56358 0
56359 0
56360 0
56361 0
56362 0
56363 0
56364 0
56365 0
56366 0
56367 0
56368 0
56369 0
56370 0
56371 0
56372 0
56373 0
56374 0
56375 0
56376 0
56377 0
56378 0
56379 0
56380 0
56381 0
56382 0
56383 0
56384 0
56385 0
56386 0
56387 0
56388 0
56389 0
56390 0
56391 0
56392 0
56393 0
56394 0
56395 0
56396 0
56397 0
56398 0
56399 0
56400 0
56401 0
56402 0
56403 0
56404 0
56405 0
56406 0
56407 0
56408 0
56409 0
56410 0
56411 0
56412 0
56413 0
56414 0
56415 0
56416 0
56417 0
56418 0
56419 0
56420 0
56421 0
56422 0
56423 0
56424 0
56425 0
56426 0
56427 0
56428 0
56429 0
56430 0
56431 0
56432 0
56433 0
56434 0
56435 0
56436 0
56437 0
56438 0
56439 0
56440 0
56441 0
56442 0
56443 0
56444 0
56445 0
56446 0
56447 0
56448 0
56449 0
56450 0
56451 0
56452 0
56453 0
56454 0
56455 0
56456 0
56457 0
56458 0
56459 0
56460 0
56461 0
56462 0
56463 0
56464 0
56465 0
56466 0
56467 0
56468 0
56469 0
56470 0
56471 0
56472 0
56473 0
56474 0
56475 0
56476 0
56477 0
56478 0
56479 0
56480 0
56481 0
56482 0
56483 0
56484 0
56485 0
56486 0
56487 0
56488 0
56489 0
56490 0
56491 0
56492 0
56493 0
56494 0
56495 0
56496 0
56497 0
56498 0
56499 0
56500 0
56501 0
56502 0
56503 0
56504 0
56505 0
56506 0
56507 0
56508 0
56509 0
56510 0
56511 0
56512 0
56513 0
56514 0
56515 0
56516 0
56517 0
56518 0
56519 0
56520 0
56521 0
56522 0
56523 0
56524 0
56525 0
56526 0
56527 0
56528 0
56529 0
56530 0
56531 0
56532 0
56533 0
56534 0
56535 0
56536 0
56537 0
56538 0
56539 0
56540 0
56541 0
56542 0
56543 0
56544 0
56545 0
56546 0
56547 0
56548 0
56549 0
56550 0
56551 0
56552 0
56553 0
56554 0
56555 0
56556 0
56557 0
56558 0
56559 0
56560 0
56561 0
56562 0
56563 0
56564 0
56565 0
56566 0
56567 0
56568 0
56569 0
56570 0
56571 0
56572 0
56573 0
56574 0
56575 0
56576 0
56577 0
56578 0
56579 0
56580 0
56581 0
56582 0
56583 0
56584 0
56585 0
56586 0
56587 0
56588 0
56589 0
56590 0
56591 0
56592 0
56593 0
56594 0
56595 0
56596 0
56597 0
56598 0
56599 0
56600 0
56601 0
56602 0
56603 0
56604 0
56605 0
56606 0
56607 0
56608 0
56609 0
56610 0
56611 0
56612 0
56613 0
56614 0
56615 0
56616 0
56617 0
56618 0
56619 0
56620 0
56621 0
56622 0
56623 0
56624 0
56625 0
56626 0
56627 0
56628 0
56629 0
56630 0
56631 0
56632 0
56633 0
56634 0
56635 0
56636 0
56637 0
56638 0
56639 0
56640 0
56641 0
56642 0
56643 0
56644 0
56645 0
56646 0
56647 0
56648 0
56649 0
56650 0
56651 0
56652 0
56653 0
56654 0
56655 0
56656 0
56657 0
56658 0
56659 0
56660 0
56661 0
56662 0
56663 0
56664 0
56665 0
56666 0
56667 0
56668 0
56669 0
56670 0
56671 0
56672 0
56673 0
56674 0
56675 0
56676 0
56677 0
56678 0
56679 0
56680 0
56681 0
56682 0
56683 0
56684 0
56685 0
56686 0
56687 0
56688 0
56689 0
56690 0
56691 0
56692 0
56693 0
56694 0
56695 0
56696 0
56697 0
56698 0
56699 0
56700 0
56701 0
56702 0
56703 0
56704 0
56705 0
56706 0
56707 0
56708 0
56709 0
56710 0
56711 0
56712 0
56713 0
56714 0
56715 0
56716 0
56717 0
56718 0
56719 0
56720 0
56721 0
56722 0
56723 0
56724 0
56725 0
56726 0
56727 0
56728 0
56729 0
56730 0
56731 0
56732 0
56733 0
56734 0
56735 0
56736 0
56737 0
56738 0
56739 0
56740 0
56741 0
56742 0
56743 0
56744 0
56745 0
56746 0
56747 0
56748 0
56749 0
56750 0
56751 0
56752 0
56753 0
56754 0
56755 0
56756 0
56757 0
56758 0
56759 0
56760 0
56761 0
56762 0
56763 0
56764 0
56765 0
56766 0
56767 0
56768 0
56769 0
56770 0
56771 0
56772 0
56773 0
56774 0
56775 0
56776 0
56777 0
56778 0
56779 0
56780 0
56781 0
56782 0
56783 0
56784 0
56785 0
56786 0
56787 0
56788 0
56789 0
56790 0
56791 0
56792 0
56793 0
56794 0
56795 0
56796 0
56797 0
56798 0
56799 0
56800 0
56801 0
56802 0
56803 0
56804 0
56805 0
56806 0
56807 0
56808 0
56809 0
56810 0
56811 0
56812 0
56813 0
56814 0
56815 0
56816 0
56817 0
56818 0
56819 0
56820 0
56821 0
56822 0
56823 0
56824 0
56825 0
56826 0
56827 0
56828 0
56829 0
56830 0
56831 0
56832 0
56833 0
56834 0
56835 0
56836 0
56837 0
56838 0
56839 0
56840 0
56841 0
56842 0
56843 0
56844 0
56845 0
56846 0
56847 0
56848 0
56849 0
56850 0
56851 0
56852 0
56853 0
56854 0
56855 0
56856 0
56857 0
56858 0
56859 0
56860 0
56861 0
56862 0
56863 0
56864 0
56865 0
56866 0
56867 0
56868 0
56869 0
56870 0
56871 0
56872 0
56873 0
56874 0
56875 0
56876 0
56877 0
56878 0
56879 0
56880 0
56881 0
56882 0
56883 0
56884 0
56885 0
56886 0
56887 0
56888 0
56889 0
56890 0
56891 0
56892 0
56893 0
56894 0
56895 0
56896 0
56897 0
56898 0
56899 0
56900 0
56901 0
56902 0
56903 0
56904 0
56905 0
56906 0
56907 0
56908 0
56909 0
56910 0
56911 0
56912 0
56913 0
56914 0
56915 0
56916 0
56917 0
56918 0
56919 0
56920 0
56921 0
56922 0
56923 0
56924 0
56925 0
56926 0
56927 0
56928 0
56929 0
56930 0
56931 0
56932 0
56933 0
56934 0
56935 0
56936 0
56937 0
56938 0
56939 0
56940 0
56941 0
56942 0
56943 0
56944 0
56945 0
56946 0
56947 0
56948 0
56949 0
56950 0
56951 0
56952 0
56953 0
56954 0
56955 0
56956 0
56957 0
56958 0
56959 0
56960 0
56961 0
56962 0
56963 0
56964 0
56965 0
56966 0
56967 0
56968 0
56969 0
56970 0
56971 0
56972 0
56973 0
56974 0
56975 0
56976 0
56977 0
56978 0
56979 0
56980 0
56981 0
56982 0
56983 0
56984 0
56985 0
56986 0
56987 0
56988 0
56989 0
56990 0
56991 0
56992 0
56993 0
56994 0
56995 0
56996 0
56997 0
56998 0
56999 0
57000 0
57001 0
57002 0
57003 0
57004 0
57005 0
57006 0
57007 0
57008 0
57009 0
57010 0
57011 0
57012 0
57013 0
57014 0
57015 0
57016 0
57017 0
57018 0
57019 0
57020 0
57021 0
57022 0
57023 0
57024 0
57025 0
57026 0
57027 0
57028 0
57029 0
57030 0
57031 0
57032 0
57033 0
57034 0
57035 0
57036 0
57037 0
57038 0
57039 0
57040 0
57041 0
57042 0
57043 0
57044 0
57045 0
57046 0
57047 0
57048 0
57049 0
57050 0
57051 0
57052 0
57053 0
57054 0
57055 0
57056 0
57057 0
57058 0
57059 0
57060 0
57061 0
57062 0
57063 0
57064 0
57065 0
57066 0
57067 0
57068 0
57069 0
57070 0
57071 0
57072 0
57073 0
57074 0
57075 0
57076 0
57077 0
57078 0
57079 0
57080 0
57081 0
57082 0
57083 0
57084 0
57085 0
57086 0
57087 0
57088 0
57089 0
57090 0
57091 0
57092 0
57093 0
57094 0
57095 0
57096 0
57097 0
57098 0
57099 0
57100 0
57101 0
57102 0
57103 0
57104 0
57105 0
57106 0
57107 0
57108 0
57109 0
57110 0
57111 0
57112 0
57113 0
57114 0
57115 0
57116 0
57117 0
57118 0
57119 0
57120 0
57121 0
57122 0
57123 0
57124 0
57125 0
57126 0
57127 0
57128 0
57129 0
57130 0
57131 0
57132 0
57133 0
57134 0
57135 0
57136 0
57137 0
57138 0
57139 0
57140 0
57141 0
57142 0
57143 0
57144 0
57145 0
57146 0
57147 0
57148 0
57149 0
57150 0
57151 0
57152 0
57153 0
57154 0
57155 0
57156 0
57157 0
57158 0
57159 0
57160 0
57161 0
57162 0
57163 0
57164 0
57165 0
57166 0
57167 0
57168 0
57169 0
57170 0
57171 0
57172 0
57173 0
57174 0
57175 0
57176 0
57177 0
57178 0
57179 0
57180 0
57181 0
57182 0
57183 0
57184 0
57185 0
57186 0
57187 0
57188 0
57189 0
57190 0
57191 0
57192 0
57193 0
57194 0
57195 0
57196 0
57197 0
57198 0
57199 0
57200 0
57201 0
57202 0
57203 0
57204 0
57205 0
57206 0
57207 0
57208 0
57209 0
57210 0
57211 0
57212 0
57213 0
57214 0
57215 0
57216 0
57217 0
57218 0
57219 0
57220 0
57221 0
57222 0
57223 0
57224 0
57225 0
57226 0
57227 0
57228 0
57229 0
57230 0
57231 0
57232 0
57233 0
57234 0
57235 0
57236 0
57237 0
57238 0
57239 0
57240 0
57241 0
57242 0
57243 0
57244 0
57245 0
57246 0
57247 0
57248 0
57249 0
57250 0
57251 0
57252 0
57253 0
57254 0
57255 0
57256 0
57257 0
57258 0
57259 0
57260 0
57261 0
57262 0
57263 0
57264 0
57265 0
57266 0
57267 0
57268 0
57269 0
57270 0
57271 0
57272 0
57273 0
57274 0
57275 0
57276 0
57277 0
57278 0
57279 0
57280 0
57281 0
57282 0
57283 0
57284 0
57285 0
57286 0
57287 0
57288 0
57289 0
57290 0
57291 0
57292 0
57293 0
57294 0
57295 0
57296 0
57297 0
57298 0
57299 0
57300 0
57301 0
57302 0
57303 0
57304 0
57305 0
57306 0
57307 0
57308 0
57309 0
57310 0
57311 0
57312 0
57313 0
57314 0
57315 0
57316 0
57317 0
57318 0
57319 0
57320 0
57321 0
57322 0
57323 0
57324 0
57325 0
57326 0
57327 0
57328 0
57329 0
57330 0
57331 0
57332 0
57333 0
57334 0
57335 0
57336 0
57337 0
57338 0
57339 0
57340 0
57341 0
57342 0
57343 0
57344 0
57345 0
57346 0
57347 0
57348 0
57349 0
57350 0
57351 0
57352 0
57353 0
57354 0
57355 0
57356 0
57357 0
57358 0
57359 0
57360 0
57361 0
57362 0
57363 0
57364 0
57365 0
57366 0
57367 0
57368 0
57369 0
57370 0
57371 0
57372 0
57373 0
57374 0
57375 0
57376 0
57377 0
57378 0
57379 0
57380 0
57381 0
57382 0
57383 0
57384 0
57385 0
57386 0
57387 0
57388 0
57389 0
57390 0
57391 0
57392 0
57393 0
57394 0
57395 0
57396 0
57397 0
57398 0
57399 0
57400 0
57401 0
57402 0
57403 0
57404 0
57405 0
57406 0
57407 0
57408 0
57409 0
57410 0
57411 0
57412 0
57413 0
57414 0
57415 0
57416 0
57417 0
57418 0
57419 0
57420 0
57421 0
57422 0
57423 0
57424 0
57425 0
57426 0
57427 0
57428 0
57429 0
57430 0
57431 0
57432 0
57433 0
57434 0
57435 0
57436 0
57437 0
57438 0
57439 0
57440 0
57441 0
57442 0
57443 0
57444 0
57445 0
57446 0
57447 0
57448 0
57449 0
57450 0
57451 0
57452 0
57453 0
57454 0
57455 0
57456 0
57457 0
57458 0
57459 0
57460 0
57461 0
57462 0
57463 0
57464 0
57465 0
57466 0
57467 0
57468 0
57469 0
57470 0
57471 0
57472 0
57473 0
57474 0
57475 0
57476 0
57477 0
57478 0
57479 0
57480 0
57481 0
57482 0
57483 0
57484 0
57485 0
57486 0
57487 0
57488 0
57489 0
57490 0
57491 0
57492 0
57493 0
57494 0
57495 0
57496 0
57497 0
57498 0
57499 0
57500 0
57501 0
57502 0
57503 0
57504 0
57505 0
57506 0
57507 0
57508 0
57509 0
57510 0
57511 0
57512 0
57513 0
57514 0
57515 0
57516 0
57517 0
57518 0
57519 0
57520 0
57521 0
57522 0
57523 0
57524 0
57525 0
57526 0
57527 0
57528 0
57529 0
57530 0
57531 0
57532 0
57533 0
57534 0
57535 0
57536 0
57537 0
57538 0
57539 0
57540 0
57541 0
57542 0
57543 0
57544 0
57545 0
57546 0
57547 0
57548 0
57549 0
57550 0
57551 0
57552 0
57553 0
57554 0
57555 0
57556 0
57557 0
57558 0
57559 0
57560 0
57561 0
57562 0
57563 0
57564 0
57565 0
57566 0
57567 0
57568 0
57569 0
57570 0
57571 0
57572 0
57573 0
57574 0
57575 0
57576 0
57577 0
57578 0
57579 0
57580 0
57581 0
57582 0
57583 0
57584 0
57585 0
57586 0
57587 0
57588 0
57589 0
57590 0
57591 0
57592 0
57593 0
57594 0
57595 0
57596 0
57597 0
57598 0
57599 0
57600 0
57601 0
57602 0
57603 0
57604 0
57605 0
57606 0
57607 0
57608 0
57609 0
57610 0
57611 0
57612 0
57613 0
57614 0
57615 0
57616 0
57617 0
57618 0
57619 0
57620 0
57621 0
57622 0
57623 0
57624 0
57625 0
57626 0
57627 0
57628 0
57629 0
57630 0
57631 0
57632 0
57633 0
57634 0
57635 0
57636 0
57637 0
57638 0
57639 0
57640 0
57641 0
57642 0
57643 0
57644 0
57645 0
57646 0
57647 0
57648 0
57649 0
57650 0
57651 0
57652 0
57653 0
57654 0
57655 0
57656 0
57657 0
57658 0
57659 0
57660 0
57661 0
57662 0
57663 0
57664 0
57665 0
57666 0
57667 0
57668 0
57669 0
57670 0
57671 0
57672 0
57673 0
57674 0
57675 0
57676 0
57677 0
57678 0
57679 0
57680 0
57681 0
57682 0
57683 0
57684 0
57685 0
57686 0
57687 0
57688 0
57689 0
57690 0
57691 0
57692 0
57693 0
57694 0
57695 0
57696 0
57697 0
57698 0
57699 0
57700 0
57701 0
57702 0
57703 0
57704 0
57705 0
57706 0
57707 0
57708 0
57709 0
57710 0
57711 0
57712 0
57713 0
57714 0
57715 0
57716 0
57717 0
57718 0
57719 0
57720 0
57721 0
57722 0
57723 0
57724 0
57725 0
57726 0
57727 0
57728 0
57729 0
57730 0
57731 0
57732 0
57733 0
57734 0
57735 0
57736 0
57737 0
57738 0
57739 0
57740 0
57741 0
57742 0
57743 0
57744 0
57745 0
57746 0
57747 0
57748 0
57749 0
57750 0
57751 0
57752 0
57753 0
57754 0
57755 0
57756 0
57757 0
57758 0
57759 0
57760 0
57761 0
57762 0
57763 0
57764 0
57765 0
57766 0
57767 0
57768 0
57769 0
57770 0
57771 0
57772 0
57773 0
57774 0
57775 0
57776 0
57777 0
57778 0
57779 0
57780 0
57781 0
57782 0
57783 0
57784 0
57785 0
57786 0
57787 0
57788 0
57789 0
57790 0
57791 0
57792 0
57793 0
57794 0
57795 0
57796 0
57797 0
57798 0
57799 0
57800 0
57801 0
57802 0
57803 0
57804 0
57805 0
57806 0
57807 0
57808 0
57809 0
57810 0
57811 0
57812 0
57813 0
57814 0
57815 0
57816 0
57817 0
57818 0
57819 0
57820 0
57821 0
57822 0
57823 0
57824 0
57825 0
57826 0
57827 0
57828 0
57829 0
57830 0
57831 0
57832 0
57833 0
57834 0
57835 0
57836 0
57837 0
57838 0
57839 0
57840 0
57841 0
57842 0
57843 0
57844 0
57845 0
57846 0
57847 0
57848 0
57849 0
57850 0
57851 0
57852 0
57853 0
57854 0
57855 0
57856 0
57857 0
57858 0
57859 0
57860 0
57861 0
57862 0
57863 0
57864 0
57865 0
57866 0
57867 0
57868 0
57869 0
57870 0
57871 0
57872 0
57873 0
57874 0
57875 0
57876 0
57877 0
57878 0
57879 0
57880 0
57881 0
57882 0
57883 0
57884 0
57885 0
57886 0
57887 0
57888 0
57889 0
57890 0
57891 0
57892 0
57893 0
57894 0
57895 0
57896 0
57897 0
57898 0
57899 0
57900 0
57901 0
57902 0
57903 0
57904 0
57905 0
57906 0
57907 0
57908 0
57909 0
57910 0
57911 0
57912 0
57913 0
57914 0
57915 0
57916 0
57917 0
57918 0
57919 0
57920 0
57921 0
57922 0
57923 0
57924 0
57925 0
57926 0
57927 0
57928 0
57929 0
57930 0
57931 0
57932 0
57933 0
57934 0
57935 0
57936 0
57937 0
57938 0
57939 0
57940 0
57941 0
57942 0
57943 0
57944 0
57945 0
57946 0
57947 0
57948 0
57949 0
57950 0
57951 0
57952 0
57953 0
57954 0
57955 0
57956 0
57957 0
57958 0
57959 0
57960 0
57961 0
57962 0
57963 0
57964 0
57965 0
57966 0
57967 0
57968 0
57969 0
57970 0
57971 0
57972 0
57973 0
57974 0
57975 0
57976 0
57977 0
57978 0
57979 0
57980 0
57981 0
57982 0
57983 0
57984 0
57985 0
57986 0
57987 0
57988 0
57989 0
57990 0
57991 0
57992 0
57993 0
57994 0
57995 0
57996 0
57997 0
57998 0
57999 0
58000 0
58001 0
58002 0
58003 0
58004 0
58005 0
58006 0
58007 0
58008 0
58009 0
58010 0
58011 0
58012 0
58013 0
58014 0
58015 0
58016 0
58017 0
58018 0
58019 0
58020 0
58021 0
58022 0
58023 0
58024 0
58025 0
58026 0
58027 0
58028 0
58029 0
58030 0
58031 0
58032 0
58033 0
58034 0
58035 0
58036 0
58037 0
58038 0
58039 0
58040 0
58041 0
58042 0
58043 0
58044 0
58045 0
58046 0
58047 0
58048 0
58049 0
58050 0
58051 0
58052 0
58053 0
58054 0
58055 0
58056 0
58057 0
58058 0
58059 0
58060 0
58061 0
58062 0
58063 0
58064 0
58065 0
58066 0
58067 0
58068 0
58069 0
58070 0
58071 0
58072 0
58073 0
58074 0
58075 0
58076 0
58077 0
58078 0
58079 0
58080 0
58081 0
58082 0
58083 0
58084 0
58085 0
58086 0
58087 0
58088 0
58089 0
58090 0
58091 0
58092 0
58093 0
58094 0
58095 0
58096 0
58097 0
58098 0
58099 0
58100 0
58101 0
58102 0
58103 0
58104 0
58105 0
58106 0
58107 0
58108 0
58109 0
58110 0
58111 0
58112 0
58113 0
58114 0
58115 0
58116 0
58117 0
58118 0
58119 0
58120 0
58121 0
58122 0
58123 0
58124 0
58125 0
58126 0
58127 0
58128 0
58129 0
58130 0
58131 0
58132 0
58133 0
58134 0
58135 0
58136 0
58137 0
58138 0
58139 0
58140 0
58141 0
58142 0
58143 0
58144 0
58145 0
58146 0
58147 0
58148 0
58149 0
58150 0
58151 0
58152 0
58153 0
58154 0
58155 0
58156 0
58157 0
58158 0
58159 0
58160 0
58161 0
58162 0
58163 0
58164 0
58165 0
58166 0
58167 0
58168 0
58169 0
58170 0
58171 0
58172 0
58173 0
58174 0
58175 0
58176 0
58177 0
58178 0
58179 0
58180 0
58181 0
58182 0
58183 0
58184 0
58185 0
58186 0
58187 0
58188 0
58189 0
58190 0
58191 0
58192 0
58193 0
58194 0
58195 0
58196 0
58197 0
58198 0
58199 0
58200 0
58201 0
58202 0
58203 0
58204 0
58205 0
58206 0
58207 0
58208 0
58209 0
58210 0
58211 0
58212 0
58213 0
58214 0
58215 0
58216 0
58217 0
58218 0
58219 0
58220 0
58221 0
58222 0
58223 0
58224 0
58225 0
58226 0
58227 0
58228 0
58229 0
58230 0
58231 0
58232 0
58233 0
58234 0
58235 0
58236 0
58237 0
58238 0
58239 0
58240 0
58241 0
58242 0
58243 0
58244 0
58245 0
58246 0
58247 0
58248 0
58249 0
58250 0
58251 0
58252 0
58253 0
58254 0
58255 0
58256 0
58257 0
58258 0
58259 0
58260 0
58261 0
58262 0
58263 0
58264 0
58265 0
58266 0
58267 0
58268 0
58269 0
58270 0
58271 0
58272 0
58273 0
58274 0
58275 0
58276 0
58277 0
58278 0
58279 0
58280 0
58281 0
58282 0
58283 0
58284 0
58285 0
58286 0
58287 0
58288 0
58289 0
58290 0
58291 0
58292 0
58293 0
58294 0
58295 0
58296 0
58297 0
58298 0
58299 0
58300 0
58301 0
58302 0
58303 0
58304 0
58305 0
58306 0
58307 0
58308 0
58309 0
58310 0
58311 0
58312 0
58313 0
58314 0
58315 0
58316 0
58317 0
58318 0
58319 0
58320 0
58321 0
58322 0
58323 0
58324 0
58325 0
58326 0
58327 0
58328 0
58329 0
58330 0
58331 0
58332 0
58333 0
58334 0
58335 0
58336 0
58337 0
58338 0
58339 0
58340 0
58341 0
58342 0
58343 0
58344 0
58345 0
58346 0
58347 0
58348 0
58349 0
58350 0
58351 0
58352 0
58353 0
58354 0
58355 0
58356 0
58357 0
58358 0
58359 0
58360 0
58361 0
58362 0
58363 0
58364 0
58365 0
58366 0
58367 0
58368 0
58369 0
58370 0
58371 0
58372 0
58373 0
58374 0
58375 0
58376 0
58377 0
58378 0
58379 0
58380 0
58381 0
58382 0
58383 0
58384 0
58385 0
58386 0
58387 0
58388 0
58389 0
58390 0
58391 0
58392 0
58393 0
58394 0
58395 0
58396 0
58397 0
58398 0
58399 0
58400 0
58401 0
58402 0
58403 0
58404 0
58405 0
58406 0
58407 0
58408 0
58409 0
58410 0
58411 0
58412 0
58413 0
58414 0
58415 0
58416 0
58417 0
58418 0
58419 0
58420 0
58421 0
58422 0
58423 0
58424 0
58425 0
58426 0
58427 0
58428 0
58429 0
58430 0
58431 0
58432 0
58433 0
58434 0
58435 0
58436 0
58437 0
58438 0
58439 0
58440 0
58441 0
58442 0
58443 0
58444 0
58445 0
58446 0
58447 0
58448 0
58449 0
58450 0
58451 0
58452 0
58453 0
58454 0
58455 0
58456 0
58457 0
58458 0
58459 0
58460 0
58461 0
58462 0
58463 0
58464 0
58465 0
58466 0
58467 0
58468 0
58469 0
58470 0
58471 0
58472 0
58473 0
58474 0
58475 0
58476 0
58477 0
58478 0
58479 0
58480 0
58481 0
58482 0
58483 0
58484 0
58485 0
58486 0
58487 0
58488 0
58489 0
58490 0
58491 0
58492 0
58493 0
58494 0
58495 0
58496 0
58497 0
58498 0
58499 0
58500 0
58501 0
58502 0
58503 0
58504 0
58505 0
58506 0
58507 0
58508 0
58509 0
58510 0
58511 0
58512 0
58513 0
58514 0
58515 0
58516 0
58517 0
58518 0
58519 0
58520 0
58521 0
58522 0
58523 0
58524 0
58525 0
58526 0
58527 0
58528 0
58529 0
58530 0
58531 0
58532 0
58533 0
58534 0
58535 0
58536 0
58537 0
58538 0
58539 0
58540 0
58541 0
58542 0
58543 0
58544 0
58545 0
58546 0
58547 0
58548 0
58549 0
58550 0
58551 0
58552 0
58553 0
58554 0
58555 0
58556 0
58557 0
58558 0
58559 0
58560 0
58561 0
58562 0
58563 0
58564 0
58565 0
58566 0
58567 0
58568 0
58569 0
58570 0
58571 0
58572 0
58573 0
58574 0
58575 0
58576 0
58577 0
58578 0
58579 0
58580 0
58581 0
58582 0
58583 0
58584 0
58585 0
58586 0
58587 0
58588 0
58589 0
58590 0
58591 0
58592 0
58593 0
58594 0
58595 0
58596 0
58597 0
58598 0
58599 0
58600 0
58601 0
58602 0
58603 0
58604 0
58605 0
58606 0
58607 0
58608 0
58609 0
58610 0
58611 0
58612 0
58613 0
58614 0
58615 0
58616 0
58617 0
58618 0
58619 0
58620 0
58621 0
58622 0
58623 0
58624 0
58625 0
58626 0
58627 0
58628 0
58629 0
58630 0
58631 0
58632 0
58633 0
58634 0
58635 0
58636 0
58637 0
58638 0
58639 0
58640 0
58641 0
58642 0
58643 0
58644 0
58645 0
58646 0
58647 0
58648 0
58649 0
58650 0
58651 0
58652 0
58653 0
58654 0
58655 0
58656 0
58657 0
58658 0
58659 0
58660 0
58661 0
58662 0
58663 0
58664 0
58665 0
58666 0
58667 0
58668 0
58669 0
58670 0
58671 0
58672 0
58673 0
58674 0
58675 0
58676 0
58677 0
58678 0
58679 0
58680 0
58681 0
58682 0
58683 0
58684 0
58685 0
58686 0
58687 0
58688 0
58689 0
58690 0
58691 0
58692 0
58693 0
58694 0
58695 0
58696 0
58697 0
58698 0
58699 0
58700 0
58701 0
58702 0
58703 0
58704 0
58705 0
58706 0
58707 0
58708 0
58709 0
58710 0
58711 0
58712 0
58713 0
58714 0
58715 0
58716 0
58717 0
58718 0
58719 0
58720 0
58721 0
58722 0
58723 0
58724 0
58725 0
58726 0
58727 0
58728 0
58729 0
58730 0
58731 0
58732 0
58733 0
58734 0
58735 0
58736 0
58737 0
58738 0
58739 0
58740 0
58741 0
58742 0
58743 0
58744 0
58745 0
58746 0
58747 0
58748 0
58749 0
58750 0
58751 0
58752 0
58753 0
58754 0
58755 0
58756 0
58757 0
58758 0
58759 0
58760 0
58761 0
58762 0
58763 0
58764 0
58765 0
58766 0
58767 0
58768 0
58769 0
58770 0
58771 0
58772 0
58773 0
58774 0
58775 0
58776 0
58777 0
58778 0
58779 0
58780 0
58781 0
58782 0
58783 0
58784 0
58785 0
58786 0
58787 0
58788 0
58789 0
58790 0
58791 0
58792 0
58793 0
58794 0
58795 0
58796 0
58797 0
58798 0
58799 0
58800 0
58801 0
58802 0
58803 0
58804 0
58805 0
58806 0
58807 0
58808 0
58809 0
58810 0
58811 0
58812 0
58813 0
58814 0
58815 0
58816 0
58817 0
58818 0
58819 0
58820 0
58821 0
58822 0
58823 0
58824 0
58825 0
58826 0
58827 0
58828 0
58829 0
58830 0
58831 0
58832 0
58833 0
58834 0
58835 0
58836 0
58837 0
58838 0
58839 0
58840 0
58841 0
58842 0
58843 0
58844 0
58845 0
58846 0
58847 0
58848 0
58849 0
58850 0
58851 0
58852 0
58853 0
58854 0
58855 0
58856 0
58857 0
58858 0
58859 0
58860 0
58861 0
58862 0
58863 0
58864 0
58865 0
58866 0
58867 0
58868 0
58869 0
58870 0
58871 0
58872 0
58873 0
58874 0
58875 0
58876 0
58877 0
58878 0
58879 0
58880 0
58881 0
58882 0
58883 0
58884 0
58885 0
58886 0
58887 0
58888 0
58889 0
58890 0
58891 0
58892 0
58893 0
58894 0
58895 0
58896 0
58897 0
58898 0
58899 0
58900 0
58901 0
58902 0
58903 0
58904 0
58905 0
58906 0
58907 0
58908 0
58909 0
58910 0
58911 0
58912 0
58913 0
58914 0
58915 0
58916 0
58917 0
58918 0
58919 0
58920 0
58921 0
58922 0
58923 0
58924 0
58925 0
58926 0
58927 0
58928 0
58929 0
58930 0
58931 0
58932 0
58933 0
58934 0
58935 0
58936 0
58937 0
58938 0
58939 0
58940 0
58941 0
58942 0
58943 0
58944 0
58945 0
58946 0
58947 0
58948 0
58949 0
58950 0
58951 0
58952 0
58953 0
58954 0
58955 0
58956 0
58957 0
58958 0
58959 0
58960 0
58961 0
58962 0
58963 0
58964 0
58965 0
58966 0
58967 0
58968 0
58969 0
58970 0
58971 0
58972 0
58973 0
58974 0
58975 0
58976 0
58977 0
58978 0
58979 0
58980 0
58981 0
58982 0
58983 0
58984 0
58985 0
58986 0
58987 0
58988 0
58989 0
58990 0
58991 0
58992 0
58993 0
58994 0
58995 0
58996 0
58997 0
58998 0
58999 0
59000 0
59001 0
59002 0
59003 0
59004 0
59005 0
59006 0
59007 0
59008 0
59009 0
59010 0
59011 0
59012 0
59013 0
59014 0
59015 0
59016 0
59017 0
59018 0
59019 0
59020 0
59021 0
59022 0
59023 0
59024 0
59025 0
59026 0
59027 0
59028 0
59029 0
59030 0
59031 0
59032 0
59033 0
59034 0
59035 0
59036 0
59037 0
59038 0
59039 0
59040 0
59041 0
59042 0
59043 0
59044 0
59045 0
59046 0
59047 0
59048 0
59049 0
59050 0
59051 0
59052 0
59053 0
59054 0
59055 0
59056 0
59057 0
59058 0
59059 0
59060 0
59061 0
59062 0
59063 0
59064 0
59065 0
59066 0
59067 0
59068 0
59069 0
59070 0
59071 0
59072 0
59073 0
59074 0
59075 0
59076 0
59077 0
59078 0
59079 0
59080 0
59081 0
59082 0
59083 0
59084 0
59085 0
59086 0
59087 0
59088 0
59089 0
59090 0
59091 0
59092 0
59093 0
59094 0
59095 0
59096 0
59097 0
59098 0
59099 0
59100 0
59101 0
59102 0
59103 0
59104 0
59105 0
59106 0
59107 0
59108 0
59109 0
59110 0
59111 0
59112 0
59113 0
59114 0
59115 0
59116 0
59117 0
59118 0
59119 0
59120 0
59121 0
59122 0
59123 0
59124 0
59125 0
59126 0
59127 0
59128 0
59129 0
59130 0
59131 0
59132 0
59133 0
59134 0
59135 0
59136 0
59137 0
59138 0
59139 0
59140 0
59141 0
59142 0
59143 0
59144 0
59145 0
59146 0
59147 0
59148 0
59149 0
59150 0
59151 0
59152 0
59153 0
59154 0
59155 0
59156 0
59157 0
59158 0
59159 0
59160 0
59161 0
59162 0
59163 0
59164 0
59165 0
59166 0
59167 0
59168 0
59169 0
59170 0
59171 0
59172 0
59173 0
59174 0
59175 0
59176 0
59177 0
59178 0
59179 0
59180 0
59181 0
59182 0
59183 0
59184 0
59185 0
59186 0
59187 0
59188 0
59189 0
59190 0
59191 0
59192 0
59193 0
59194 0
59195 0
59196 0
59197 0
59198 0
59199 0
59200 0
59201 0
59202 0
59203 0
59204 0
59205 0
59206 0
59207 0
59208 0
59209 0
59210 0
59211 0
59212 0
59213 0
59214 0
59215 0
59216 0
59217 0
59218 0
59219 0
59220 0
59221 0
59222 0
59223 0
59224 0
59225 0
59226 0
59227 0
59228 0
59229 0
59230 0
59231 0
59232 0
59233 0
59234 0
59235 0
59236 0
59237 0
59238 0
59239 0
59240 0
59241 0
59242 0
59243 0
59244 0
59245 0
59246 0
59247 0
59248 0
59249 0
59250 0
59251 0
59252 0
59253 0
59254 0
59255 0
59256 0
59257 0
59258 0
59259 0
59260 0
59261 0
59262 0
59263 0
59264 0
59265 0
59266 0
59267 0
59268 0
59269 0
59270 0
59271 0
59272 0
59273 0
59274 0
59275 0
59276 0
59277 0
59278 0
59279 0
59280 0
59281 0
59282 0
59283 0
59284 0
59285 0
59286 0
59287 0
59288 0
59289 0
59290 0
59291 0
59292 0
59293 0
59294 0
59295 0
59296 0
59297 0
59298 0
59299 0
59300 0
59301 0
59302 0
59303 0
59304 0
59305 0
59306 0
59307 0
59308 0
59309 0
59310 0
59311 0
59312 0
59313 0
59314 0
59315 0
59316 0
59317 0
59318 0
59319 0
59320 0
59321 0
59322 0
59323 0
59324 0
59325 0
59326 0
59327 0
59328 0
59329 0
59330 0
59331 0
59332 0
59333 0
59334 0
59335 0
59336 0
59337 0
59338 0
59339 0
59340 0
59341 0
59342 0
59343 0
59344 0
59345 0
59346 0
59347 0
59348 0
59349 0
59350 0
59351 0
59352 0
59353 0
59354 0
59355 0
59356 0
59357 0
59358 0
59359 0
59360 0
59361 0
59362 0
59363 0
59364 0
59365 0
59366 0
59367 0
59368 0
59369 0
59370 0
59371 0
59372 0
59373 0
59374 0
59375 0
59376 0
59377 0
59378 0
59379 0
59380 0
59381 0
59382 0
59383 0
59384 0
59385 0
59386 0
59387 0
59388 0
59389 0
59390 0
59391 0
59392 0
59393 0
59394 0
59395 0
59396 0
59397 0
59398 0
59399 0
59400 0
59401 0
59402 0
59403 0
59404 0
59405 0
59406 0
59407 0
59408 0
59409 0
59410 0
59411 0
59412 0
59413 0
59414 0
59415 0
59416 0
59417 0
59418 0
59419 0
59420 0
59421 0
59422 0
59423 0
59424 0
59425 0
59426 0
59427 0
59428 0
59429 0
59430 0
59431 0
59432 0
59433 0
59434 0
59435 0
59436 0
59437 0
59438 0
59439 0
59440 0
59441 0
59442 0
59443 0
59444 0
59445 0
59446 0
59447 0
59448 0
59449 0
59450 0
59451 0
59452 0
59453 0
59454 0
59455 0
59456 0
59457 0
59458 0
59459 0
59460 0
59461 0
59462 0
59463 0
59464 0
59465 0
59466 0
59467 0
59468 0
59469 0
59470 0
59471 0
59472 0
59473 0
59474 0
59475 0
59476 0
59477 0
59478 0
59479 0
59480 0
59481 0
59482 0
59483 0
59484 0
59485 0
59486 0
59487 0
59488 0
59489 0
59490 0
59491 0
59492 0
59493 0
59494 0
59495 0
59496 0
59497 0
59498 0
59499 0
59500 0
59501 0
59502 0
59503 0
59504 0
59505 0
59506 0
59507 0
59508 0
59509 0
59510 0
59511 0
59512 0
59513 0
59514 0
59515 0
59516 0
59517 0
59518 0
59519 0
59520 0
59521 0
59522 0
59523 0
59524 0
59525 0
59526 0
59527 0
59528 0
59529 0
59530 0
59531 0
59532 0
59533 0
59534 0
59535 0
59536 0
59537 0
59538 0
59539 0
59540 0
59541 0
59542 0
59543 0
59544 0
59545 0
59546 0
59547 0
59548 0
59549 0
59550 0
59551 0
59552 0
59553 0
59554 0
59555 0
59556 0
59557 0
59558 0
59559 0
59560 0
59561 0
59562 0
59563 0
59564 0
59565 0
59566 0
59567 0
59568 0
59569 0
59570 0
59571 0
59572 0
59573 0
59574 0
59575 0
59576 0
59577 0
59578 0
59579 0
59580 0
59581 0
59582 0
59583 0
59584 0
59585 0
59586 0
59587 0
59588 0
59589 0
59590 0
59591 0
59592 0
59593 0
59594 0
59595 0
59596 0
59597 0
59598 0
59599 0
59600 0
59601 0
59602 0
59603 0
59604 0
59605 0
59606 0
59607 0
59608 0
59609 0
59610 0
59611 0
59612 0
59613 0
59614 0
59615 0
59616 0
59617 0
59618 0
59619 0
59620 0
59621 0
59622 0
59623 0
59624 0
59625 0
59626 0
59627 0
59628 0
59629 0
59630 0
59631 0
59632 0
59633 0
59634 0
59635 0
59636 0
59637 0
59638 0
59639 0
59640 0
59641 0
59642 0
59643 0
59644 0
59645 0
59646 0
59647 0
59648 0
59649 0
59650 0
59651 0
59652 0
59653 0
59654 0
59655 0
59656 0
59657 0
59658 0
59659 0
59660 0
59661 0
59662 0
59663 0
59664 0
59665 0
59666 0
59667 0
59668 0
59669 0
59670 0
59671 0
59672 0
59673 0
59674 0
59675 0
59676 0
59677 0
59678 0
59679 0
59680 0
59681 0
59682 0
59683 0
59684 0
59685 0
59686 0
59687 0
59688 0
59689 0
59690 0
59691 0
59692 0
59693 0
59694 0
59695 0
59696 0
59697 0
59698 0
59699 0
59700 0
59701 0
59702 0
59703 0
59704 0
59705 0
59706 0
59707 0
59708 0
59709 0
59710 0
59711 0
59712 0
59713 0
59714 0
59715 0
59716 0
59717 0
59718 0
59719 0
59720 0
59721 0
59722 0
59723 0
59724 0
59725 0
59726 0
59727 0
59728 0
59729 0
59730 0
59731 0
59732 0
59733 0
59734 0
59735 0
59736 0
59737 0
59738 0
59739 0
59740 0
59741 0
59742 0
59743 0
59744 0
59745 0
59746 0
59747 0
59748 0
59749 0
59750 0
59751 0
59752 0
59753 0
59754 0
59755 0
59756 0
59757 0
59758 0
59759 0
59760 0
59761 0
59762 0
59763 0
59764 0
59765 0
59766 0
59767 0
59768 0
59769 0
59770 0
59771 0
59772 0
59773 0
59774 0
59775 0
59776 0
59777 0
59778 0
59779 0
59780 0
59781 0
59782 0
59783 0
59784 0
59785 0
59786 0
59787 0
59788 0
59789 0
59790 0
59791 0
59792 0
59793 0
59794 0
59795 0
59796 0
59797 0
59798 0
59799 0
59800 0
59801 0
59802 0
59803 0
59804 0
59805 0
59806 0
59807 0
59808 0
59809 0
59810 0
59811 0
59812 0
59813 0
59814 0
59815 0
59816 0
59817 0
59818 0
59819 0
59820 0
59821 0
59822 0
59823 0
59824 0
59825 0
59826 0
59827 0
59828 0
59829 0
59830 0
59831 0
59832 0
59833 0
59834 0
59835 0
59836 0
59837 0
59838 0
59839 0
59840 0
59841 0
59842 0
59843 0
59844 0
59845 0
59846 0
59847 0
59848 0
59849 0
59850 0
59851 0
59852 0
59853 0
59854 0
59855 0
59856 0
59857 0
59858 0
59859 0
59860 0
59861 0
59862 0
59863 0
59864 0
59865 0
59866 0
59867 0
59868 0
59869 0
59870 0
59871 0
59872 0
59873 0
59874 0
59875 0
59876 0
59877 0
59878 0
59879 0
59880 0
59881 0
59882 0
59883 0
59884 0
59885 0
59886 0
59887 0
59888 0
59889 0
59890 0
59891 0
59892 0
59893 0
59894 0
59895 0
59896 0
59897 0
59898 0
59899 0
59900 0
59901 0
59902 0
59903 0
59904 0
59905 0
59906 0
59907 0
59908 0
59909 0
59910 0
59911 0
59912 0
59913 0
59914 0
59915 0
59916 0
59917 0
59918 0
59919 0
59920 0
59921 0
59922 0
59923 0
59924 0
59925 0
59926 0
59927 0
59928 0
59929 0
59930 0
59931 0
59932 0
59933 0
59934 0
59935 0
59936 0
59937 0
59938 0
59939 0
59940 0
59941 0
59942 0
59943 0
59944 0
59945 0
59946 0
59947 0
59948 0
59949 0
59950 0
59951 0
59952 0
59953 0
59954 0
59955 0
59956 0
59957 0
59958 0
59959 0
59960 0
59961 0
59962 0
59963 0
59964 0
59965 0
59966 0
59967 0
59968 0
59969 0
59970 0
59971 0
59972 0
59973 0
59974 0
59975 0
59976 0
59977 0
59978 0
59979 0
59980 0
59981 0
59982 0
59983 0
59984 0
59985 0
59986 0
59987 0
59988 0
59989 0
59990 0
59991 0
59992 0
59993 0
59994 0
59995 0
59996 0
59997 0
59998 0
59999 0
60000 0
60001 0
60002 0
60003 0
60004 0
60005 0
60006 0
60007 0
60008 0
60009 0
60010 0
60011 0
60012 0
60013 0
60014 0
60015 0
60016 0
60017 0
60018 0
60019 0
60020 0
60021 0
60022 0
60023 0
60024 0
60025 0
60026 0
60027 0
60028 0
60029 0
60030 0
60031 0
60032 0
60033 0
60034 0
60035 0
60036 0
60037 0
60038 0
60039 0
60040 0
60041 0
60042 0
60043 0
60044 0
60045 0
60046 0
60047 0
60048 0
60049 0
60050 0
60051 0
60052 0
60053 0
60054 0
60055 0
60056 0
60057 0
60058 0
60059 0
60060 0
60061 0
60062 0
60063 0
60064 0
60065 0
60066 0
60067 0
60068 0
60069 0
60070 0
60071 0
60072 0
60073 0
60074 0
60075 0
60076 0
60077 0
60078 0
60079 0
60080 0
60081 0
60082 0
60083 0
60084 0
60085 0
60086 0
60087 0
60088 0
60089 0
60090 0
60091 0
60092 0
60093 0
60094 0
60095 0
60096 0
60097 0
60098 0
60099 0
60100 0
60101 0
60102 0
60103 0
60104 0
60105 0
60106 0
60107 0
60108 0
60109 0
60110 0
60111 0
60112 0
60113 0
60114 0
60115 0
60116 0
60117 0
60118 0
60119 0
60120 0
60121 0
60122 0
60123 0
60124 0
60125 0
60126 0
60127 0
60128 0
60129 0
60130 0
60131 0
60132 0
60133 0
60134 0
60135 0
60136 0
60137 0
60138 0
60139 0
60140 0
60141 0
60142 0
60143 0
60144 0
60145 0
60146 0
60147 0
60148 0
60149 0
60150 0
60151 0
60152 0
60153 0
60154 0
60155 0
60156 0
60157 0
60158 0
60159 0
60160 0
60161 0
60162 0
60163 0
60164 0
60165 0
60166 0
60167 0
60168 0
60169 0
60170 0
60171 0
60172 0
60173 0
60174 0
60175 0
60176 0
60177 0
60178 0
60179 0
60180 0
60181 0
60182 0
60183 0
60184 0
60185 0
60186 0
60187 0
60188 0
60189 0
60190 0
60191 0
60192 0
60193 0
60194 0
60195 0
60196 0
60197 0
60198 0
60199 0
60200 0
60201 0
60202 0
60203 0
60204 0
60205 0
60206 0
60207 0
60208 0
60209 0
60210 0
60211 0
60212 0
60213 0
60214 0
60215 0
60216 0
60217 0
60218 0
60219 0
60220 0
60221 0
60222 0
60223 0
60224 0
60225 0
60226 0
60227 0
60228 0
60229 0
60230 0
60231 0
60232 0
60233 0
60234 0
60235 0
60236 0
60237 0
60238 0
60239 0
60240 0
60241 0
60242 0
60243 0
60244 0
60245 0
60246 0
60247 0
60248 0
60249 0
60250 0
60251 0
60252 0
60253 0
60254 0
60255 0
60256 0
60257 0
60258 0
60259 0
60260 0
60261 0
60262 0
60263 0
60264 0
60265 0
60266 0
60267 0
60268 0
60269 0
60270 0
60271 0
60272 0
60273 0
60274 0
60275 0
60276 0
60277 0
60278 0
60279 0
60280 0
60281 0
60282 0
60283 0
60284 0
60285 0
60286 0
60287 0
60288 0
60289 0
60290 0
60291 0
60292 0
60293 0
60294 0
60295 0
60296 0
60297 0
60298 0
60299 0
60300 0
60301 0
60302 0
60303 0
60304 0
60305 0
60306 0
60307 0
60308 0
60309 0
60310 0
60311 0
60312 0
60313 0
60314 0
60315 0
60316 0
60317 0
60318 0
60319 0
60320 0
60321 0
60322 0
60323 0
60324 0
60325 0
60326 0
60327 0
60328 0
60329 0
60330 0
60331 0
60332 0
60333 0
60334 0
60335 0
60336 0
60337 0
60338 0
60339 0
60340 0
60341 0
60342 0
60343 0
60344 0
60345 0
60346 0
60347 0
60348 0
60349 0
60350 0
60351 0
60352 0
60353 0
60354 0
60355 0
60356 0
60357 0
60358 0
60359 0
60360 0
60361 0
60362 0
60363 0
60364 0
60365 0
60366 0
60367 0
60368 0
60369 0
60370 0
60371 0
60372 0
60373 0
60374 0
60375 0
60376 0
60377 0
60378 0
60379 0
60380 0
60381 0
60382 0
60383 0
60384 0
60385 0
60386 0
60387 0
60388 0
60389 0
60390 0
60391 0
60392 0
60393 0
60394 0
60395 0
60396 0
60397 0
60398 0
60399 0
60400 0
60401 0
60402 0
60403 0
60404 0
60405 0
60406 0
60407 0
60408 0
60409 0
60410 0
60411 0
60412 0
60413 0
60414 0
60415 0
60416 0
60417 0
60418 0
60419 0
60420 0
60421 0
60422 0
60423 0
60424 0
60425 0
60426 0
60427 0
60428 0
60429 0
60430 0
60431 0
60432 0
60433 0
60434 0
60435 0
60436 0
60437 0
60438 0
60439 0
60440 0
60441 0
60442 0
60443 0
60444 0
60445 0
60446 0
60447 0
60448 0
60449 0
60450 0
60451 0
60452 0
60453 0
60454 0
60455 0
60456 0
60457 0
60458 0
60459 0
60460 0
60461 0
60462 0
60463 0
60464 0
60465 0
60466 0
60467 0
60468 0
60469 0
60470 0
60471 0
60472 0
60473 0
60474 0
60475 0
60476 0
60477 0
60478 0
60479 0
60480 0
60481 0
60482 0
60483 0
60484 0
60485 0
60486 0
60487 0
60488 0
60489 0
60490 0
60491 0
60492 0
60493 0
60494 0
60495 0
60496 0
60497 0
60498 0
60499 0
60500 0
60501 0
60502 0
60503 0
60504 0
60505 0
60506 0
60507 0
60508 0
60509 0
60510 0
60511 0
60512 0
60513 0
60514 0
60515 0
60516 0
60517 0
60518 0
60519 0
60520 0
60521 0
60522 0
60523 0
60524 0
60525 0
60526 0
60527 0
60528 0
60529 0
60530 0
60531 0
60532 0
60533 0
60534 0
60535 0
60536 0
60537 0
60538 0
60539 0
60540 0
60541 0
60542 0
60543 0
60544 0
60545 0
60546 0
60547 0
60548 0
60549 0
60550 0
60551 0
60552 0
60553 0
60554 0
60555 0
60556 0
60557 0
60558 0
60559 0
60560 0
60561 0
60562 0
60563 0
60564 0
60565 0
60566 0
60567 0
60568 0
60569 0
60570 0
60571 0
60572 0
60573 0
60574 0
60575 0
60576 0
60577 0
60578 0
60579 0
60580 0
60581 0
60582 0
60583 0
60584 0
60585 0
60586 0
60587 0
60588 0
60589 0
60590 0
60591 0
60592 0
60593 0
60594 0
60595 0
60596 0
60597 0
60598 0
60599 0
60600 0
60601 0
60602 0
60603 0
60604 0
60605 0
60606 0
60607 0
60608 0
60609 0
60610 0
60611 0
60612 0
60613 0
60614 0
60615 0
60616 0
60617 0
60618 0
60619 0
60620 0
60621 0
60622 0
60623 0
60624 0
60625 0
60626 0
60627 0
60628 0
60629 0
60630 0
60631 0
60632 0
60633 0
60634 0
60635 0
60636 0
60637 0
60638 0
60639 0
60640 0
60641 0
60642 0
60643 0
60644 0
60645 0
60646 0
60647 0
60648 0
60649 0
60650 0
60651 0
60652 0
60653 0
60654 0
60655 0
60656 0
60657 0
60658 0
60659 0
60660 0
60661 0
60662 0
60663 0
60664 0
60665 0
60666 0
60667 0
60668 0
60669 0
60670 0
60671 0
60672 0
60673 0
60674 0
60675 0
60676 0
60677 0
60678 0
60679 0
60680 0
60681 0
60682 0
60683 0
60684 0
60685 0
60686 0
60687 0
60688 0
60689 0
60690 0
60691 0
60692 0
60693 0
60694 0
60695 0
60696 0
60697 0
60698 0
60699 0
60700 0
60701 0
60702 0
60703 0
60704 0
60705 0
60706 0
60707 0
60708 0
60709 0
60710 0
60711 0
60712 0
60713 0
60714 0
60715 0
60716 0
60717 0
60718 0
60719 0
60720 0
60721 0
60722 0
60723 0
60724 0
60725 0
60726 0
60727 0
60728 0
60729 0
60730 0
60731 0
60732 0
60733 0
60734 0
60735 0
60736 0
60737 0
60738 0
60739 0
60740 0
60741 0
60742 0
60743 0
60744 0
60745 0
60746 0
60747 0
60748 0
60749 0
60750 0
60751 0
60752 0
60753 0
60754 0
60755 0
60756 0
60757 0
60758 0
60759 0
60760 0
60761 0
60762 0
60763 0
60764 0
60765 0
60766 0
60767 0
60768 0
60769 0
60770 0
60771 0
60772 0
60773 0
60774 0
60775 0
60776 0
60777 0
60778 0
60779 0
60780 0
60781 0
60782 0
60783 0
60784 0
60785 0
60786 0
60787 0
60788 0
60789 0
60790 0
60791 0
60792 0
60793 0
60794 0
60795 0
60796 0
60797 0
60798 0
60799 0
60800 0
60801 0
60802 0
60803 0
60804 0
60805 0
60806 0
60807 0
60808 0
60809 0
60810 0
60811 0
60812 0
60813 0
60814 0
60815 0
60816 0
60817 0
60818 0
60819 0
60820 0
60821 0
60822 0
60823 0
60824 0
60825 0
60826 0
60827 0
60828 0
60829 0
60830 0
60831 0
60832 0
60833 0
60834 0
60835 0
60836 0
60837 0
60838 0
60839 0
60840 0
60841 0
60842 0
60843 0
60844 0
60845 0
60846 0
60847 0
60848 0
60849 0
60850 0
60851 0
60852 0
60853 0
60854 0
60855 0
60856 0
60857 0
60858 0
60859 0
60860 0
60861 0
60862 0
60863 0
60864 0
60865 0
60866 0
60867 0
60868 0
60869 0
60870 0
60871 0
60872 0
60873 0
60874 0
60875 0
60876 0
60877 0
60878 0
60879 0
60880 0
60881 0
60882 0
60883 0
60884 0
60885 0
60886 0
60887 0
60888 0
60889 0
60890 0
60891 0
60892 0
60893 0
60894 0
60895 0
60896 0
60897 0
60898 0
60899 0
60900 0
60901 0
60902 0
60903 0
60904 0
60905 0
60906 0
60907 0
60908 0
60909 0
60910 0
60911 0
60912 0
60913 0
60914 0
60915 0
60916 0
60917 0
60918 0
60919 0
60920 0
60921 0
60922 0
60923 0
60924 0
60925 0
60926 0
60927 0
60928 0
60929 0
60930 0
60931 0
60932 0
60933 0
60934 0
60935 0
60936 0
60937 0
60938 0
60939 0
60940 0
60941 0
60942 0
60943 0
60944 0
60945 0
60946 0
60947 0
60948 0
60949 0
60950 0
60951 0
60952 0
60953 0
60954 0
60955 0
60956 0
60957 0
60958 0
60959 0
60960 0
60961 0
60962 0
60963 0
60964 0
60965 0
60966 0
60967 0
60968 0
60969 0
60970 0
60971 0
60972 0
60973 0
60974 0
60975 0
60976 0
60977 0
60978 0
60979 0
60980 0
60981 0
60982 0
60983 0
60984 0
60985 0
60986 0
60987 0
60988 0
60989 0
60990 0
60991 0
60992 0
60993 0
60994 0
60995 0
60996 0
60997 0
60998 0
60999 0
61000 0
61001 0
61002 0
61003 0
61004 0
61005 0
61006 0
61007 0
61008 0
61009 0
61010 0
61011 0
61012 0
61013 0
61014 0
61015 0
61016 0
61017 0
61018 0
61019 0
61020 0
61021 0
61022 0
61023 0
61024 0
61025 0
61026 0
61027 0
61028 0
61029 0
61030 0
61031 0
61032 0
61033 0
61034 0
61035 0
61036 0
61037 0
61038 0
61039 0
61040 0
61041 0
61042 0
61043 0
61044 0
61045 0
61046 0
61047 0
61048 0
61049 0
61050 0
61051 0
61052 0
61053 0
61054 0
61055 0
61056 0
61057 0
61058 0
61059 0
61060 0
61061 0
61062 0
61063 0
61064 0
61065 0
61066 0
61067 0
61068 0
61069 0
61070 0
61071 0
61072 0
61073 0
61074 0
61075 0
61076 0
61077 0
61078 0
61079 0
61080 0
61081 0
61082 0
61083 0
61084 0
61085 0
61086 0
61087 0
61088 0
61089 0
61090 0
61091 0
61092 0
61093 0
61094 0
61095 0
61096 0
61097 0
61098 0
61099 0
61100 0
61101 0
61102 0
61103 0
61104 0
61105 0
61106 0
61107 0
61108 0
61109 0
61110 0
61111 0
61112 0
61113 0
61114 0
61115 0
61116 0
61117 0
61118 0
61119 0
61120 0
61121 0
61122 0
61123 0
61124 0
61125 0
61126 0
61127 0
61128 0
61129 0
61130 0
61131 0
61132 0
61133 0
61134 0
61135 0
61136 0
61137 0
61138 0
61139 0
61140 0
61141 0
61142 0
61143 0
61144 0
61145 0
61146 0
61147 0
61148 0
61149 0
61150 0
61151 0
61152 0
61153 0
61154 0
61155 0
61156 0
61157 0
61158 0
61159 0
61160 0
61161 0
61162 0
61163 0
61164 0
61165 0
61166 0
61167 0
61168 0
61169 0
61170 0
61171 0
61172 0
61173 0
61174 0
61175 0
61176 0
61177 0
61178 0
61179 0
61180 0
61181 0
61182 0
61183 0
61184 0
61185 0
61186 0
61187 0
61188 0
61189 0
61190 0
61191 0
61192 0
61193 0
61194 0
61195 0
61196 0
61197 0
61198 0
61199 0
61200 0
61201 0
61202 0
61203 0
61204 0
61205 0
61206 0
61207 0
61208 0
61209 0
61210 0
61211 0
61212 0
61213 0
61214 0
61215 0
61216 0
61217 0
61218 0
61219 0
61220 0
61221 0
61222 0
61223 0
61224 0
61225 0
61226 0
61227 0
61228 0
61229 0
61230 0
61231 0
61232 0
61233 0
61234 0
61235 0
61236 0
61237 0
61238 0
61239 0
61240 0
61241 0
61242 0
61243 0
61244 0
61245 0
61246 0
61247 0
61248 0
61249 0
61250 0
61251 0
61252 0
61253 0
61254 0
61255 0
61256 0
61257 0
61258 0
61259 0
61260 0
61261 0
61262 0
61263 0
61264 0
61265 0
61266 0
61267 0
61268 0
61269 0
61270 0
61271 0
61272 0
61273 0
61274 0
61275 0
61276 0
61277 0
61278 0
61279 0
61280 0
61281 0
61282 0
61283 0
61284 0
61285 0
61286 0
61287 0
61288 0
61289 0
61290 0
61291 0
61292 0
61293 0
61294 0
61295 0
61296 0
61297 0
61298 0
61299 0
61300 0
61301 0
61302 0
61303 0
61304 0
61305 0
61306 0
61307 0
61308 0
61309 0
61310 0
61311 0
61312 0
61313 0
61314 0
61315 0
61316 0
61317 0
61318 0
61319 0
61320 0
61321 0
61322 0
61323 0
61324 0
61325 0
61326 0
61327 0
61328 0
61329 0
61330 0
61331 0
61332 0
61333 0
61334 0
61335 0
61336 0
61337 0
61338 0
61339 0
61340 0
61341 0
61342 0
61343 0
61344 0
61345 0
61346 0
61347 0
61348 0
61349 0
61350 0
61351 0
61352 0
61353 0
61354 0
61355 0
61356 0
61357 0
61358 0
61359 0
61360 0
61361 0
61362 0
61363 0
61364 0
61365 0
61366 0
61367 0
61368 0
61369 0
61370 0
61371 0
61372 0
61373 0
61374 0
61375 0
61376 0
61377 0
61378 0
61379 0
61380 0
61381 0
61382 0
61383 0
61384 0
61385 0
61386 0
61387 0
61388 0
61389 0
61390 0
61391 0
61392 0
61393 0
61394 0
61395 0
61396 0
61397 0
61398 0
61399 0
61400 0
61401 0
61402 0
61403 0
61404 0
61405 0
61406 0
61407 0
61408 0
61409 0
61410 0
61411 0
61412 0
61413 0
61414 0
61415 0
61416 0
61417 0
61418 0
61419 0
61420 0
61421 0
61422 0
61423 0
61424 0
61425 0
61426 0
61427 0
61428 0
61429 0
61430 0
61431 0
61432 0
61433 0
61434 0
61435 0
61436 0
61437 0
61438 0
61439 0
61440 0
61441 0
61442 0
61443 0
61444 0
61445 0
61446 0
61447 0
61448 0
61449 0
61450 0
61451 0
61452 0
61453 0
61454 0
61455 0
61456 0
61457 0
61458 0
61459 0
61460 0
61461 0
61462 0
61463 0
61464 0
61465 0
61466 0
61467 0
61468 0
61469 0
61470 0
61471 0
61472 0
61473 0
61474 0
61475 0
61476 0
61477 0
61478 0
61479 0
61480 0
61481 0
61482 0
61483 0
61484 0
61485 0
61486 0
61487 0
61488 0
61489 0
61490 0
61491 0
61492 0
61493 0
61494 0
61495 0
61496 0
61497 0
61498 0
61499 0
61500 0
61501 0
61502 0
61503 0
61504 0
61505 0
61506 0
61507 0
61508 0
61509 0
61510 0
61511 0
61512 0
61513 0
61514 0
61515 0
61516 0
61517 0
61518 0
61519 0
61520 0
61521 0
61522 0
61523 0
61524 0
61525 0
61526 0
61527 0
61528 0
61529 0
61530 0
61531 0
61532 0
61533 0
61534 0
61535 0
61536 0
61537 0
61538 0
61539 0
61540 0
61541 0
61542 0
61543 0
61544 0
61545 0
61546 0
61547 0
61548 0
61549 0
61550 0
61551 0
61552 0
61553 0
61554 0
61555 0
61556 0
61557 0
61558 0
61559 0
61560 0
61561 0
61562 0
61563 0
61564 0
61565 0
61566 0
61567 0
61568 0
61569 0
61570 0
61571 0
61572 0
61573 0
61574 0
61575 0
61576 0
61577 0
61578 0
61579 0
61580 0
61581 0
61582 0
61583 0
61584 0
61585 0
61586 0
61587 0
61588 0
61589 0
61590 0
61591 0
61592 0
61593 0
61594 0
61595 0
61596 0
61597 0
61598 0
61599 0
61600 0
61601 0
61602 0
61603 0
61604 0
61605 0
61606 0
61607 0
61608 0
61609 0
61610 0
61611 0
61612 0
61613 0
61614 0
61615 0
61616 0
61617 0
61618 0
61619 0
61620 0
61621 0
61622 0
61623 0
61624 0
61625 0
61626 0
61627 0
61628 0
61629 0
61630 0
61631 0
61632 0
61633 0
61634 0
61635 0
61636 0
61637 0
61638 0
61639 0
61640 0
61641 0
61642 0
61643 0
61644 0
61645 0
61646 0
61647 0
61648 0
61649 0
61650 0
61651 0
61652 0
61653 0
61654 0
61655 0
61656 0
61657 0
61658 0
61659 0
61660 0
61661 0
61662 0
61663 0
61664 0
61665 0
61666 0
61667 0
61668 0
61669 0
61670 0
61671 0
61672 0
61673 0
61674 0
61675 0
61676 0
61677 0
61678 0
61679 0
61680 0
61681 0
61682 0
61683 0
61684 0
61685 0
61686 0
61687 0
61688 0
61689 0
61690 0
61691 0
61692 0
61693 0
61694 0
61695 0
61696 0
61697 0
61698 0
61699 0
61700 0
61701 0
61702 0
61703 0
61704 0
61705 0
61706 0
61707 0
61708 0
61709 0
61710 0
61711 0
61712 0
61713 0
61714 0
61715 0
61716 0
61717 0
61718 0
61719 0
61720 0
61721 0
61722 0
61723 0
61724 0
61725 0
61726 0
61727 0
61728 0
61729 0
61730 0
61731 0
61732 0
61733 0
61734 0
61735 0
61736 0
61737 0
61738 0
61739 0
61740 0
61741 0
61742 0
61743 0
61744 0
61745 0
61746 0
61747 0
61748 0
61749 0
61750 0
61751 0
61752 0
61753 0
61754 0
61755 0
61756 0
61757 0
61758 0
61759 0
61760 0
61761 0
61762 0
61763 0
61764 0
61765 0
61766 0
61767 0
61768 0
61769 0
61770 0
61771 0
61772 0
61773 0
61774 0
61775 0
61776 0
61777 0
61778 0
61779 0
61780 0
61781 0
61782 0
61783 0
61784 0
61785 0
61786 0
61787 0
61788 0
61789 0
61790 0
61791 0
61792 0
61793 0
61794 0
61795 0
61796 0
61797 0
61798 0
61799 0
61800 0
61801 0
61802 0
61803 0
61804 0
61805 0
61806 0
61807 0
61808 0
61809 0
61810 0
61811 0
61812 0
61813 0
61814 0
61815 0
61816 0
61817 0
61818 0
61819 0
61820 0
61821 0
61822 0
61823 0
61824 0
61825 0
61826 0
61827 0
61828 0
61829 0
61830 0
61831 0
61832 0
61833 0
61834 0
61835 0
61836 0
61837 0
61838 0
61839 0
61840 0
61841 0
61842 0
61843 0
61844 0
61845 0
61846 0
61847 0
61848 0
61849 0
61850 0
61851 0
61852 0
61853 0
61854 0
61855 0
61856 0
61857 0
61858 0
61859 0
61860 0
61861 0
61862 0
61863 0
61864 0
61865 0
61866 0
61867 0
61868 0
61869 0
61870 0
61871 0
61872 0
61873 0
61874 0
61875 0
61876 0
61877 0
61878 0
61879 0
61880 0
61881 0
61882 0
61883 0
61884 0
61885 0
61886 0
61887 0
61888 0
61889 0
61890 0
61891 0
61892 0
61893 0
61894 0
61895 0
61896 0
61897 0
61898 0
61899 0
61900 0
61901 0
61902 0
61903 0
61904 0
61905 0
61906 0
61907 0
61908 0
61909 0
61910 0
61911 0
61912 0
61913 0
61914 0
61915 0
61916 0
61917 0
61918 0
61919 0
61920 0
61921 0
61922 0
61923 0
61924 0
61925 0
61926 0
61927 0
61928 0
61929 0
61930 0
61931 0
61932 0
61933 0
61934 0
61935 0
61936 0
61937 0
61938 0
61939 0
61940 0
61941 0
61942 0
61943 0
61944 0
61945 0
61946 0
61947 0
61948 0
61949 0
61950 0
61951 0
61952 0
61953 0
61954 0
61955 0
61956 0
61957 0
61958 0
61959 0
61960 0
61961 0
61962 0
61963 0
61964 0
61965 0
61966 0
61967 0
61968 0
61969 0
61970 0
61971 0
61972 0
61973 0
61974 0
61975 0
61976 0
61977 0
61978 0
61979 0
61980 0
61981 0
61982 0
61983 0
61984 0
61985 0
61986 0
61987 0
61988 0
61989 0
61990 0
61991 0
61992 0
61993 0
61994 0
61995 0
61996 0
61997 0
61998 0
61999 0
62000 0
62001 0
62002 0
62003 0
62004 0
62005 0
62006 0
62007 0
62008 0
62009 0
62010 0
62011 0
62012 0
62013 0
62014 0
62015 0
62016 0
62017 0
62018 0
62019 0
62020 0
62021 0
62022 0
62023 0
62024 0
62025 0
62026 0
62027 0
62028 0
62029 0
62030 0
62031 0
62032 0
62033 0
62034 0
62035 0
62036 0
62037 0
62038 0
62039 0
62040 0
62041 0
62042 0
62043 0
62044 0
62045 0
62046 0
62047 0
62048 0
62049 0
62050 0
62051 0
62052 0
62053 0
62054 0
62055 0
62056 0
62057 0
62058 0
62059 0
62060 0
62061 0
62062 0
62063 0
62064 0
62065 0
62066 0
62067 0
62068 0
62069 0
62070 0
62071 0
62072 0
62073 0
62074 0
62075 0
62076 0
62077 0
62078 0
62079 0
62080 0
62081 0
62082 0
62083 0
62084 0
62085 0
62086 0
62087 0
62088 0
62089 0
62090 0
62091 0
62092 0
62093 0
62094 0
62095 0
62096 0
62097 0
62098 0
62099 0
62100 0
62101 0
62102 0
62103 0
62104 0
62105 0
62106 0
62107 0
62108 0
62109 0
62110 0
62111 0
62112 0
62113 0
62114 0
62115 0
62116 0
62117 0
62118 0
62119 0
62120 0
62121 0
62122 0
62123 0
62124 0
62125 0
62126 0
62127 0
62128 0
62129 0
62130 0
62131 0
62132 0
62133 0
62134 0
62135 0
62136 0
62137 0
62138 0
62139 0
62140 0
62141 0
62142 0
62143 0
62144 0
62145 0
62146 0
62147 0
62148 0
62149 0
62150 0
62151 0
62152 0
62153 0
62154 0
62155 0
62156 0
62157 0
62158 0
62159 0
62160 0
62161 0
62162 0
62163 0
62164 0
62165 0
62166 0
62167 0
62168 0
62169 0
62170 0
62171 0
62172 0
62173 0
62174 0
62175 0
62176 0
62177 0
62178 0
62179 0
62180 0
62181 0
62182 0
62183 0
62184 0
62185 0
62186 0
62187 0
62188 0
62189 0
62190 0
62191 0
62192 0
62193 0
62194 0
62195 0
62196 0
62197 0
62198 0
62199 0
62200 0
62201 0
62202 0
62203 0
62204 0
62205 0
62206 0
62207 0
62208 0
62209 0
62210 0
62211 0
62212 0
62213 0
62214 0
62215 0
62216 0
62217 0
62218 0
62219 0
62220 0
62221 0
62222 0
62223 0
62224 0
62225 0
62226 0
62227 0
62228 0
62229 0
62230 0
62231 0
62232 0
62233 0
62234 0
62235 0
62236 0
62237 0
62238 0
62239 0
62240 0
62241 0
62242 0
62243 0
62244 0
62245 0
62246 0
62247 0
62248 0
62249 0
62250 0
62251 0
62252 0
62253 0
62254 0
62255 0
62256 0
62257 0
62258 0
62259 0
62260 0
62261 0
62262 0
62263 0
62264 0
62265 0
62266 0
62267 0
62268 0
62269 0
62270 0
62271 0
62272 0
62273 0
62274 0
62275 0
62276 0
62277 0
62278 0
62279 0
62280 0
62281 0
62282 0
62283 0
62284 0
62285 0
62286 0
62287 0
62288 0
62289 0
62290 0
62291 0
62292 0
62293 0
62294 0
62295 0
62296 0
62297 0
62298 0
62299 0
62300 0
62301 0
62302 0
62303 0
62304 0
62305 0
62306 0
62307 0
62308 0
62309 0
62310 0
62311 0
62312 0
62313 0
62314 0
62315 0
62316 0
62317 0
62318 0
62319 0
62320 0
62321 0
62322 0
62323 0
62324 0
62325 0
62326 0
62327 0
62328 0
62329 0
62330 0
62331 0
62332 0
62333 0
62334 0
62335 0
62336 0
62337 0
62338 0
62339 0
62340 0
62341 0
62342 0
62343 0
62344 0
62345 0
62346 0
62347 0
62348 0
62349 0
62350 0
62351 0
62352 0
62353 0
62354 0
62355 0
62356 0
62357 0
62358 0
62359 0
62360 0
62361 0
62362 0
62363 0
62364 0
62365 0
62366 0
62367 0
62368 0
62369 0
62370 0
62371 0
62372 0
62373 0
62374 0
62375 0
62376 0
62377 0
62378 0
62379 0
62380 0
62381 0
62382 0
62383 0
62384 0
62385 0
62386 0
62387 0
62388 0
62389 0
62390 0
62391 0
62392 0
62393 0
62394 0
62395 0
62396 0
62397 0
62398 0
62399 0
62400 0
62401 0
62402 0
62403 0
62404 0
62405 0
62406 0
62407 0
62408 0
62409 0
62410 0
62411 0
62412 0
62413 0
62414 0
62415 0
62416 0
62417 0
62418 0
62419 0
62420 0
62421 0
62422 0
62423 0
62424 0
62425 0
62426 0
62427 0
62428 0
62429 0
62430 0
62431 0
62432 0
62433 0
62434 0
62435 0
62436 0
62437 0
62438 0
62439 0
62440 0
62441 0
62442 0
62443 0
62444 0
62445 0
62446 0
62447 0
62448 0
62449 0
62450 0
62451 0
62452 0
62453 0
62454 0
62455 0
62456 0
62457 0
62458 0
62459 0
62460 0
62461 0
62462 0
62463 0
62464 0
62465 0
62466 0
62467 0
62468 0
62469 0
62470 0
62471 0
62472 0
62473 0
62474 0
62475 0
62476 0
62477 0
62478 0
62479 0
62480 0
62481 0
62482 0
62483 0
62484 0
62485 0
62486 0
62487 0
62488 0
62489 0
62490 0
62491 0
62492 0
62493 0
62494 0
62495 0
62496 0
62497 0
62498 0
62499 0
62500 0
62501 0
62502 0
62503 0
62504 0
62505 0
62506 0
62507 0
62508 0
62509 0
62510 0
62511 0
62512 0
62513 0
62514 0
62515 0
62516 0
62517 0
62518 0
62519 0
62520 0
62521 0
62522 0
62523 0
62524 0
62525 0
62526 0
62527 0
62528 0
62529 0
62530 0
62531 0
62532 0
62533 0
62534 0
62535 0
62536 0
62537 0
62538 0
62539 0
62540 0
62541 0
62542 0
62543 0
62544 0
62545 0
62546 0
62547 0
62548 0
62549 0
62550 0
62551 0
62552 0
62553 0
62554 0
62555 0
62556 0
62557 0
62558 0
62559 0
62560 0
62561 0
62562 0
62563 0
62564 0
62565 0
62566 0
62567 0
62568 0
62569 0
62570 0
62571 0
62572 0
62573 0
62574 0
62575 0
62576 0
62577 0
62578 0
62579 0
62580 0
62581 0
62582 0
62583 0
62584 0
62585 0
62586 0
62587 0
62588 0
62589 0
62590 0
62591 0
62592 0
62593 0
62594 0
62595 0
62596 0
62597 0
62598 0
62599 0
62600 0
62601 0
62602 0
62603 0
62604 0
62605 0
62606 0
62607 0
62608 0
62609 0
62610 0
62611 0
62612 0
62613 0
62614 0
62615 0
62616 0
62617 0
62618 0
62619 0
62620 0
62621 0
62622 0
62623 0
62624 0
62625 0
62626 0
62627 0
62628 0
62629 0
62630 0
62631 0
62632 0
62633 0
62634 0
62635 0
62636 0
62637 0
62638 0
62639 0
62640 0
62641 0
62642 0
62643 0
62644 0
62645 0
62646 0
62647 0
62648 0
62649 0
62650 0
62651 0
62652 0
62653 0
62654 0
62655 0
62656 0
62657 0
62658 0
62659 0
62660 0
62661 0
62662 0
62663 0
62664 0
62665 0
62666 0
62667 0
62668 0
62669 0
62670 0
62671 0
62672 0
62673 0
62674 0
62675 0
62676 0
62677 0
62678 0
62679 0
62680 0
62681 0
62682 0
62683 0
62684 0
62685 0
62686 0
62687 0
62688 0
62689 0
62690 0
62691 0
62692 0
62693 0
62694 0
62695 0
62696 0
62697 0
62698 0
62699 0
62700 0
62701 0
62702 0
62703 0
62704 0
62705 0
62706 0
62707 0
62708 0
62709 0
62710 0
62711 0
62712 0
62713 0
62714 0
62715 0
62716 0
62717 0
62718 0
62719 0
62720 0
62721 0
62722 0
62723 0
62724 0
62725 0
62726 0
62727 0
62728 0
62729 0
62730 0
62731 0
62732 0
62733 0
62734 0
62735 0
62736 0
62737 0
62738 0
62739 0
62740 0
62741 0
62742 0
62743 0
62744 0
62745 0
62746 0
62747 0
62748 0
62749 0
62750 0
62751 0
62752 0
62753 0
62754 0
62755 0
62756 0
62757 0
62758 0
62759 0
62760 0
62761 0
62762 0
62763 0
62764 0
62765 0
62766 0
62767 0
62768 0
62769 0
62770 0
62771 0
62772 0
62773 0
62774 0
62775 0
62776 0
62777 0
62778 0
62779 0
62780 0
62781 0
62782 0
62783 0
62784 0
62785 0
62786 0
62787 0
62788 0
62789 0
62790 0
62791 0
62792 0
62793 0
62794 0
62795 0
62796 0
62797 0
62798 0
62799 0
62800 0
62801 0
62802 0
62803 0
62804 0
62805 0
62806 0
62807 0
62808 0
62809 0
62810 0
62811 0
62812 0
62813 0
62814 0
62815 0
62816 0
62817 0
62818 0
62819 0
62820 0
62821 0
62822 0
62823 0
62824 0
62825 0
62826 0
62827 0
62828 0
62829 0
62830 0
62831 0
62832 0
62833 0
62834 0
62835 0
62836 0
62837 0
62838 0
62839 0
62840 0
62841 0
62842 0
62843 0
62844 0
62845 0
62846 0
62847 0
62848 0
62849 0
62850 0
62851 0
62852 0
62853 0
62854 0
62855 0
62856 0
62857 0
62858 0
62859 0
62860 0
62861 0
62862 0
62863 0
62864 0
62865 0
62866 0
62867 0
62868 0
62869 0
62870 0
62871 0
62872 0
62873 0
62874 0
62875 0
62876 0
62877 0
62878 0
62879 0
62880 0
62881 0
62882 0
62883 0
62884 0
62885 0
62886 0
62887 0
62888 0
62889 0
62890 0
62891 0
62892 0
62893 0
62894 0
62895 0
62896 0
62897 0
62898 0
62899 0
62900 0
62901 0
62902 0
62903 0
62904 0
62905 0
62906 0
62907 0
62908 0
62909 0
62910 0
62911 0
62912 0
62913 0
62914 0
62915 0
62916 0
62917 0
62918 0
62919 0
62920 0
62921 0
62922 0
62923 0
62924 0
62925 0
62926 0
62927 0
62928 0
62929 0
62930 0
62931 0
62932 0
62933 0
62934 0
62935 0
62936 0
62937 0
62938 0
62939 0
62940 0
62941 0
62942 0
62943 0
62944 0
62945 0
62946 0
62947 0
62948 0
62949 0
62950 0
62951 0
62952 0
62953 0
62954 0
62955 0
62956 0
62957 0
62958 0
62959 0
62960 0
62961 0
62962 0
62963 0
62964 0
62965 0
62966 0
62967 0
62968 0
62969 0
62970 0
62971 0
62972 0
62973 0
62974 0
62975 0
62976 0
62977 0
62978 0
62979 0
62980 0
62981 0
62982 0
62983 0
62984 0
62985 0
62986 0
62987 0
62988 0
62989 0
62990 0
62991 0
62992 0
62993 0
62994 0
62995 0
62996 0
62997 0
62998 0
62999 0
63000 0
63001 0
63002 0
63003 0
63004 0
63005 0
63006 0
63007 0
63008 0
63009 0
63010 0
63011 0
63012 0
63013 0
63014 0
63015 0
63016 0
63017 0
63018 0
63019 0
63020 0
63021 0
63022 0
63023 0
63024 0
63025 0
63026 0
63027 0
63028 0
63029 0
63030 0
63031 0
63032 0
63033 0
63034 0
63035 0
63036 0
63037 0
63038 0
63039 0
63040 0
63041 0
63042 0
63043 0
63044 0
63045 0
63046 0
63047 0
63048 0
63049 0
63050 0
63051 0
63052 0
63053 0
63054 0
63055 0
63056 0
63057 0
63058 0
63059 0
63060 0
63061 0
63062 0
63063 0
63064 0
63065 0
63066 0
63067 0
63068 0
63069 0
63070 0
63071 0
63072 0
63073 0
63074 0
63075 0
63076 0
63077 0
63078 0
63079 0
63080 0
63081 0
63082 0
63083 0
63084 0
63085 0
63086 0
63087 0
63088 0
63089 0
63090 0
63091 0
63092 0
63093 0
63094 0
63095 0
63096 0
63097 0
63098 0
63099 0
63100 0
63101 0
63102 0
63103 0
63104 0
63105 0
63106 0
63107 0
63108 0
63109 0
63110 0
63111 0
63112 0
63113 0
63114 0
63115 0
63116 0
63117 0
63118 0
63119 0
63120 0
63121 0
63122 0
63123 0
63124 0
63125 0
63126 0
63127 0
63128 0
63129 0
63130 0
63131 0
63132 0
63133 0
63134 0
63135 0
63136 0
63137 0
63138 0
63139 0
63140 0
63141 0
63142 0
63143 0
63144 0
63145 0
63146 0
63147 0
63148 0
63149 0
63150 0
63151 0
63152 0
63153 0
63154 0
63155 0
63156 0
63157 0
63158 0
63159 0
63160 0
63161 0
63162 0
63163 0
63164 0
63165 0
63166 0
63167 0
63168 0
63169 0
63170 0
63171 0
63172 0
63173 0
63174 0
63175 0
63176 0
63177 0
63178 0
63179 0
63180 0
63181 0
63182 0
63183 0
63184 0
63185 0
63186 0
63187 0
63188 0
63189 0
63190 0
63191 0
63192 0
63193 0
63194 0
63195 0
63196 0
63197 0
63198 0
63199 0
63200 0
63201 0
63202 0
63203 0
63204 0
63205 0
63206 0
63207 0
63208 0
63209 0
63210 0
63211 0
63212 0
63213 0
63214 0
63215 0
63216 0
63217 0
63218 0
63219 0
63220 0
63221 0
63222 0
63223 0
63224 0
63225 0
63226 0
63227 0
63228 0
63229 0
63230 0
63231 0
63232 0
63233 0
63234 0
63235 0
63236 0
63237 0
63238 0
63239 0
63240 0
63241 0
63242 0
63243 0
63244 0
63245 0
63246 0
63247 0
63248 0
63249 0
63250 0
63251 0
63252 0
63253 0
63254 0
63255 0
63256 0
63257 0
63258 0
63259 0
63260 0
63261 0
63262 0
63263 0
63264 0
63265 0
63266 0
63267 0
63268 0
63269 0
63270 0
63271 0
63272 0
63273 0
63274 0
63275 0
63276 0
63277 0
63278 0
63279 0
63280 0
63281 0
63282 0
63283 0
63284 0
63285 0
63286 0
63287 0
63288 0
63289 0
63290 0
63291 0
63292 0
63293 0
63294 0
63295 0
63296 0
63297 0
63298 0
63299 0
63300 0
63301 0
63302 0
63303 0
63304 0
63305 0
63306 0
63307 0
63308 0
63309 0
63310 0
63311 0
63312 0
63313 0
63314 0
63315 0
63316 0
63317 0
63318 0
63319 0
63320 0
63321 0
63322 0
63323 0
63324 0
63325 0
63326 0
63327 0
63328 0
63329 0
63330 0
63331 0
63332 0
63333 0
63334 0
63335 0
63336 0
63337 0
63338 0
63339 0
63340 0
63341 0
63342 0
63343 0
63344 0
63345 0
63346 0
63347 0
63348 0
63349 0
63350 0
63351 0
63352 0
63353 0
63354 0
63355 0
63356 0
63357 0
63358 0
63359 0
63360 0
63361 0
63362 0
63363 0
63364 0
63365 0
63366 0
63367 0
63368 0
63369 0
63370 0
63371 0
63372 0
63373 0
63374 0
63375 0
63376 0
63377 0
63378 0
63379 0
63380 0
63381 0
63382 0
63383 0
63384 0
63385 0
63386 0
63387 0
63388 0
63389 0
63390 0
63391 0
63392 0
63393 0
63394 0
63395 0
63396 0
63397 0
63398 0
63399 0
63400 0
63401 0
63402 0
63403 0
63404 0
63405 0
63406 0
63407 0
63408 0
63409 0
63410 0
63411 0
63412 0
63413 0
63414 0
63415 0
63416 0
63417 0
63418 0
63419 0
63420 0
63421 0
63422 0
63423 0
63424 0
63425 0
63426 0
63427 0
63428 0
63429 0
63430 0
63431 0
63432 0
63433 0
63434 0
63435 0
63436 0
63437 0
63438 0
63439 0
63440 0
63441 0
63442 0
63443 0
63444 0
63445 0
63446 0
63447 0
63448 0
63449 0
63450 0
63451 0
63452 0
63453 0
63454 0
63455 0
63456 0
63457 0
63458 0
63459 0
63460 0
63461 0
63462 0
63463 0
63464 0
63465 0
63466 0
63467 0
63468 0
63469 0
63470 0
63471 0
63472 0
63473 0
63474 0
63475 0
63476 0
63477 0
63478 0
63479 0
63480 0
63481 0
63482 0
63483 0
63484 0
63485 0
63486 0
63487 0
63488 0
63489 0
63490 0
63491 0
63492 0
63493 0
63494 0
63495 0
63496 0
63497 0
63498 0
63499 0
63500 0
63501 0
63502 0
63503 0
63504 0
63505 0
63506 0
63507 0
63508 0
63509 0
63510 0
63511 0
63512 0
63513 0
63514 0
63515 0
63516 0
63517 0
63518 0
63519 0
63520 0
63521 0
63522 0
63523 0
63524 0
63525 0
63526 0
63527 0
63528 0
63529 0
63530 0
63531 0
63532 0
63533 0
63534 0
63535 0
63536 0
63537 0
63538 0
63539 0
63540 0
63541 0
63542 0
63543 0
63544 0
63545 0
63546 0
63547 0
63548 0
63549 0
63550 0
63551 0
63552 0
63553 0
63554 0
63555 0
63556 0
63557 0
63558 0
63559 0
63560 0
63561 0
63562 0
63563 0
63564 0
63565 0
63566 0
63567 0
63568 0
63569 0
63570 0
63571 0
63572 0
63573 0
63574 0
63575 0
63576 0
63577 0
63578 0
63579 0
63580 0
63581 0
63582 0
63583 0
63584 0
63585 0
63586 0
63587 0
63588 0
63589 0
63590 0
63591 0
63592 0
63593 0
63594 0
63595 0
63596 0
63597 0
63598 0
63599 0
63600 0
63601 0
63602 0
63603 0
63604 0
63605 0
63606 0
63607 0
63608 0
63609 0
63610 0
63611 0
63612 0
63613 0
63614 0
63615 0
63616 0
63617 0
63618 0
63619 0
63620 0
63621 0
63622 0
63623 0
63624 0
63625 0
63626 0
63627 0
63628 0
63629 0
63630 0
63631 0
63632 0
63633 0
63634 0
63635 0
63636 0
63637 0
63638 0
63639 0
63640 0
63641 0
63642 0
63643 0
63644 0
63645 0
63646 0
63647 0
63648 0
63649 0
63650 0
63651 0
63652 0
63653 0
63654 0
63655 0
63656 0
63657 0
63658 0
63659 0
63660 0
63661 0
63662 0
63663 0
63664 0
63665 0
63666 0
63667 0
63668 0
63669 0
63670 0
63671 0
63672 0
63673 0
63674 0
63675 0
63676 0
63677 0
63678 0
63679 0
63680 0
63681 0
63682 0
63683 0
63684 0
63685 0
63686 0
63687 0
63688 0
63689 0
63690 0
63691 0
63692 0
63693 0
63694 0
63695 0
63696 0
63697 0
63698 0
63699 0
63700 0
63701 0
63702 0
63703 0
63704 0
63705 0
63706 0
63707 0
63708 0
63709 0
63710 0
63711 0
63712 0
63713 0
63714 0
63715 0
63716 0
63717 0
63718 0
63719 0
63720 0
63721 0
63722 0
63723 0
63724 0
63725 0
63726 0
63727 0
63728 0
63729 0
63730 0
63731 0
63732 0
63733 0
63734 0
63735 0
63736 0
63737 0
63738 0
63739 0
63740 0
63741 0
63742 0
63743 0
63744 0
63745 0
63746 0
63747 0
63748 0
63749 0
63750 0
63751 0
63752 0
63753 0
63754 0
63755 0
63756 0
63757 0
63758 0
63759 0
63760 0
63761 0
63762 0
63763 0
63764 0
63765 0
63766 0
63767 0
63768 0
63769 0
63770 0
63771 0
63772 0
63773 0
63774 0
63775 0
63776 0
63777 0
63778 0
63779 0
63780 0
63781 0
63782 0
63783 0
63784 0
63785 0
63786 0
63787 0
63788 0
63789 0
63790 0
63791 0
63792 0
63793 0
63794 0
63795 0
63796 0
63797 0
63798 0
63799 0
63800 0
63801 0
63802 0
63803 0
63804 0
63805 0
63806 0
63807 0
63808 0
63809 0
63810 0
63811 0
63812 0
63813 0
63814 0
63815 0
63816 0
63817 0
63818 0
63819 0
63820 0
63821 0
63822 0
63823 0
63824 0
63825 0
63826 0
63827 0
63828 0
63829 0
63830 0
63831 0
63832 0
63833 0
63834 0
63835 0
63836 0
63837 0
63838 0
63839 0
63840 0
63841 0
63842 0
63843 0
63844 0
63845 0
63846 0
63847 0
63848 0
63849 0
63850 0
63851 0
63852 0
63853 0
63854 0
63855 0
63856 0
63857 0
63858 0
63859 0
63860 0
63861 0
63862 0
63863 0
63864 0
63865 0
63866 0
63867 0
63868 0
63869 0
63870 0
63871 0
63872 0
63873 0
63874 0
63875 0
63876 0
63877 0
63878 0
63879 0
63880 0
63881 0
63882 0
63883 0
63884 0
63885 0
63886 0
63887 0
63888 0
63889 0
63890 0
63891 0
63892 0
63893 0
63894 0
63895 0
63896 0
63897 0
63898 0
63899 0
63900 0
63901 0
63902 0
63903 0
63904 0
63905 0
63906 0
63907 0
63908 0
63909 0
63910 0
63911 0
63912 0
63913 0
63914 0
63915 0
63916 0
63917 0
63918 0
63919 0
63920 0
63921 0
63922 0
63923 0
63924 0
63925 0
63926 0
63927 0
63928 0
63929 0
63930 0
63931 0
63932 0
63933 0
63934 0
63935 0
63936 0
63937 0
63938 0
63939 0
63940 0
63941 0
63942 0
63943 0
63944 0
63945 0
63946 0
63947 0
63948 0
63949 0
63950 0
63951 0
63952 0
63953 0
63954 0
63955 0
63956 0
63957 0
63958 0
63959 0
63960 0
63961 0
63962 0
63963 0
63964 0
63965 0
63966 0
63967 0
63968 0
63969 0
63970 0
63971 0
63972 0
63973 0
63974 0
63975 0
63976 0
63977 0
63978 0
63979 0
63980 0
63981 0
63982 0
63983 0
63984 0
63985 0
63986 0
63987 0
63988 0
63989 0
63990 0
63991 0
63992 0
63993 0
63994 0
63995 0
63996 0
63997 0
63998 0
63999 0
64000 0
64001 0
64002 0
64003 0
64004 0
64005 0
64006 0
64007 0
64008 0
64009 0
64010 0
64011 0
64012 0
64013 0
64014 0
64015 0
64016 0
64017 0
64018 0
64019 0
64020 0
64021 0
64022 0
64023 0
64024 0
64025 0
64026 0
64027 0
64028 0
64029 0
64030 0
64031 0
64032 0
64033 0
64034 0
64035 0
64036 0
64037 0
64038 0
64039 0
64040 0
64041 0
64042 0
64043 0
64044 0
64045 0
64046 0
64047 0
64048 0
64049 0
64050 0
64051 0
64052 0
64053 0
64054 0
64055 0
64056 0
64057 0
64058 0
64059 0
64060 0
64061 0
64062 0
64063 0
64064 0
64065 0
64066 0
64067 0
64068 0
64069 0
64070 0
64071 0
64072 0
64073 0
64074 0
64075 0
64076 0
64077 0
64078 0
64079 0
64080 0
64081 0
64082 0
64083 0
64084 0
64085 0
64086 0
64087 0
64088 0
64089 0
64090 0
64091 0
64092 0
64093 0
64094 0
64095 0
64096 0
64097 0
64098 0
64099 0
64100 0
64101 0
64102 0
64103 0
64104 0
64105 0
64106 0
64107 0
64108 0
64109 0
64110 0
64111 0
64112 0
64113 0
64114 0
64115 0
64116 0
64117 0
64118 0
64119 0
64120 0
64121 0
64122 0
64123 0
64124 0
64125 0
64126 0
64127 0
64128 0
64129 0
64130 0
64131 0
64132 0
64133 0
64134 0
64135 0
64136 0
64137 0
64138 0
64139 0
64140 0
64141 0
64142 0
64143 0
64144 0
64145 0
64146 0
64147 0
64148 0
64149 0
64150 0
64151 0
64152 0
64153 0
64154 0
64155 0
64156 0
64157 0
64158 0
64159 0
64160 0
64161 0
64162 0
64163 0
64164 0
64165 0
64166 0
64167 0
64168 0
64169 0
64170 0
64171 0
64172 0
64173 0
64174 0
64175 0
64176 0
64177 0
64178 0
64179 0
64180 0
64181 0
64182 0
64183 0
64184 0
64185 0
64186 0
64187 0
64188 0
64189 0
64190 0
64191 0
64192 0
64193 0
64194 0
64195 0
64196 0
64197 0
64198 0
64199 0
64200 0
64201 0
64202 0
64203 0
64204 0
64205 0
64206 0
64207 0
64208 0
64209 0
64210 0
64211 0
64212 0
64213 0
64214 0
64215 0
64216 0
64217 0
64218 0
64219 0
64220 0
64221 0
64222 0
64223 0
64224 0
64225 0
64226 0
64227 0
64228 0
64229 0
64230 0
64231 0
64232 0
64233 0
64234 0
64235 0
64236 0
64237 0
64238 0
64239 0
64240 0
64241 0
64242 0
64243 0
64244 0
64245 0
64246 0
64247 0
64248 0
64249 0
64250 0
64251 0
64252 0
64253 0
64254 0
64255 0
64256 0
64257 0
64258 0
64259 0
64260 0
64261 0
64262 0
64263 0
64264 0
64265 0
64266 0
64267 0
64268 0
64269 0
64270 0
64271 0
64272 0
64273 0
64274 0
64275 0
64276 0
64277 0
64278 0
64279 0
64280 0
64281 0
64282 0
64283 0
64284 0
64285 0
64286 0
64287 0
64288 0
64289 0
64290 0
64291 0
64292 0
64293 0
64294 0
64295 0
64296 0
64297 0
64298 0
64299 0
64300 0
64301 0
64302 0
64303 0
64304 0
64305 0
64306 0
64307 0
64308 0
64309 0
64310 0
64311 0
64312 0
64313 0
64314 0
64315 0
64316 0
64317 0
64318 0
64319 0
64320 0
64321 0
64322 0
64323 0
64324 0
64325 0
64326 0
64327 0
64328 0
64329 0
64330 0
64331 0
64332 0
64333 0
64334 0
64335 0
64336 0
64337 0
64338 0
64339 0
64340 0
64341 0
64342 0
64343 0
64344 0
64345 0
64346 0
64347 0
64348 0
64349 0
64350 0
64351 0
64352 0
64353 0
64354 0
64355 0
64356 0
64357 0
64358 0
64359 0
64360 0
64361 0
64362 0
64363 0
64364 0
64365 0
64366 0
64367 0
64368 0
64369 0
64370 0
64371 0
64372 0
64373 0
64374 0
64375 0
64376 0
64377 0
64378 0
64379 0
64380 0
64381 0
64382 0
64383 0
64384 0
64385 0
64386 0
64387 0
64388 0
64389 0
64390 0
64391 0
64392 0
64393 0
64394 0
64395 0
64396 0
64397 0
64398 0
64399 0
64400 0
64401 0
64402 0
64403 0
64404 0
64405 0
64406 0
64407 0
64408 0
64409 0
64410 0
64411 0
64412 0
64413 0
64414 0
64415 0
64416 0
64417 0
64418 0
64419 0
64420 0
64421 0
64422 0
64423 0
64424 0
64425 0
64426 0
64427 0
64428 0
64429 0
64430 0
64431 0
64432 0
64433 0
64434 0
64435 0
64436 0
64437 0
64438 0
64439 0
64440 0
64441 0
64442 0
64443 0
64444 0
64445 0
64446 0
64447 0
64448 0
64449 0
64450 0
64451 0
64452 0
64453 0
64454 0
64455 0
64456 0
64457 0
64458 0
64459 0
64460 0
64461 0
64462 0
64463 0
64464 0
64465 0
64466 0
64467 0
64468 0
64469 0
64470 0
64471 0
64472 0
64473 0
64474 0
64475 0
64476 0
64477 0
64478 0
64479 0
64480 0
64481 0
64482 0
64483 0
64484 0
64485 0
64486 0
64487 0
64488 0
64489 0
64490 0
64491 0
64492 0
64493 0
64494 0
64495 0
64496 0
64497 0
64498 0
64499 0
64500 0
64501 0
64502 0
64503 0
64504 0
64505 0
64506 0
64507 0
64508 0
64509 0
64510 0
64511 0
64512 0
64513 0
64514 0
64515 0
64516 0
64517 0
64518 0
64519 0
64520 0
64521 0
64522 0
64523 0
64524 0
64525 0
64526 0
64527 0
64528 0
64529 0
64530 0
64531 0
64532 0
64533 0
64534 0
64535 0
64536 0
64537 0
64538 0
64539 0
64540 0
64541 0
64542 0
64543 0
64544 0
64545 0
64546 0
64547 0
64548 0
64549 0
64550 0
64551 0
64552 0
64553 0
64554 0
64555 0
64556 0
64557 0
64558 0
64559 0
64560 0
64561 0
64562 0
64563 0
64564 0
64565 0
64566 0
64567 0
64568 0
64569 0
64570 0
64571 0
64572 0
64573 0
64574 0
64575 0
64576 0
64577 0
64578 0
64579 0
64580 0
64581 0
64582 0
64583 0
64584 0
64585 0
64586 0
64587 0
64588 0
64589 0
64590 0
64591 0
64592 0
64593 0
64594 0
64595 0
64596 0
64597 0
64598 0
64599 0
64600 0
64601 0
64602 0
64603 0
64604 0
64605 0
64606 0
64607 0
64608 0
64609 0
64610 0
64611 0
64612 0
64613 0
64614 0
64615 0
64616 0
64617 0
64618 0
64619 0
64620 0
64621 0
64622 0
64623 0
64624 0
64625 0
64626 0
64627 0
64628 0
64629 0
64630 0
64631 0
64632 0
64633 0
64634 0
64635 0
64636 0
64637 0
64638 0
64639 0
64640 0
64641 0
64642 0
64643 0
64644 0
64645 0
64646 0
64647 0
64648 0
64649 0
64650 0
64651 0
64652 0
64653 0
64654 0
64655 0
64656 0
64657 0
64658 0
64659 0
64660 0
64661 0
64662 0
64663 0
64664 0
64665 0
64666 0
64667 0
64668 0
64669 0
64670 0
64671 0
64672 0
64673 0
64674 0
64675 0
64676 0
64677 0
64678 0
64679 0
64680 0
64681 0
64682 0
64683 0
64684 0
64685 0
64686 0
64687 0
64688 0
64689 0
64690 0
64691 0
64692 0
64693 0
64694 0
64695 0
64696 0
64697 0
64698 0
64699 0
64700 0
64701 0
64702 0
64703 0
64704 0
64705 0
64706 0
64707 0
64708 0
64709 0
64710 0
64711 0
64712 0
64713 0
64714 0
64715 0
64716 0
64717 0
64718 0
64719 0
64720 0
64721 0
64722 0
64723 0
64724 0
64725 0
64726 0
64727 0
64728 0
64729 0
64730 0
64731 0
64732 0
64733 0
64734 0
64735 0
64736 0
64737 0
64738 0
64739 0
64740 0
64741 0
64742 0
64743 0
64744 0
64745 0
64746 0
64747 0
64748 0
64749 0
64750 0
64751 0
64752 0
64753 0
64754 0
64755 0
64756 0
64757 0
64758 0
64759 0
64760 0
64761 0
64762 0
64763 0
64764 0
64765 0
64766 0
64767 0
64768 0
64769 0
64770 0
64771 0
64772 0
64773 0
64774 0
64775 0
64776 0
64777 0
64778 0
64779 0
64780 0
64781 0
64782 0
64783 0
64784 0
64785 0
64786 0
64787 0
64788 0
64789 0
64790 0
64791 0
64792 0
64793 0
64794 0
64795 0
64796 0
64797 0
64798 0
64799 0
64800 0
64801 0
64802 0
64803 0
64804 0
64805 0
64806 0
64807 0
64808 0
64809 0
64810 0
64811 0
64812 0
64813 0
64814 0
64815 0
64816 0
64817 0
64818 0
64819 0
64820 0
64821 0
64822 0
64823 0
64824 0
64825 0
64826 0
64827 0
64828 0
64829 0
64830 0
64831 0
64832 0
64833 0
64834 0
64835 0
64836 0
64837 0
64838 0
64839 0
64840 0
64841 0
64842 0
64843 0
64844 0
64845 0
64846 0
64847 0
64848 0
64849 0
64850 0
64851 0
64852 0
64853 0
64854 0
64855 0
64856 0
64857 0
64858 0
64859 0
64860 0
64861 0
64862 0
64863 0
64864 0
64865 0
64866 0
64867 0
64868 0
64869 0
64870 0
64871 0
64872 0
64873 0
64874 0
64875 0
64876 0
64877 0
64878 0
64879 0
64880 0
64881 0
64882 0
64883 0
64884 0
64885 0
64886 0
64887 0
64888 0
64889 0
64890 0
64891 0
64892 0
64893 0
64894 0
64895 0
64896 0
64897 0
64898 0
64899 0
64900 0
64901 0
64902 0
64903 0
64904 0
64905 0
64906 0
64907 0
64908 0
64909 0
64910 0
64911 0
64912 0
64913 0
64914 0
64915 0
64916 0
64917 0
64918 0
64919 0
64920 0
64921 0
64922 0
64923 0
64924 0
64925 0
64926 0
64927 0
64928 0
64929 0
64930 0
64931 0
64932 0
64933 0
64934 0
64935 0
64936 0
64937 0
64938 0
64939 0
64940 0
64941 0
64942 0
64943 0
64944 0
64945 0
64946 0
64947 0
64948 0
64949 0
64950 0
64951 0
64952 0
64953 0
64954 0
64955 0
64956 0
64957 0
64958 0
64959 0
64960 0
64961 0
64962 0
64963 0
64964 0
64965 0
64966 0
64967 0
64968 0
64969 0
64970 0
64971 0
64972 0
64973 0
64974 0
64975 0
64976 0
64977 0
64978 0
64979 0
64980 0
64981 0
64982 0
64983 0
64984 0
64985 0
64986 0
64987 0
64988 0
64989 0
64990 0
64991 0
64992 0
64993 0
64994 0
64995 0
64996 0
64997 0
64998 0
64999 0
65000 0
65001 0
65002 0
65003 0
65004 0
65005 0
65006 0
65007 0
65008 0
65009 0
65010 0
65011 0
65012 0
65013 0
65014 0
65015 0
65016 0
65017 0
65018 0
65019 0
65020 0
65021 0
65022 0
65023 0
65024 0
65025 0
65026 0
65027 0
65028 0
65029 0
65030 0
65031 0
65032 0
65033 0
65034 0
65035 0
65036 0
65037 0
65038 0
65039 0
65040 0
65041 0
65042 0
65043 0
65044 0
65045 0
65046 0
65047 0
65048 0
65049 0
65050 0
65051 0
65052 0
65053 0
65054 0
65055 0
65056 0
65057 0
65058 0
65059 0
65060 0
65061 0
65062 0
65063 0
65064 0
65065 0
65066 0
65067 0
65068 0
65069 0
65070 0
65071 0
65072 0
65073 0
65074 0
65075 0
65076 0
65077 0
65078 0
65079 0
65080 0
65081 0
65082 0
65083 0
65084 0
65085 0
65086 0
65087 0
65088 0
65089 0
65090 0
65091 0
65092 0
65093 0
65094 0
65095 0
65096 0
65097 0
65098 0
65099 0
65100 0
65101 0
65102 0
65103 0
65104 0
65105 0
65106 0
65107 0
65108 0
65109 0
65110 0
65111 0
65112 0
65113 0
65114 0
65115 0
65116 0
65117 0
65118 0
65119 0
65120 0
65121 0
65122 0
65123 0
65124 0
65125 0
65126 0
65127 0
65128 0
65129 0
65130 0
65131 0
65132 0
65133 0
65134 0
65135 0
65136 0
65137 0
65138 0
65139 0
65140 0
65141 0
65142 0
65143 0
65144 0
65145 0
65146 0
65147 0
65148 0
65149 0
65150 0
65151 0
65152 0
65153 0
65154 0
65155 0
65156 0
65157 0
65158 0
65159 0
65160 0
65161 0
65162 0
65163 0
65164 0
65165 0
65166 0
65167 0
65168 0
65169 0
65170 0
65171 0
65172 0
65173 0
65174 0
65175 0
65176 0
65177 0
65178 0
65179 0
65180 0
65181 0
65182 0
65183 0
65184 0
65185 0
65186 0
65187 0
65188 0
65189 0
65190 0
65191 0
65192 0
65193 0
65194 0
65195 0
65196 0
65197 0
65198 0
65199 0
65200 0
65201 0
65202 0
65203 0
65204 0
65205 0
65206 0
65207 0
65208 0
65209 0
65210 0
65211 0
65212 0
65213 0
65214 0
65215 0
65216 0
65217 0
65218 0
65219 0
65220 0
65221 0
65222 0
65223 0
65224 0
65225 0
65226 0
65227 0
65228 0
65229 0
65230 0
65231 0
65232 0
65233 0
65234 0
65235 0
65236 0
65237 0
65238 0
65239 0
65240 0
65241 0
65242 0
65243 0
65244 0
65245 0
65246 0
65247 0
65248 0
65249 0
65250 0
65251 0
65252 0
65253 0
65254 0
65255 0
65256 0
65257 0
65258 0
65259 0
65260 0
65261 0
65262 0
65263 0
65264 0
65265 0
65266 0
65267 0
65268 0
65269 0
65270 0
65271 0
65272 0
65273 0
65274 0
65275 0
65276 0
65277 0
65278 0
65279 0
65280 0
65281 0
65282 0
65283 0
65284 0
65285 0
65286 0
65287 0
65288 0
65289 0
65290 0
65291 0
65292 0
65293 0
65294 0
65295 0
65296 0
65297 0
65298 0
65299 0
65300 0
65301 0
65302 0
65303 0
65304 0
65305 0
65306 0
65307 0
65308 0
65309 0
65310 0
65311 0
65312 0
65313 0
65314 0
65315 0
65316 0
65317 0
65318 0
65319 0
65320 0
65321 0
65322 0
65323 0
65324 0
65325 0
65326 0
65327 0
65328 0
65329 0
65330 0
65331 0
65332 0
65333 0
65334 0
65335 0
65336 0
65337 0
65338 0
65339 0
65340 0
65341 0
65342 0
65343 0
65344 0
65345 0
65346 0
65347 0
65348 0
65349 0
65350 0
65351 0
65352 0
65353 0
65354 0
65355 0
65356 0
65357 0
65358 0
65359 0
65360 0
65361 0
65362 0
65363 0
65364 0
65365 0
65366 0
65367 0
65368 0
65369 0
65370 0
65371 0
65372 0
65373 0
65374 0
65375 0
65376 0
65377 0
65378 0
65379 0
65380 0
65381 0
65382 0
65383 0
65384 0
65385 0
65386 0
65387 0
65388 0
65389 0
65390 0
65391 0
65392 0
65393 0
65394 0
65395 0
65396 0
65397 0
65398 0
65399 0
65400 0
65401 0
65402 0
65403 0
65404 0
65405 0
65406 0
65407 0
65408 0
65409 0
65410 0
65411 0
65412 0
65413 0
65414 0
65415 0
65416 0
65417 0
65418 0
65419 0
65420 0
65421 0
65422 0
65423 0
65424 0
65425 0
65426 0
65427 0
65428 0
65429 0
65430 0
65431 0
65432 0
65433 0
65434 0
65435 0
65436 0
65437 0
65438 0
65439 0
65440 0
65441 0
65442 0
65443 0
65444 0
65445 0
65446 0
65447 0
65448 0
65449 0
65450 0
65451 0
65452 0
65453 0
65454 0
65455 0
65456 0
65457 0
65458 0
65459 0
65460 0
65461 0
65462 0
65463 0
65464 0
65465 0
65466 0
65467 0
65468 0
65469 0
65470 0
65471 0
65472 0
65473 0
65474 0
65475 0
65476 0
65477 0
65478 0
65479 0
65480 0
65481 0
65482 0
65483 0
65484 0
65485 0
65486 0
65487 0
65488 0
65489 0
65490 0
65491 0
65492 0
65493 0
65494 0
65495 0
65496 0
65497 0
65498 0
65499 0
65500 0
65501 0
65502 0
65503 0
65504 0
65505 0
65506 0
65507 0
65508 0
65509 0
65510 0
65511 0
65512 0
65513 0
65514 0
65515 0
65516 0
65517 0
65518 0
65519 0
65520 0
65521 0
65522 0
65523 0
65524 0
65525 0
65526 0
65527 0
65528 0
65529 0
65530 0
65531 0
65532 0
65533 0
65534 0
65535 0
65536 0
65537 0
65538 0
65539 0
65540 0
65541 0
65542 0
65543 0
65544 0
65545 0
65546 0
65547 0
65548 0
65549 0
65550 0
65551 0
65552 0
65553 0
65554 0
65555 0
65556 0
65557 0
65558 0
65559 0
65560 0
65561 0
65562 0
65563 0
65564 0
65565 0
65566 0
65567 0
65568 0
65569 0
65570 0
65571 0
65572 0
65573 0
65574 0
65575 0
65576 0
65577 0
65578 0
65579 0
65580 0
65581 0
65582 0
65583 0
65584 0
65585 0
65586 0
65587 0
65588 0
65589 0
65590 0
65591 0
65592 0
65593 0
65594 0
65595 0
65596 0
65597 0
65598 0
65599 0
65600 0
65601 0
65602 0
65603 0
65604 0
65605 0
65606 0
65607 0
65608 0
65609 0
65610 0
65611 0
65612 0
65613 0
65614 0
65615 0
65616 0
65617 0
65618 0
65619 0
65620 0
65621 0
65622 0
65623 0
65624 0
65625 0
65626 0
65627 0
65628 0
65629 0
65630 0
65631 0
65632 0
65633 0
65634 0
65635 0
65636 0
65637 0
65638 0
65639 0
65640 0
65641 0
65642 0
65643 0
65644 0
65645 0
65646 0
65647 0
65648 0
65649 0
65650 0
65651 0
65652 0
65653 0
65654 0
65655 0
65656 0
65657 0
65658 0
65659 0
65660 0
65661 0
65662 0
65663 0
65664 0
65665 0
65666 0
65667 0
65668 0
65669 0
65670 0
65671 0
65672 0
65673 0
65674 0
65675 0
65676 0
65677 0
65678 0
65679 0
65680 0
65681 0
65682 0
65683 0
65684 0
65685 0
65686 0
65687 0
65688 0
65689 0
65690 0
65691 0
65692 0
65693 0
65694 0
65695 0
65696 0
65697 0
65698 0
65699 0
65700 0
65701 0
65702 0
65703 0
65704 0
65705 0
65706 0
65707 0
65708 0
65709 0
65710 0
65711 0
65712 0
65713 0
65714 0
65715 0
65716 0
65717 0
65718 0
65719 0
65720 0
65721 0
65722 0
65723 0
65724 0
65725 0
65726 0
65727 0
65728 0
65729 0
65730 0
65731 0
65732 0
65733 0
65734 0
65735 0
65736 0
65737 0
65738 0
65739 0
65740 0
65741 0
65742 0
65743 0
65744 0
65745 0
65746 0
65747 0
65748 0
65749 0
65750 0
65751 0
65752 0
65753 0
65754 0
65755 0
65756 0
65757 0
65758 0
65759 0
65760 0
65761 0
65762 0
65763 0
65764 0
65765 0
65766 0
65767 0
65768 0
65769 0
65770 0
65771 0
65772 0
65773 0
65774 0
65775 0
65776 0
65777 0
65778 0
65779 0
65780 0
65781 0
65782 0
65783 0
65784 0
65785 0
65786 0
65787 0
65788 0
65789 0
65790 0
65791 0
65792 0
65793 0
65794 0
65795 0
65796 0
65797 0
65798 0
65799 0
65800 0
65801 0
65802 0
65803 0
65804 0
65805 0
65806 0
65807 0
65808 0
65809 0
65810 0
65811 0
65812 0
65813 0
65814 0
65815 0
65816 0
65817 0
65818 0
65819 0
65820 0
65821 0
65822 0
65823 0
65824 0
65825 0
65826 0
65827 0
65828 0
65829 0
65830 0
65831 0
65832 0
65833 0
65834 0
65835 0
65836 0
65837 0
65838 0
65839 0
65840 0
65841 0
65842 0
65843 0
65844 0
65845 0
65846 0
65847 0
65848 0
65849 0
65850 0
65851 0
65852 0
65853 0
65854 0
65855 0
65856 0
65857 0
65858 0
65859 0
65860 0
65861 0
65862 0
65863 0
65864 0
65865 0
65866 0
65867 0
65868 0
65869 0
65870 0
65871 0
65872 0
65873 0
65874 0
65875 0
65876 0
65877 0
65878 0
65879 0
65880 0
65881 0
65882 0
65883 0
65884 0
65885 0
65886 0
65887 0
65888 0
65889 0
65890 0
65891 0
65892 0
65893 0
65894 0
65895 0
65896 0
65897 0
65898 0
65899 0
65900 0
65901 0
65902 0
65903 0
65904 0
65905 0
65906 0
65907 0
65908 0
65909 0
65910 0
65911 0
65912 0
65913 0
65914 0
65915 0
65916 0
65917 0
65918 0
65919 0
65920 0
65921 0
65922 0
65923 0
65924 0
65925 0
65926 0
65927 0
65928 0
65929 0
65930 0
65931 0
65932 0
65933 0
65934 0
65935 0
65936 0
65937 0
65938 0
65939 0
65940 0
65941 0
65942 0
65943 0
65944 0
65945 0
65946 0
65947 0
65948 0
65949 0
65950 0
65951 0
65952 0
65953 0
65954 0
65955 0
65956 0
65957 0
65958 0
65959 0
65960 0
65961 0
65962 0
65963 0
65964 0
65965 0
65966 0
65967 0
65968 0
65969 0
65970 0
65971 0
65972 0
65973 0
65974 0
65975 0
65976 0
65977 0
65978 0
65979 0
65980 0
65981 0
65982 0
65983 0
65984 0
65985 0
65986 0
65987 0
65988 0
65989 0
65990 0
65991 0
65992 0
65993 0
65994 0
65995 0
65996 0
65997 0
65998 0
65999 0
66000 0
66001 0
66002 0
66003 0
66004 0
66005 0
66006 0
66007 0
66008 0
66009 0
66010 0
66011 0
66012 0
66013 0
66014 0
66015 0
66016 0
66017 0
66018 0
66019 0
66020 0
66021 0
66022 0
66023 0
66024 0
66025 0
66026 0
66027 0
66028 0
66029 0
66030 0
66031 0
66032 0
66033 0
66034 0
66035 0
66036 0
66037 0
66038 0
66039 0
66040 0
66041 0
66042 0
66043 0
66044 0
66045 0
66046 0
66047 0
66048 0
66049 0
66050 0
66051 0
66052 0
66053 0
66054 0
66055 0
66056 0
66057 0
66058 0
66059 0
66060 0
66061 0
66062 0
66063 0
66064 0
66065 0
66066 0
66067 0
66068 0
66069 0
66070 0
66071 0
66072 0
66073 0
66074 0
66075 0
66076 0
66077 0
66078 0
66079 0
66080 0
66081 0
66082 0
66083 0
66084 0
66085 0
66086 0
66087 0
66088 0
66089 0
66090 0
66091 0
66092 0
66093 0
66094 0
66095 0
66096 0
66097 0
66098 0
66099 0
66100 0
66101 0
66102 0
66103 0
66104 0
66105 0
66106 0
66107 0
66108 0
66109 0
66110 0
66111 0
66112 0
66113 0
66114 0
66115 0
66116 0
66117 0
66118 0
66119 0
66120 0
66121 0
66122 0
66123 0
66124 0
66125 0
66126 0
66127 0
66128 0
66129 0
66130 0
66131 0
66132 0
66133 0
66134 0
66135 0
66136 0
66137 0
66138 0
66139 0
66140 0
66141 0
66142 0
66143 0
66144 0
66145 0
66146 0
66147 0
66148 0
66149 0
66150 0
66151 0
66152 0
66153 0
66154 0
66155 0
66156 0
66157 0
66158 0
66159 0
66160 0
66161 0
66162 0
66163 0
66164 0
66165 0
66166 0
66167 0
66168 0
66169 0
66170 0
66171 0
66172 0
66173 0
66174 0
66175 0
66176 0
66177 0
66178 0
66179 0
66180 0
66181 0
66182 0
66183 0
66184 0
66185 0
66186 0
66187 0
66188 0
66189 0
66190 0
66191 0
66192 0
66193 0
66194 0
66195 0
66196 0
66197 0
66198 0
66199 0
66200 0
66201 0
66202 0
66203 0
66204 0
66205 0
66206 0
66207 0
66208 0
66209 0
66210 0
66211 0
66212 0
66213 0
66214 0
66215 0
66216 0
66217 0
66218 0
66219 0
66220 0
66221 0
66222 0
66223 0
66224 0
66225 0
66226 0
66227 0
66228 0
66229 0
66230 0
66231 0
66232 0
66233 0
66234 0
66235 0
66236 0
66237 0
66238 0
66239 0
66240 0
66241 0
66242 0
66243 0
66244 0
66245 0
66246 0
66247 0
66248 0
66249 0
66250 0
66251 0
66252 0
66253 0
66254 0
66255 0
66256 0
66257 0
66258 0
66259 0
66260 0
66261 0
66262 0
66263 0
66264 0
66265 0
66266 0
66267 0
66268 0
66269 0
66270 0
66271 0
66272 0
66273 0
66274 0
66275 0
66276 0
66277 0
66278 0
66279 0
66280 0
66281 0
66282 0
66283 0
66284 0
66285 0
66286 0
66287 0
66288 0
66289 0
66290 0
66291 0
66292 0
66293 0
66294 0
66295 0
66296 0
66297 0
66298 0
66299 0
66300 0
66301 0
66302 0
66303 0
66304 0
66305 0
66306 0
66307 0
66308 0
66309 0
66310 0
66311 0
66312 0
66313 0
66314 0
66315 0
66316 0
66317 0
66318 0
66319 0
66320 0
66321 0
66322 0
66323 0
66324 0
66325 0
66326 0
66327 0
66328 0
66329 0
66330 0
66331 0
66332 0
66333 0
66334 0
66335 0
66336 0
66337 0
66338 0
66339 0
66340 0
66341 0
66342 0
66343 0
66344 0
66345 0
66346 0
66347 0
66348 0
66349 0
66350 0
66351 0
66352 0
66353 0
66354 0
66355 0
66356 0
66357 0
66358 0
66359 0
66360 0
66361 0
66362 0
66363 0
66364 0
66365 0
66366 0
66367 0
66368 0
66369 0
66370 0
66371 0
66372 0
66373 0
66374 0
66375 0
66376 0
66377 0
66378 0
66379 0
66380 0
66381 0
66382 0
66383 0
66384 0
66385 0
66386 0
66387 0
66388 0
66389 0
66390 0
66391 0
66392 0
66393 0
66394 0
66395 0
66396 0
66397 0
66398 0
66399 0
66400 0
66401 0
66402 0
66403 0
66404 0
66405 0
66406 0
66407 0
66408 0
66409 0
66410 0
66411 0
66412 0
66413 0
66414 0
66415 0
66416 0
66417 0
66418 0
66419 0
66420 0
66421 0
66422 0
66423 0
66424 0
66425 0
66426 0
66427 0
66428 0
66429 0
66430 0
66431 0
66432 0
66433 0
66434 0
66435 0
66436 0
66437 0
66438 0
66439 0
66440 0
66441 0
66442 0
66443 0
66444 0
66445 0
66446 0
66447 0
66448 0
66449 0
66450 0
66451 0
66452 0
66453 0
66454 0
66455 0
66456 0
66457 0
66458 0
66459 0
66460 0
66461 0
66462 0
66463 0
66464 0
66465 0
66466 0
66467 0
66468 0
66469 0
66470 0
66471 0
66472 0
66473 0
66474 0
66475 0
66476 0
66477 0
66478 0
66479 0
66480 0
66481 0
66482 0
66483 0
66484 0
66485 0
66486 0
66487 0
66488 0
66489 0
66490 0
66491 0
66492 0
66493 0
66494 0
66495 0
66496 0
66497 0
66498 0
66499 0
66500 0
66501 0
66502 0
66503 0
66504 0
66505 0
66506 0
66507 0
66508 0
66509 0
66510 0
66511 0
66512 0
66513 0
66514 0
66515 0
66516 0
66517 0
66518 0
66519 0
66520 0
66521 0
66522 0
66523 0
66524 0
66525 0
66526 0
66527 0
66528 0
66529 0
66530 0
66531 0
66532 0
66533 0
66534 0
66535 0
66536 0
66537 0
66538 0
66539 0
66540 0
66541 0
66542 0
66543 0
66544 0
66545 0
66546 0
66547 0
66548 0
66549 0
66550 0
66551 0
66552 0
66553 0
66554 0
66555 0
66556 0
66557 0
66558 0
66559 0
66560 0
66561 0
66562 0
66563 0
66564 0
66565 0
66566 0
66567 0
66568 0
66569 0
66570 0
66571 0
66572 0
66573 0
66574 0
66575 0
66576 0
66577 0
66578 0
66579 0
66580 0
66581 0
66582 0
66583 0
66584 0
66585 0
66586 0
66587 0
66588 0
66589 0
66590 0
66591 0
66592 0
66593 0
66594 0
66595 0
66596 0
66597 0
66598 0
66599 0
66600 0
66601 0
66602 0
66603 0
66604 0
66605 0
66606 0
66607 0
66608 0
66609 0
66610 0
66611 0
66612 0
66613 0
66614 0
66615 0
66616 0
66617 0
66618 0
66619 0
66620 0
66621 0
66622 0
66623 0
66624 0
66625 0
66626 0
66627 0
66628 0
66629 0
66630 0
66631 0
66632 0
66633 0
66634 0
66635 0
66636 0
66637 0
66638 0
66639 0
66640 0
66641 0
66642 0
66643 0
66644 0
66645 0
66646 0
66647 0
66648 0
66649 0
66650 0
66651 0
66652 0
66653 0
66654 0
66655 0
66656 0
66657 0
66658 0
66659 0
66660 0
66661 0
66662 0
66663 0
66664 0
66665 0
66666 0
66667 0
66668 0
66669 0
66670 0
66671 0
66672 0
66673 0
66674 0
66675 0
66676 0
66677 0
66678 0
66679 0
66680 0
66681 0
66682 0
66683 0
66684 0
66685 0
66686 0
66687 0
66688 0
66689 0
66690 0
66691 0
66692 0
66693 0
66694 0
66695 0
66696 0
66697 0
66698 0
66699 0
66700 0
66701 0
66702 0
66703 0
66704 0
66705 0
66706 0
66707 0
66708 0
66709 0
66710 0
66711 0
66712 0
66713 0
66714 0
66715 0
66716 0
66717 0
66718 0
66719 0
66720 0
66721 0
66722 0
66723 0
66724 0
66725 0
66726 0
66727 0
66728 0
66729 0
66730 0
66731 0
66732 0
66733 0
66734 0
66735 0
66736 0
66737 0
66738 0
66739 0
66740 0
66741 0
66742 0
66743 0
66744 0
66745 0
66746 0
66747 0
66748 0
66749 0
66750 0
66751 0
66752 0
66753 0
66754 0
66755 0
66756 0
66757 0
66758 0
66759 0
66760 0
66761 0
66762 0
66763 0
66764 0
66765 0
66766 0
66767 0
66768 0
66769 0
66770 0
66771 0
66772 0
66773 0
66774 0
66775 0
66776 0
66777 0
66778 0
66779 0
66780 0
66781 0
66782 0
66783 0
66784 0
66785 0
66786 0
66787 0
66788 0
66789 0
66790 0
66791 0
66792 0
66793 0
66794 0
66795 0
66796 0
66797 0
66798 0
66799 0
66800 0
66801 0
66802 0
66803 0
66804 0
66805 0
66806 0
66807 0
66808 0
66809 0
66810 0
66811 0
66812 0
66813 0
66814 0
66815 0
66816 0
66817 0
66818 0
66819 0
66820 0
66821 0
66822 0
66823 0
66824 0
66825 0
66826 0
66827 0
66828 0
66829 0
66830 0
66831 0
66832 0
66833 0
66834 0
66835 0
66836 0
66837 0
66838 0
66839 0
66840 0
66841 0
66842 0
66843 0
66844 0
66845 0
66846 0
66847 0
66848 0
66849 0
66850 0
66851 0
66852 0
66853 0
66854 0
66855 0
66856 0
66857 0
66858 0
66859 0
66860 0
66861 0
66862 0
66863 0
66864 0
66865 0
66866 0
66867 0
66868 0
66869 0
66870 0
66871 0
66872 0
66873 0
66874 0
66875 0
66876 0
66877 0
66878 0
66879 0
66880 0
66881 0
66882 0
66883 0
66884 0
66885 0
66886 0
66887 0
66888 0
66889 0
66890 0
66891 0
66892 0
66893 0
66894 0
66895 0
66896 0
66897 0
66898 0
66899 0
66900 0
66901 0
66902 0
66903 0
66904 0
66905 0
66906 0
66907 0
66908 0
66909 0
66910 0
66911 0
66912 0
66913 0
66914 0
66915 0
66916 0
66917 0
66918 0
66919 0
66920 0
66921 0
66922 0
66923 0
66924 0
66925 0
66926 0
66927 0
66928 0
66929 0
66930 0
66931 0
66932 0
66933 0
66934 0
66935 0
66936 0
66937 0
66938 0
66939 0
66940 0
66941 0
66942 0
66943 0
66944 0
66945 0
66946 0
66947 0
66948 0
66949 0
66950 0
66951 0
66952 0
66953 0
66954 0
66955 0
66956 0
66957 0
66958 0
66959 0
66960 0
66961 0
66962 0
66963 0
66964 0
66965 0
66966 0
66967 0
66968 0
66969 0
66970 0
66971 0
66972 0
66973 0
66974 0
66975 0
66976 0
66977 0
66978 0
66979 0
66980 0
66981 0
66982 0
66983 0
66984 0
66985 0
66986 0
66987 0
66988 0
66989 0
66990 0
66991 0
66992 0
66993 0
66994 0
66995 0
66996 0
66997 0
66998 0
66999 0
67000 0
67001 0
67002 0
67003 0
67004 0
67005 0
67006 0
67007 0
67008 0
67009 0
67010 0
67011 0
67012 0
67013 0
67014 0
67015 0
67016 0
67017 0
67018 0
67019 0
67020 0
67021 0
67022 0
67023 0
67024 0
67025 0
67026 0
67027 0
67028 0
67029 0
67030 0
67031 0
67032 0
67033 0
67034 0
67035 0
67036 0
67037 0
67038 0
67039 0
67040 0
67041 0
67042 0
67043 0
67044 0
67045 0
67046 0
67047 0
67048 0
67049 0
67050 0
67051 0
67052 0
67053 0
67054 0
67055 0
67056 0
67057 0
67058 0
67059 0
67060 0
67061 0
67062 0
67063 0
67064 0
67065 0
67066 0
67067 0
67068 0
67069 0
67070 0
67071 0
67072 0
67073 0
67074 0
67075 0
67076 0
67077 0
67078 0
67079 0
67080 0
67081 0
67082 0
67083 0
67084 0
67085 0
67086 0
67087 0
67088 0
67089 0
67090 0
67091 0
67092 0
67093 0
67094 0
67095 0
67096 0
67097 0
67098 0
67099 0
67100 0
67101 0
67102 0
67103 0
67104 0
67105 0
67106 0
67107 0
67108 0
67109 0
67110 0
67111 0
67112 0
67113 0
67114 0
67115 0
67116 0
67117 0
67118 0
67119 0
67120 0
67121 0
67122 0
67123 0
67124 0
67125 0
67126 0
67127 0
67128 0
67129 0
67130 0
67131 0
67132 0
67133 0
67134 0
67135 0
67136 0
67137 0
67138 0
67139 0
67140 0
67141 0
67142 0
67143 0
67144 0
67145 0
67146 0
67147 0
67148 0
67149 0
67150 0
67151 0
67152 0
67153 0
67154 0
67155 0
67156 0
67157 0
67158 0
67159 0
67160 0
67161 0
67162 0
67163 0
67164 0
67165 0
67166 0
67167 0
67168 0
67169 0
67170 0
67171 0
67172 0
67173 0
67174 0
67175 0
67176 0
67177 0
67178 0
67179 0
67180 0
67181 0
67182 0
67183 0
67184 0
67185 0
67186 0
67187 0
67188 0
67189 0
67190 0
67191 0
67192 0
67193 0
67194 0
67195 0
67196 0
67197 0
67198 0
67199 0
67200 0
67201 0
67202 0
67203 0
67204 0
67205 0
67206 0
67207 0
67208 0
67209 0
67210 0
67211 0
67212 0
67213 0
67214 0
67215 0
67216 0
67217 0
67218 0
67219 0
67220 0
67221 0
67222 0
67223 0
67224 0
67225 0
67226 0
67227 0
67228 0
67229 0
67230 0
67231 0
67232 0
67233 0
67234 0
67235 0
67236 0
67237 0
67238 0
67239 0
67240 0
67241 0
67242 0
67243 0
67244 0
67245 0
67246 0
67247 0
67248 0
67249 0
67250 0
67251 0
67252 0
67253 0
67254 0
67255 0
67256 0
67257 0
67258 0
67259 0
67260 0
67261 0
67262 0
67263 0
67264 0
67265 0
67266 0
67267 0
67268 0
67269 0
67270 0
67271 0
67272 0
67273 0
67274 0
67275 0
67276 0
67277 0
67278 0
67279 0
67280 0
67281 0
67282 0
67283 0
67284 0
67285 0
67286 0
67287 0
67288 0
67289 0
67290 0
67291 0
67292 0
67293 0
67294 0
67295 0
67296 0
67297 0
67298 0
67299 0
67300 0
67301 0
67302 0
67303 0
67304 0
67305 0
67306 0
67307 0
67308 0
67309 0
67310 0
67311 0
67312 0
67313 0
67314 0
67315 0
67316 0
67317 0
67318 0
67319 0
67320 0
67321 0
67322 0
67323 0
67324 0
67325 0
67326 0
67327 0
67328 0
67329 0
67330 0
67331 0
67332 0
67333 0
67334 0
67335 0
67336 0
67337 0
67338 0
67339 0
67340 0
67341 0
67342 0
67343 0
67344 0
67345 0
67346 0
67347 0
67348 0
67349 0
67350 0
67351 0
67352 0
67353 0
67354 0
67355 0
67356 0
67357 0
67358 0
67359 0
67360 0
67361 0
67362 0
67363 0
67364 0
67365 0
67366 0
67367 0
67368 0
67369 0
67370 0
67371 0
67372 0
67373 0
67374 0
67375 0
67376 0
67377 0
67378 0
67379 0
67380 0
67381 0
67382 0
67383 0
67384 0
67385 0
67386 0
67387 0
67388 0
67389 0
67390 0
67391 0
67392 0
67393 0
67394 0
67395 0
67396 0
67397 0
67398 0
67399 0
67400 0
67401 0
67402 0
67403 0
67404 0
67405 0
67406 0
67407 0
67408 0
67409 0
67410 0
67411 0
67412 0
67413 0
67414 0
67415 0
67416 0
67417 0
67418 0
67419 0
67420 0
67421 0
67422 0
67423 0
67424 0
67425 0
67426 0
67427 0
67428 0
67429 0
67430 0
67431 0
67432 0
67433 0
67434 0
67435 0
67436 0
67437 0
67438 0
67439 0
67440 0
67441 0
67442 0
67443 0
67444 0
67445 0
67446 0
67447 0
67448 0
67449 0
67450 0
67451 0
67452 0
67453 0
67454 0
67455 0
67456 0
67457 0
67458 0
67459 0
67460 0
67461 0
67462 0
67463 0
67464 0
67465 0
67466 0
67467 0
67468 0
67469 0
67470 0
67471 0
67472 0
67473 0
67474 0
67475 0
67476 0
67477 0
67478 0
67479 0
67480 0
67481 0
67482 0
67483 0
67484 0
67485 0
67486 0
67487 0
67488 0
67489 0
67490 0
67491 0
67492 0
67493 0
67494 0
67495 0
67496 0
67497 0
67498 0
67499 0
67500 0
67501 0
67502 0
67503 0
67504 0
67505 0
67506 0
67507 0
67508 0
67509 0
67510 0
67511 0
67512 0
67513 0
67514 0
67515 0
67516 0
67517 0
67518 0
67519 0
67520 0
67521 0
67522 0
67523 0
67524 0
67525 0
67526 0
67527 0
67528 0
67529 0
67530 0
67531 0
67532 0
67533 0
67534 0
67535 0
67536 0
67537 0
67538 0
67539 0
67540 0
67541 0
67542 0
67543 0
67544 0
67545 0
67546 0
67547 0
67548 0
67549 0
67550 0
67551 0
67552 0
67553 0
67554 0
67555 0
67556 0
67557 0
67558 0
67559 0
67560 0
67561 0
67562 0
67563 0
67564 0
67565 0
67566 0
67567 0
67568 0
67569 0
67570 0
67571 0
67572 0
67573 0
67574 0
67575 0
67576 0
67577 0
67578 0
67579 0
67580 0
67581 0
67582 0
67583 0
67584 0
67585 0
67586 0
67587 0
67588 0
67589 0
67590 0
67591 0
67592 0
67593 0
67594 0
67595 0
67596 0
67597 0
67598 0
67599 0
67600 0
67601 0
67602 0
67603 0
67604 0
67605 0
67606 0
67607 0
67608 0
67609 0
67610 0
67611 0
67612 0
67613 0
67614 0
67615 0
67616 0
67617 0
67618 0
67619 0
67620 0
67621 0
67622 0
67623 0
67624 0
67625 0
67626 0
67627 0
67628 0
67629 0
67630 0
67631 0
67632 0
67633 0
67634 0
67635 0
67636 0
67637 0
67638 0
67639 0
67640 0
67641 0
67642 0
67643 0
67644 0
67645 0
67646 0
67647 0
67648 0
67649 0
67650 0
67651 0
67652 0
67653 0
67654 0
67655 0
67656 0
67657 0
67658 0
67659 0
67660 0
67661 0
67662 0
67663 0
67664 0
67665 0
67666 0
67667 0
67668 0
67669 0
67670 0
67671 0
67672 0
67673 0
67674 0
67675 0
67676 0
67677 0
67678 0
67679 0
67680 0
67681 0
67682 0
67683 0
67684 0
67685 0
67686 0
67687 0
67688 0
67689 0
67690 0
67691 0
67692 0
67693 0
67694 0
67695 0
67696 0
67697 0
67698 0
67699 0
67700 0
67701 0
67702 0
67703 0
67704 0
67705 0
67706 0
67707 0
67708 0
67709 0
67710 0
67711 0
67712 0
67713 0
67714 0
67715 0
67716 0
67717 0
67718 0
67719 0
67720 0
67721 0
67722 0
67723 0
67724 0
67725 0
67726 0
67727 0
67728 0
67729 0
67730 0
67731 0
67732 0
67733 0
67734 0
67735 0
67736 0
67737 0
67738 0
67739 0
67740 0
67741 0
67742 0
67743 0
67744 0
67745 0
67746 0
67747 0
67748 0
67749 0
67750 0
67751 0
67752 0
67753 0
67754 0
67755 0
67756 0
67757 0
67758 0
67759 0
67760 0
67761 0
67762 0
67763 0
67764 0
67765 0
67766 0
67767 0
67768 0
67769 0
67770 0
67771 0
67772 0
67773 0
67774 0
67775 0
67776 0
67777 0
67778 0
67779 0
67780 0
67781 0
67782 0
67783 0
67784 0
67785 0
67786 0
67787 0
67788 0
67789 0
67790 0
67791 0
67792 0
67793 0
67794 0
67795 0
67796 0
67797 0
67798 0
67799 0
67800 0
67801 0
67802 0
67803 0
67804 0
67805 0
67806 0
67807 0
67808 0
67809 0
67810 0
67811 0
67812 0
67813 0
67814 0
67815 0
67816 0
67817 0
67818 0
67819 0
67820 0
67821 0
67822 0
67823 0
67824 0
67825 0
67826 0
67827 0
67828 0
67829 0
67830 0
67831 0
67832 0
67833 0
67834 0
67835 0
67836 0
67837 0
67838 0
67839 0
67840 0
67841 0
67842 0
67843 0
67844 0
67845 0
67846 0
67847 0
67848 0
67849 0
67850 0
67851 0
67852 0
67853 0
67854 0
67855 0
67856 0
67857 0
67858 0
67859 0
67860 0
67861 0
67862 0
67863 0
67864 0
67865 0
67866 0
67867 0
67868 0
67869 0
67870 0
67871 0
67872 0
67873 0
67874 0
67875 0
67876 0
67877 0
67878 0
67879 0
67880 0
67881 0
67882 0
67883 0
67884 0
67885 0
67886 0
67887 0
67888 0
67889 0
67890 0
67891 0
67892 0
67893 0
67894 0
67895 0
67896 0
67897 0
67898 0
67899 0
67900 0
67901 0
67902 0
67903 0
67904 0
67905 0
67906 0
67907 0
67908 0
67909 0
67910 0
67911 0
67912 0
67913 0
67914 0
67915 0
67916 0
67917 0
67918 0
67919 0
67920 0
67921 0
67922 0
67923 0
67924 0
67925 0
67926 0
67927 0
67928 0
67929 0
67930 0
67931 0
67932 0
67933 0
67934 0
67935 0
67936 0
67937 0
67938 0
67939 0
67940 0
67941 0
67942 0
67943 0
67944 0
67945 0
67946 0
67947 0
67948 0
67949 0
67950 0
67951 0
67952 0
67953 0
67954 0
67955 0
67956 0
67957 0
67958 0
67959 0
67960 0
67961 0
67962 0
67963 0
67964 0
67965 0
67966 0
67967 0
67968 0
67969 0
67970 0
67971 0
67972 0
67973 0
67974 0
67975 0
67976 0
67977 0
67978 0
67979 0
67980 0
67981 0
67982 0
67983 0
67984 0
67985 0
67986 0
67987 0
67988 0
67989 0
67990 0
67991 0
67992 0
67993 0
67994 0
67995 0
67996 0
67997 0
67998 0
67999 0
68000 0
68001 0
68002 0
68003 0
68004 0
68005 0
68006 0
68007 0
68008 0
68009 0
68010 0
68011 0
68012 0
68013 0
68014 0
68015 0
68016 0
68017 0
68018 0
68019 0
68020 0
68021 0
68022 0
68023 0
68024 0
68025 0
68026 0
68027 0
68028 0
68029 0
68030 0
68031 0
68032 0
68033 0
68034 0
68035 0
68036 0
68037 0
68038 0
68039 0
68040 0
68041 0
68042 0
68043 0
68044 0
68045 0
68046 0
68047 0
68048 0
68049 0
68050 0
68051 0
68052 0
68053 0
68054 0
68055 0
68056 0
68057 0
68058 0
68059 0
68060 0
68061 0
68062 0
68063 0
68064 0
68065 0
68066 0
68067 0
68068 0
68069 0
68070 0
68071 0
68072 0
68073 0
68074 0
68075 0
68076 0
68077 0
68078 0
68079 0
68080 0
68081 0
68082 0
68083 0
68084 0
68085 0
68086 0
68087 0
68088 0
68089 0
68090 0
68091 0
68092 0
68093 0
68094 0
68095 0
68096 0
68097 0
68098 0
68099 0
68100 0
68101 0
68102 0
68103 0
68104 0
68105 0
68106 0
68107 0
68108 0
68109 0
68110 0
68111 0
68112 0
68113 0
68114 0
68115 0
68116 0
68117 0
68118 0
68119 0
68120 0
68121 0
68122 0
68123 0
68124 0
68125 0
68126 0
68127 0
68128 0
68129 0
68130 0
68131 0
68132 0
68133 0
68134 0
68135 0
68136 0
68137 0
68138 0
68139 0
68140 0
68141 0
68142 0
68143 0
68144 0
68145 0
68146 0
68147 0
68148 0
68149 0
68150 0
68151 0
68152 0
68153 0
68154 0
68155 0
68156 0
68157 0
68158 0
68159 0
68160 0
68161 0
68162 0
68163 0
68164 0
68165 0
68166 0
68167 0
68168 0
68169 0
68170 0
68171 0
68172 0
68173 0
68174 0
68175 0
68176 0
68177 0
68178 0
68179 0
68180 0
68181 0
68182 0
68183 0
68184 0
68185 0
68186 0
68187 0
68188 0
68189 0
68190 0
68191 0
68192 0
68193 0
68194 0
68195 0
68196 0
68197 0
68198 0
68199 0
68200 0
68201 0
68202 0
68203 0
68204 0
68205 0
68206 0
68207 0
68208 0
68209 0
68210 0
68211 0
68212 0
68213 0
68214 0
68215 0
68216 0
68217 0
68218 0
68219 0
68220 0
68221 0
68222 0
68223 0
68224 0
68225 0
68226 0
68227 0
68228 0
68229 0
68230 0
68231 0
68232 0
68233 0
68234 0
68235 0
68236 0
68237 0
68238 0
68239 0
68240 0
68241 0
68242 0
68243 0
68244 0
68245 0
68246 0
68247 0
68248 0
68249 0
68250 0
68251 0
68252 0
68253 0
68254 0
68255 0
68256 0
68257 0
68258 0
68259 0
68260 0
68261 0
68262 0
68263 0
68264 0
68265 0
68266 0
68267 0
68268 0
68269 0
68270 0
68271 0
68272 0
68273 0
68274 0
68275 0
68276 0
68277 0
68278 0
68279 0
68280 0
68281 0
68282 0
68283 0
68284 0
68285 0
68286 0
68287 0
68288 0
68289 0
68290 0
68291 0
68292 0
68293 0
68294 0
68295 0
68296 0
68297 0
68298 0
68299 0
68300 0
68301 0
68302 0
68303 0
68304 0
68305 0
68306 0
68307 0
68308 0
68309 0
68310 0
68311 0
68312 0
68313 0
68314 0
68315 0
68316 0
68317 0
68318 0
68319 0
68320 0
68321 0
68322 0
68323 0
68324 0
68325 0
68326 0
68327 0
68328 0
68329 0
68330 0
68331 0
68332 0
68333 0
68334 0
68335 0
68336 0
68337 0
68338 0
68339 0
68340 0
68341 0
68342 0
68343 0
68344 0
68345 0
68346 0
68347 0
68348 0
68349 0
68350 0
68351 0
68352 0
68353 0
68354 0
68355 0
68356 0
68357 0
68358 0
68359 0
68360 0
68361 0
68362 0
68363 0
68364 0
68365 0
68366 0
68367 0
68368 0
68369 0
68370 0
68371 0
68372 0
68373 0
68374 0
68375 0
68376 0
68377 0
68378 0
68379 0
68380 0
68381 0
68382 0
68383 0
68384 0
68385 0
68386 0
68387 0
68388 0
68389 0
68390 0
68391 0
68392 0
68393 0
68394 0
68395 0
68396 0
68397 0
68398 0
68399 0
68400 0
68401 0
68402 0
68403 0
68404 0
68405 0
68406 0
68407 0
68408 0
68409 0
68410 0
68411 0
68412 0
68413 0
68414 0
68415 0
68416 0
68417 0
68418 0
68419 0
68420 0
68421 0
68422 0
68423 0
68424 0
68425 0
68426 0
68427 0
68428 0
68429 0
68430 0
68431 0
68432 0
68433 0
68434 0
68435 0
68436 0
68437 0
68438 0
68439 0
68440 0
68441 0
68442 0
68443 0
68444 0
68445 0
68446 0
68447 0
68448 0
68449 0
68450 0
68451 0
68452 0
68453 0
68454 0
68455 0
68456 0
68457 0
68458 0
68459 0
68460 0
68461 0
68462 0
68463 0
68464 0
68465 0
68466 0
68467 0
68468 0
68469 0
68470 0
68471 0
68472 0
68473 0
68474 0
68475 0
68476 0
68477 0
68478 0
68479 0
68480 0
68481 0
68482 0
68483 0
68484 0
68485 0
68486 0
68487 0
68488 0
68489 0
68490 0
68491 0
68492 0
68493 0
68494 0
68495 0
68496 0
68497 0
68498 0
68499 0
68500 0
68501 0
68502 0
68503 0
68504 0
68505 0
68506 0
68507 0
68508 0
68509 0
68510 0
68511 0
68512 0
68513 0
68514 0
68515 0
68516 0
68517 0
68518 0
68519 0
68520 0
68521 0
68522 0
68523 0
68524 0
68525 0
68526 0
68527 0
68528 0
68529 0
68530 0
68531 0
68532 0
68533 0
68534 0
68535 0
68536 0
68537 0
68538 0
68539 0
68540 0
68541 0
68542 0
68543 0
68544 0
68545 0
68546 0
68547 0
68548 0
68549 0
68550 0
68551 0
68552 0
68553 0
68554 0
68555 0
68556 0
68557 0
68558 0
68559 0
68560 0
68561 0
68562 0
68563 0
68564 0
68565 0
68566 0
68567 0
68568 0
68569 0
68570 0
68571 0
68572 0
68573 0
68574 0
68575 0
68576 0
68577 0
68578 0
68579 0
68580 0
68581 0
68582 0
68583 0
68584 0
68585 0
68586 0
68587 0
68588 0
68589 0
68590 0
68591 0
68592 0
68593 0
68594 0
68595 0
68596 0
68597 0
68598 0
68599 0
68600 0
68601 0
68602 0
68603 0
68604 0
68605 0
68606 0
68607 0
68608 0
68609 0
68610 0
68611 0
68612 0
68613 0
68614 0
68615 0
68616 0
68617 0
68618 0
68619 0
68620 0
68621 0
68622 0
68623 0
68624 0
68625 0
68626 0
68627 0
68628 0
68629 0
68630 0
68631 0
68632 0
68633 0
68634 0
68635 0
68636 0
68637 0
68638 0
68639 0
68640 0
68641 0
68642 0
68643 0
68644 0
68645 0
68646 0
68647 0
68648 0
68649 0
68650 0
68651 0
68652 0
68653 0
68654 0
68655 0
68656 0
68657 0
68658 0
68659 0
68660 0
68661 0
68662 0
68663 0
68664 0
68665 0
68666 0
68667 0
68668 0
68669 0
68670 0
68671 0
68672 0
68673 0
68674 0
68675 0
68676 0
68677 0
68678 0
68679 0
68680 0
68681 0
68682 0
68683 0
68684 0
68685 0
68686 0
68687 0
68688 0
68689 0
68690 0
68691 0
68692 0
68693 0
68694 0
68695 0
68696 0
68697 0
68698 0
68699 0
68700 0
68701 0
68702 0
68703 0
68704 0
68705 0
68706 0
68707 0
68708 0
68709 0
68710 0
68711 0
68712 0
68713 0
68714 0
68715 0
68716 0
68717 0
68718 0
68719 0
68720 0
68721 0
68722 0
68723 0
68724 0
68725 0
68726 0
68727 0
68728 0
68729 0
68730 0
68731 0
68732 0
68733 0
68734 0
68735 0
68736 0
68737 0
68738 0
68739 0
68740 0
68741 0
68742 0
68743 0
68744 0
68745 0
68746 0
68747 0
68748 0
68749 0
68750 0
68751 0
68752 0
68753 0
68754 0
68755 0
68756 0
68757 0
68758 0
68759 0
68760 0
68761 0
68762 0
68763 0
68764 0
68765 0
68766 0
68767 0
68768 0
68769 0
68770 0
68771 0
68772 0
68773 0
68774 0
68775 0
68776 0
68777 0
68778 0
68779 0
68780 0
68781 0
68782 0
68783 0
68784 0
68785 0
68786 0
68787 0
68788 0
68789 0
68790 0
68791 0
68792 0
68793 0
68794 0
68795 0
68796 0
68797 0
68798 0
68799 0
68800 0
68801 0
68802 0
68803 0
68804 0
68805 0
68806 0
68807 0
68808 0
68809 0
68810 0
68811 0
68812 0
68813 0
68814 0
68815 0
68816 0
68817 0
68818 0
68819 0
68820 0
68821 0
68822 0
68823 0
68824 0
68825 0
68826 0
68827 0
68828 0
68829 0
68830 0
68831 0
68832 0
68833 0
68834 0
68835 0
68836 0
68837 0
68838 0
68839 0
68840 0
68841 0
68842 0
68843 0
68844 0
68845 0
68846 0
68847 0
68848 0
68849 0
68850 0
68851 0
68852 0
68853 0
68854 0
68855 0
68856 0
68857 0
68858 0
68859 0
68860 0
68861 0
68862 0
68863 0
68864 0
68865 0
68866 0
68867 0
68868 0
68869 0
68870 0
68871 0
68872 0
68873 0
68874 0
68875 0
68876 0
68877 0
68878 0
68879 0
68880 0
68881 0
68882 0
68883 0
68884 0
68885 0
68886 0
68887 0
68888 0
68889 0
68890 0
68891 0
68892 0
68893 0
68894 0
68895 0
68896 0
68897 0
68898 0
68899 0
68900 0
68901 0
68902 0
68903 0
68904 0
68905 0
68906 0
68907 0
68908 0
68909 0
68910 0
68911 0
68912 0
68913 0
68914 0
68915 0
68916 0
68917 0
68918 0
68919 0
68920 0
68921 0
68922 0
68923 0
68924 0
68925 0
68926 0
68927 0
68928 0
68929 0
68930 0
68931 0
68932 0
68933 0
68934 0
68935 0
68936 0
68937 0
68938 0
68939 0
68940 0
68941 0
68942 0
68943 0
68944 0
68945 0
68946 0
68947 0
68948 0
68949 0
68950 0
68951 0
68952 0
68953 0
68954 0
68955 0
68956 0
68957 0
68958 0
68959 0
68960 0
68961 0
68962 0
68963 0
68964 0
68965 0
68966 0
68967 0
68968 0
68969 0
68970 0
68971 0
68972 0
68973 0
68974 0
68975 0
68976 0
68977 0
68978 0
68979 0
68980 0
68981 0
68982 0
68983 0
68984 0
68985 0
68986 0
68987 0
68988 0
68989 0
68990 0
68991 0
68992 0
68993 0
68994 0
68995 0
68996 0
68997 0
68998 0
68999 0
69000 0
69001 0
69002 0
69003 0
69004 0
69005 0
69006 0
69007 0
69008 0
69009 0
69010 0
69011 0
69012 0
69013 0
69014 0
69015 0
69016 0
69017 0
69018 0
69019 0
69020 0
69021 0
69022 0
69023 0
69024 0
69025 0
69026 0
69027 0
69028 0
69029 0
69030 0
69031 0
69032 0
69033 0
69034 0
69035 0
69036 0
69037 0
69038 0
69039 0
69040 0
69041 0
69042 0
69043 0
69044 0
69045 0
69046 0
69047 0
69048 0
69049 0
69050 0
69051 0
69052 0
69053 0
69054 0
69055 0
69056 0
69057 0
69058 0
69059 0
69060 0
69061 0
69062 0
69063 0
69064 0
69065 0
69066 0
69067 0
69068 0
69069 0
69070 0
69071 0
69072 0
69073 0
69074 0
69075 0
69076 0
69077 0
69078 0
69079 0
69080 0
69081 0
69082 0
69083 0
69084 0
69085 0
69086 0
69087 0
69088 0
69089 0
69090 0
69091 0
69092 0
69093 0
69094 0
69095 0
69096 0
69097 0
69098 0
69099 0
69100 0
69101 0
69102 0
69103 0
69104 0
69105 0
69106 0
69107 0
69108 0
69109 0
69110 0
69111 0
69112 0
69113 0
69114 0
69115 0
69116 0
69117 0
69118 0
69119 0
69120 0
69121 0
69122 0
69123 0
69124 0
69125 0
69126 0
69127 0
69128 0
69129 0
69130 0
69131 0
69132 0
69133 0
69134 0
69135 0
69136 0
69137 0
69138 0
69139 0
69140 0
69141 0
69142 0
69143 0
69144 0
69145 0
69146 0
69147 0
69148 0
69149 0
69150 0
69151 0
69152 0
69153 0
69154 0
69155 0
69156 0
69157 0
69158 0
69159 0
69160 0
69161 0
69162 0
69163 0
69164 0
69165 0
69166 0
69167 0
69168 0
69169 0
69170 0
69171 0
69172 0
69173 0
69174 0
69175 0
69176 0
69177 0
69178 0
69179 0
69180 0
69181 0
69182 0
69183 0
69184 0
69185 0
69186 0
69187 0
69188 0
69189 0
69190 0
69191 0
69192 0
69193 0
69194 0
69195 0
69196 0
69197 0
69198 0
69199 0
69200 0
69201 0
69202 0
69203 0
69204 0
69205 0
69206 0
69207 0
69208 0
69209 0
69210 0
69211 0
69212 0
69213 0
69214 0
69215 0
69216 0
69217 0
69218 0
69219 0
69220 0
69221 0
69222 0
69223 0
69224 0
69225 0
69226 0
69227 0
69228 0
69229 0
69230 0
69231 0
69232 0
69233 0
69234 0
69235 0
69236 0
69237 0
69238 0
69239 0
69240 0
69241 0
69242 0
69243 0
69244 0
69245 0
69246 0
69247 0
69248 0
69249 0
69250 0
69251 0
69252 0
69253 0
69254 0
69255 0
69256 0
69257 0
69258 0
69259 0
69260 0
69261 0
69262 0
69263 0
69264 0
69265 0
69266 0
69267 0
69268 0
69269 0
69270 0
69271 0
69272 0
69273 0
69274 0
69275 0
69276 0
69277 0
69278 0
69279 0
69280 0
69281 0
69282 0
69283 0
69284 0
69285 0
69286 0
69287 0
69288 0
69289 0
69290 0
69291 0
69292 0
69293 0
69294 0
69295 0
69296 0
69297 0
69298 0
69299 0
69300 0
69301 0
69302 0
69303 0
69304 0
69305 0
69306 0
69307 0
69308 0
69309 0
69310 0
69311 0
69312 0
69313 0
69314 0
69315 0
69316 0
69317 0
69318 0
69319 0
69320 0
69321 0
69322 0
69323 0
69324 0
69325 0
69326 0
69327 0
69328 0
69329 0
69330 0
69331 0
69332 0
69333 0
69334 0
69335 0
69336 0
69337 0
69338 0
69339 0
69340 0
69341 0
69342 0
69343 0
69344 0
69345 0
69346 0
69347 0
69348 0
69349 0
69350 0
69351 0
69352 0
69353 0
69354 0
69355 0
69356 0
69357 0
69358 0
69359 0
69360 0
69361 0
69362 0
69363 0
69364 0
69365 0
69366 0
69367 0
69368 0
69369 0
69370 0
69371 0
69372 0
69373 0
69374 0
69375 0
69376 0
69377 0
69378 0
69379 0
69380 0
69381 0
69382 0
69383 0
69384 0
69385 0
69386 0
69387 0
69388 0
69389 0
69390 0
69391 0
69392 0
69393 0
69394 0
69395 0
69396 0
69397 0
69398 0
69399 0
69400 0
69401 0
69402 0
69403 0
69404 0
69405 0
69406 0
69407 0
69408 0
69409 0
69410 0
69411 0
69412 0
69413 0
69414 0
69415 0
69416 0
69417 0
69418 0
69419 0
69420 0
69421 0
69422 0
69423 0
69424 0
69425 0
69426 0
69427 0
69428 0
69429 0
69430 0
69431 0
69432 0
69433 0
69434 0
69435 0
69436 0
69437 0
69438 0
69439 0
69440 0
69441 0
69442 0
69443 0
69444 0
69445 0
69446 0
69447 0
69448 0
69449 0
69450 0
69451 0
69452 0
69453 0
69454 0
69455 0
69456 0
69457 0
69458 0
69459 0
69460 0
69461 0
69462 0
69463 0
69464 0
69465 0
69466 0
69467 0
69468 0
69469 0
69470 0
69471 0
69472 0
69473 0
69474 0
69475 0
69476 0
69477 0
69478 0
69479 0
69480 0
69481 0
69482 0
69483 0
69484 0
69485 0
69486 0
69487 0
69488 0
69489 0
69490 0
69491 0
69492 0
69493 0
69494 0
69495 0
69496 0
69497 0
69498 0
69499 0
69500 0
69501 0
69502 0
69503 0
69504 0
69505 0
69506 0
69507 0
69508 0
69509 0
69510 0
69511 0
69512 0
69513 0
69514 0
69515 0
69516 0
69517 0
69518 0
69519 0
69520 0
69521 0
69522 0
69523 0
69524 0
69525 0
69526 0
69527 0
69528 0
69529 0
69530 0
69531 0
69532 0
69533 0
69534 0
69535 0
69536 0
69537 0
69538 0
69539 0
69540 0
69541 0
69542 0
69543 0
69544 0
69545 0
69546 0
69547 0
69548 0
69549 0
69550 0
69551 0
69552 0
69553 0
69554 0
69555 0
69556 0
69557 0
69558 0
69559 0
69560 0
69561 0
69562 0
69563 0
69564 0
69565 0
69566 0
69567 0
69568 0
69569 0
69570 0
69571 0
69572 0
69573 0
69574 0
69575 0
69576 0
69577 0
69578 0
69579 0
69580 0
69581 0
69582 0
69583 0
69584 0
69585 0
69586 0
69587 0
69588 0
69589 0
69590 0
69591 0
69592 0
69593 0
69594 0
69595 0
69596 0
69597 0
69598 0
69599 0
69600 0
69601 0
69602 0
69603 0
69604 0
69605 0
69606 0
69607 0
69608 0
69609 0
69610 0
69611 0
69612 0
69613 0
69614 0
69615 0
69616 0
69617 0
69618 0
69619 0
69620 0
69621 0
69622 0
69623 0
69624 0
69625 0
69626 0
69627 0
69628 0
69629 0
69630 0
69631 0
69632 0
69633 0
69634 0
69635 0
69636 0
69637 0
69638 0
69639 0
69640 0
69641 0
69642 0
69643 0
69644 0
69645 0
69646 0
69647 0
69648 0
69649 0
69650 0
69651 0
69652 0
69653 0
69654 0
69655 0
69656 0
69657 0
69658 0
69659 0
69660 0
69661 0
69662 0
69663 0
69664 0
69665 0
69666 0
69667 0
69668 0
69669 0
69670 0
69671 0
69672 0
69673 0
69674 0
69675 0
69676 0
69677 0
69678 0
69679 0
69680 0
69681 0
69682 0
69683 0
69684 0
69685 0
69686 0
69687 0
69688 0
69689 0
69690 0
69691 0
69692 0
69693 0
69694 0
69695 0
69696 0
69697 0
69698 0
69699 0
69700 0
69701 0
69702 0
69703 0
69704 0
69705 0
69706 0
69707 0
69708 0
69709 0
69710 0
69711 0
69712 0
69713 0
69714 0
69715 0
69716 0
69717 0
69718 0
69719 0
69720 0
69721 0
69722 0
69723 0
69724 0
69725 0
69726 0
69727 0
69728 0
69729 0
69730 0
69731 0
69732 0
69733 0
69734 0
69735 0
69736 0
69737 0
69738 0
69739 0
69740 0
69741 0
69742 0
69743 0
69744 0
69745 0
69746 0
69747 0
69748 0
69749 0
69750 0
69751 0
69752 0
69753 0
69754 0
69755 0
69756 0
69757 0
69758 0
69759 0
69760 0
69761 0
69762 0
69763 0
69764 0
69765 0
69766 0
69767 0
69768 0
69769 0
69770 0
69771 0
69772 0
69773 0
69774 0
69775 0
69776 0
69777 0
69778 0
69779 0
69780 0
69781 0
69782 0
69783 0
69784 0
69785 0
69786 0
69787 0
69788 0
69789 0
69790 0
69791 0
69792 0
69793 0
69794 0
69795 0
69796 0
69797 0
69798 0
69799 0
69800 0
69801 0
69802 0
69803 0
69804 0
69805 0
69806 0
69807 0
69808 0
69809 0
69810 0
69811 0
69812 0
69813 0
69814 0
69815 0
69816 0
69817 0
69818 0
69819 0
69820 0
69821 0
69822 0
69823 0
69824 0
69825 0
69826 0
69827 0
69828 0
69829 0
69830 0
69831 0
69832 0
69833 0
69834 0
69835 0
69836 0
69837 0
69838 0
69839 0
69840 0
69841 0
69842 0
69843 0
69844 0
69845 0
69846 0
69847 0
69848 0
69849 0
69850 0
69851 0
69852 0
69853 0
69854 0
69855 0
69856 0
69857 0
69858 0
69859 0
69860 0
69861 0
69862 0
69863 0
69864 0
69865 0
69866 0
69867 0
69868 0
69869 0
69870 0
69871 0
69872 0
69873 0
69874 0
69875 0
69876 0
69877 0
69878 0
69879 0
69880 0
69881 0
69882 0
69883 0
69884 0
69885 0
69886 0
69887 0
69888 0
69889 0
69890 0
69891 0
69892 0
69893 0
69894 0
69895 0
69896 0
69897 0
69898 0
69899 0
69900 0
69901 0
69902 0
69903 0
69904 0
69905 0
69906 0
69907 0
69908 0
69909 0
69910 0
69911 0
69912 0
69913 0
69914 0
69915 0
69916 0
69917 0
69918 0
69919 0
69920 0
69921 0
69922 0
69923 0
69924 0
69925 0
69926 0
69927 0
69928 0
69929 0
69930 0
69931 0
69932 0
69933 0
69934 0
69935 0
69936 0
69937 0
69938 0
69939 0
69940 0
69941 0
69942 0
69943 0
69944 0
69945 0
69946 0
69947 0
69948 0
69949 0
69950 0
69951 0
69952 0
69953 0
69954 0
69955 0
69956 0
69957 0
69958 0
69959 0
69960 0
69961 0
69962 0
69963 0
69964 0
69965 0
69966 0
69967 0
69968 0
69969 0
69970 0
69971 0
69972 0
69973 0
69974 0
69975 0
69976 0
69977 0
69978 0
69979 0
69980 0
69981 0
69982 0
69983 0
69984 0
69985 0
69986 0
69987 0
69988 0
69989 0
69990 0
69991 0
69992 0
69993 0
69994 0
69995 0
69996 0
69997 0
69998 0
69999 0
70000 1
70001 1
70002 2
70003 2
70004 3
70005 3
70006 4
70007 4
70008 5
70009 5
70010 6
70011 6
70012 7
70013 7
70014 8
70015 8
70016 9
70017 9
70018 10
70019 10
70020 11
70021 11
70022 12
70023 12
70024 13
70025 13
70026 14
70027 14
70028 15
70029 15
70030 16
70031 16
70032 17
70033 17
70034 18
70035 18
70036 19
70037 19
70038 20
70039 20
70040 21
70041 21
70042 22
70043 22
70044 23
70045 23
70046 24
70047 24
70048 25
70049 25
70050 26
70051 26
70052 27
70053 27
70054 28
70055 28
70056 29
70057 29
70058 30
70059 30
70060 31
70061 31
70062 32
70063 32
70064 33
70065 33
70066 34
70067 34
70068 35
70069 35
70070 36
70071 36
70072 37
70073 37
70074 38
70075 38
70076 39
70077 39
70078 40
70079 40
70080 41
70081 41
70082 42
70083 42
70084 43
70085 43
70086 44
70087 44
70088 45
70089 45
70090 46
70091 46
70092 47
70093 47
70094 48
70095 48
70096 49
70097 49
70098 50
70099 50
70100 51
70101 51
70102 52
70103 52
70104 53
70105 53
70106 54
70107 54
70108 55
70109 55
70110 56
70111 56
70112 57
70113 57
70114 58
70115 58
70116 59
70117 59
70118 60
70119 60
70120 61
70121 61
70122 62
70123 62
70124 63
70125 63
70126 64
70127 64
70128 65
70129 65
70130 66
70131 66
70132 67
70133 67
70134 68
70135 68
70136 69
70137 69
70138 70
70139 70
70140 71
70141 71
70142 72
70143 72
70144 73
70145 73
70146 74
70147 74
70148 75
70149 75
70150 76
70151 76
70152 77
70153 77
70154 78
70155 78
70156 79
70157 79
70158 80
70159 80
70160 81
70161 81
70162 82
70163 82
70164 83
70165 83
70166 84
70167 84
70168 85
70169 85
70170 86
70171 86
70172 87
70173 87
70174 88
70175 88
70176 89
70177 89
70178 90
70179 90
70180 91
70181 91
70182 92
70183 92
70184 93
70185 93
70186 94
70187 94
70188 95
70189 95
70190 96
70191 96
70192 97
70193 97
70194 98
70195 98
70196 99
70197 99
70198 100
70199 100
70200 101
70201 101
70202 102
70203 102
70204 103
70205 103
70206 104
70207 104
70208 105
70209 105
70210 106
70211 106
70212 107
70213 107
70214 108
70215 108
70216 109
70217 109
70218 110
70219 110
70220 111
70221 111
70222 112
70223 112
70224 113
70225 113
70226 114
70227 114
70228 115
70229 115
70230 116
70231 116
70232 117
70233 117
70234 118
70235 118
70236 119
70237 119
70238 120
70239 120
70240 121
70241 121
70242 122
70243 122
70244 123
70245 123
70246 124
70247 124
70248 125
70249 125
70250 126
70251 126
70252 127
70253 127
70254 128
70255 128
70256 129
70257 129
70258 130
70259 130
70260 131
70261 131
70262 132
70263 132
70264 133
70265 133
70266 134
70267 134
70268 135
70269 135
70270 136
70271 136
70272 137
70273 137
70274 138
70275 138
70276 139
70277 139
70278 140
70279 140
70280 141
70281 141
70282 142
70283 142
70284 143
70285 143
70286 144
70287 144
70288 145
70289 145
70290 146
70291 146
70292 147
70293 147
70294 148
70295 148
70296 149
70297 149
70298 150
70299 150
70300 151
70301 151
70302 152
70303 152
70304 153
70305 153
70306 154
70307 154
70308 155
70309 155
70310 156
70311 156
70312 157
70313 157
70314 158
70315 158
70316 159
70317 159
70318 160
70319 160
70320 161
70321 161
70322 162
70323 162
70324 163
70325 163
70326 164
70327 164
70328 165
70329 165
70330 166
70331 166
70332 167
70333 167
70334 168
70335 168
70336 169
70337 169
70338 170
70339 170
70340 171
70341 171
70342 172
70343 172
70344 173
70345 173
70346 174
70347 174
70348 175
70349 175
70350 176
70351 176
70352 177
70353 177
70354 178
70355 178
70356 179
70357 179
70358 180
70359 180
70360 181
70361 181
70362 182
70363 182
70364 183
70365 183
70366 184
70367 184
70368 185
70369 185
70370 186
70371 186
70372 187
70373 187
70374 188
70375 188
70376 189
70377 189
70378 190
70379 190
70380 191
70381 191
70382 192
70383 192
70384 193
70385 193
70386 194
70387 194
70388 195
70389 195
70390 196
70391 196
70392 197
70393 197
70394 198
70395 198
70396 199
70397 199
70398 200
70399 200
70400 201
70401 201
70402 202
70403 202
70404 203
70405 203
70406 204
70407 204
70408 205
70409 205
70410 206
70411 206
70412 207
70413 207
70414 208
70415 208
70416 209
70417 209
70418 210
70419 210
70420 211
70421 211
70422 212
70423 212
70424 213
70425 213
70426 214
70427 214
70428 215
70429 215
70430 216
70431 216
70432 217
70433 217
70434 218
70435 218
70436 219
70437 219
70438 220
70439 220
70440 221
70441 221
70442 222
70443 222
70444 223
70445 223
70446 224
70447 224
70448 225
70449 225
70450 226
70451 226
70452 227
70453 227
70454 228
70455 228
70456 229
70457 229
70458 230
70459 230
70460 231
70461 231
70462 232
70463 232
70464 233
70465 233
70466 234
70467 234
70468 235
70469 235
70470 236
70471 236
70472 237
70473 237
70474 238
70475 238
70476 239
70477 239
70478 240
70479 240
70480 241
70481 241
70482 242
70483 242
70484 243
70485 243
70486 244
70487 244
70488 245
70489 245
70490 246
70491 246
70492 247
70493 247
70494 248
70495 248
70496 249
70497 249
70498 250
70499 250
70500 251
70501 251
70502 252
70503 252
70504 253
70505 253
70506 254
70507 254
70508 255
70509 255
70510 256
70511 256
70512 257
70513 257
70514 258
70515 258
70516 259
70517 259
70518 260
70519 260
70520 261
70521 261
70522 262
70523 262
70524 263
70525 263
70526 264
70527 264
70528 265
70529 265
70530 266
70531 266
70532 267
70533 267
70534 268
70535 268
70536 269
70537 269
70538 270
70539 270
70540 271
70541 271
70542 272
70543 272
70544 273
70545 273
70546 274
70547 274
70548 275
70549 275
70550 276
70551 276
70552 277
70553 277
70554 278
70555 278
70556 279
70557 279
70558 280
70559 280
70560 281
70561 281
70562 282
70563 282
70564 283
70565 283
70566 284
70567 284
70568 285
70569 285
70570 286
70571 286
70572 287
70573 287
70574 288
70575 288
70576 289
70577 289
70578 290
70579 290
70580 291
70581 291
70582 292
70583 292
70584 293
70585 293
70586 294
70587 294
70588 295
70589 295
70590 296
70591 296
70592 297
70593 297
70594 298
70595 298
70596 299
70597 299
70598 300
70599 300
70600 301
70601 301
70602 302
70603 302
70604 303
70605 303
70606 304
70607 304
70608 305
70609 305
70610 306
70611 306
70612 307
70613 307
70614 308
70615 308
70616 309
70617 309
70618 310
70619 310
70620 311
70621 311
70622 312
70623 312
70624 313
70625 313
70626 314
70627 314
70628 315
70629 315
70630 316
70631 316
70632 317
70633 317
70634 318
70635 318
70636 319
70637 319
70638 320
70639 320
70640 321
70641 321
70642 322
70643 322
70644 323
70645 323
70646 324
70647 324
70648 325
70649 325
70650 326
70651 326
70652 327
70653 327
70654 328
70655 328
70656 329
70657 329
70658 330
70659 330
70660 331
70661 331
70662 332
70663 332
70664 333
70665 333
70666 334
70667 334
70668 335
70669 335
70670 336
70671 336
70672 337
70673 337
70674 338
70675 338
70676 339
70677 339
70678 340
70679 340
70680 341
70681 341
70682 342
70683 342
70684 343
70685 343
70686 344
70687 344
70688 345
70689 345
70690 346
70691 346
70692 347
70693 347
70694 348
70695 348
70696 349
70697 349
70698 350
70699 350
70700 351
70701 351
70702 352
70703 352
70704 353
70705 353
70706 354
70707 354
70708 355
70709 355
70710 356
70711 356
70712 357
70713 357
70714 358
70715 358
70716 359
70717 359
70718 360
70719 360
70720 361
70721 361
70722 362
70723 362
70724 363
70725 363
70726 364
70727 364
70728 365
70729 365
70730 366
70731 366
70732 367
70733 367
70734 368
70735 368
70736 369
70737 369
70738 370
70739 370
70740 371
70741 371
70742 372
70743 372
70744 373
70745 373
70746 374
70747 374
70748 375
70749 375
70750 376
70751 376
70752 377
70753 377
70754 378
70755 378
70756 379
70757 379
70758 380
70759 380
70760 381
70761 381
70762 382
70763 382
70764 383
70765 383
70766 384
70767 384
70768 385
70769 385
70770 386
70771 386
70772 387
70773 387
70774 388
70775 388
70776 389
70777 389
70778 390
70779 390
70780 391
70781 391
70782 392
70783 392
70784 393
70785 393
70786 394
70787 394
70788 395
70789 395
70790 396
70791 396
70792 397
70793 397
70794 398
70795 398
70796 399
70797 399
70798 400
70799 400
70800 401
70801 401
70802 402
70803 402
70804 403
70805 403
70806 404
70807 404
70808 405
70809 405
70810 406
70811 406
70812 407
70813 407
70814 408
70815 408
70816 409
70817 409
70818 410
70819 410
70820 411
70821 411
70822 412
70823 412
70824 413
70825 413
70826 414
70827 414
70828 415
70829 415
70830 416
70831 416
70832 417
70833 417
70834 418
70835 418
70836 419
70837 419
70838 420
70839 420
70840 421
70841 421
70842 422
70843 422
70844 423
70845 423
70846 424
70847 424
70848 425
70849 425
70850 426
70851 426
70852 427
70853 427
70854 428
70855 428
70856 429
70857 429
70858 430
70859 430
70860 431
70861 431
70862 432
70863 432
70864 433
70865 433
70866 434
70867 434
70868 435
70869 435
70870 436
70871 436
70872 437
70873 437
70874 438
70875 438
70876 439
70877 439
70878 440
70879 440
70880 441
70881 441
70882 442
70883 442
70884 443
70885 443
70886 444
70887 444
70888 445
70889 445
70890 446
70891 446
70892 447
70893 447
70894 448
70895 448
70896 449
70897 449
70898 450
70899 450
70900 451
70901 451
70902 452
70903 452
70904 453
70905 453
70906 454
70907 454
70908 455
70909 455
70910 456
70911 456
70912 457
70913 457
70914 458
70915 458
70916 459
70917 459
70918 460
70919 460
70920 461
70921 461
70922 462
70923 462
70924 463
70925 463
70926 464
70927 464
70928 465
70929 465
70930 466
70931 466
70932 467
70933 467
70934 468
70935 468
70936 469
70937 469
70938 470
70939 470
70940 471
70941 471
70942 472
70943 472
70944 473
70945 473
70946 474
70947 474
70948 475
70949 475
70950 476
70951 476
70952 477
70953 477
70954 478
70955 478
70956 479
70957 479
70958 480
70959 480
70960 481
70961 481
70962 482
70963 482
70964 483
70965 483
70966 484
70967 484
70968 485
70969 485
70970 486
70971 486
70972 487
70973 487
70974 488
70975 488
70976 489
70977 489
70978 490
70979 490
70980 491
70981 491
70982 492
70983 492
70984 493
70985 493
70986 494
70987 494
70988 495
70989 495
70990 496
70991 496
70992 497
70993 497
70994 498
70995 498
70996 499
70997 499
70998 500
70999 500
71000 501
71001 501
71002 502
71003 502
71004 503
71005 503
71006 504
71007 504
71008 505
71009 505
71010 506
71011 506
71012 507
71013 507
71014 508
71015 508
71016 509
71017 509
71018 510
71019 510
71020 511
71021 511
71022 512
71023 512
71024 513
71025 513
71026 514
71027 514
71028 515
71029 515
71030 516
71031 516
71032 517
71033 517
71034 518
71035 518
71036 519
71037 519
71038 520
71039 520
71040 521
71041 521
71042 522
71043 522
71044 523
71045 523
71046 524
71047 524
71048 525
71049 525
71050 526
71051 526
71052 527
71053 527
71054 528
71055 528
71056 529
71057 529
71058 530
71059 530
71060 531
71061 531
71062 532
71063 532
71064 533
71065 533
71066 534
71067 534
71068 535
71069 535
71070 536
71071 536
71072 537
71073 537
71074 538
71075 538
71076 539
71077 539
71078 540
71079 540
71080 541
71081 541
71082 542
71083 542
71084 543
71085 543
71086 544
71087 544
71088 545
71089 545
71090 546
71091 546
71092 547
71093 547
71094 548
71095 548
71096 549
71097 549
71098 550
71099 550
71100 551
71101 551
71102 552
71103 552
71104 553
71105 553
71106 554
71107 554
71108 555
71109 555
71110 556
71111 556
71112 557
71113 557
71114 558
71115 558
71116 559
71117 559
71118 560
71119 560
71120 561
71121 561
71122 562
71123 562
71124 563
71125 563
71126 564
71127 564
71128 565
71129 565
71130 566
71131 566
71132 567
71133 567
71134 568
71135 568
71136 569
71137 569
71138 570
71139 570
71140 571
71141 571
71142 572
71143 572
71144 573
71145 573
71146 574
71147 574
71148 575
71149 575
71150 576
71151 576
71152 577
71153 577
71154 578
71155 578
71156 579
71157 579
71158 580
71159 580
71160 581
71161 581
71162 582
71163 582
71164 583
71165 583
71166 584
71167 584
71168 585
71169 585
71170 586
71171 586
71172 587
71173 587
71174 588
71175 588
71176 589
71177 589
71178 590
71179 590
71180 591
71181 591
71182 592
71183 592
71184 593
71185 593
71186 594
71187 594
71188 595
71189 595
71190 596
71191 596
71192 597
71193 597
71194 598
71195 598
71196 599
71197 599
71198 600
71199 600
71200 601
71201 601
71202 602
71203 602
71204 603
71205 603
71206 604
71207 604
71208 605
71209 605
71210 606
71211 606
71212 607
71213 607
71214 608
71215 608
71216 609
71217 609
71218 610
71219 610
71220 611
71221 611
71222 612
71223 612
71224 613
71225 613
71226 614
71227 614
71228 615
71229 615
71230 616
71231 616
71232 617
71233 617
71234 618
71235 618
71236 619
71237 619
71238 620
71239 620
71240 621
71241 621
71242 622
71243 622
71244 623
71245 623
71246 624
71247 624
71248 625
71249 625
71250 626
71251 626
71252 627
71253 627
71254 628
71255 628
71256 629
71257 629
71258 630
71259 630
71260 631
71261 631
71262 632
71263 632
71264 633
71265 633
71266 634
71267 634
71268 635
71269 635
71270 636
71271 636
71272 637
71273 637
71274 638
71275 638
71276 639
71277 639
71278 640
71279 640
71280 641
71281 641
71282 642
71283 642
71284 643
71285 643
71286 644
71287 644
71288 645
71289 645
71290 646
71291 646
71292 647
71293 647
71294 648
71295 648
71296 649
71297 649
71298 650
71299 650
71300 651
71301 651
71302 652
71303 652
71304 653
71305 653
71306 654
71307 654
71308 655
71309 655
71310 656
71311 656
71312 657
71313 657
71314 658
71315 658
71316 659
71317 659
71318 660
71319 660
71320 661
71321 661
71322 662
71323 662
71324 663
71325 663
71326 664
71327 664
71328 665
71329 665
71330 666
71331 666
71332 667
71333 667
71334 668
71335 668
71336 669
71337 669
71338 670
71339 670
71340 671
71341 671
71342 672
71343 672
71344 673
71345 673
71346 674
71347 674
71348 675
71349 675
71350 676
71351 676
71352 677
71353 677
71354 678
71355 678
71356 679
71357 679
71358 680
71359 680
71360 681
71361 681
71362 682
71363 682
71364 683
71365 683
71366 684
71367 684
71368 685
71369 685
71370 686
71371 686
71372 687
71373 687
71374 688
71375 688
71376 689
71377 689
71378 690
71379 690
71380 691
71381 691
71382 692
71383 692
71384 693
71385 693
71386 694
71387 694
71388 695
71389 695
71390 696
71391 696
71392 697
71393 697
71394 698
71395 698
71396 699
71397 699
71398 700
71399 700
71400 701
71401 701
71402 702
71403 702
71404 703
71405 703
71406 704
71407 704
71408 705
71409 705
71410 706
71411 706
71412 707
71413 707
71414 708
71415 708
71416 709
71417 709
71418 710
71419 710
71420 711
71421 711
71422 712
71423 712
71424 713
71425 713
71426 714
71427 714
71428 715
71429 715
71430 716
71431 716
71432 717
71433 717
71434 718
71435 718
71436 719
71437 719
71438 720
71439 720
71440 721
71441 721
71442 722
71443 722
71444 723
71445 723
71446 724
71447 724
71448 725
71449 725
71450 726
71451 726
71452 727
71453 727
71454 728
71455 728
71456 729
71457 729
71458 730
71459 730
71460 731
71461 731
71462 732
71463 732
71464 733
71465 733
71466 734
71467 734
71468 735
71469 735
71470 736
71471 736
71472 737
71473 737
71474 738
71475 738
71476 739
71477 739
71478 740
71479 740
71480 741
71481 741
71482 742
71483 742
71484 743
71485 743
71486 744
71487 744
71488 745
71489 745
71490 746
71491 746
71492 747
71493 747
71494 748
71495 748
71496 749
71497 749
71498 750
71499 750
71500 751
71501 751
71502 752
71503 752
71504 753
71505 753
71506 754
71507 754
71508 755
71509 755
71510 756
71511 756
71512 757
71513 757
71514 758
71515 758
71516 759
71517 759
71518 760
71519 760
71520 761
71521 761
71522 762
71523 762
71524 763
71525 763
71526 764
71527 764
71528 765
71529 765
71530 766
71531 766
71532 767
71533 767
71534 768
71535 768
71536 769
71537 769
71538 770
71539 770
71540 771
71541 771
71542 772
71543 772
71544 773
71545 773
71546 774
71547 774
71548 775
71549 775
71550 776
71551 776
71552 777
71553 777
71554 778
71555 778
71556 779
71557 779
71558 780
71559 780
71560 781
71561 781
71562 782
71563 782
71564 783
71565 783
71566 784
71567 784
71568 785
71569 785
71570 786
71571 786
71572 787
71573 787
71574 788
71575 788
71576 789
71577 789
71578 790
71579 790
71580 791
71581 791
71582 792
71583 792
71584 793
71585 793
71586 794
71587 794
71588 795
71589 795
71590 796
71591 796
71592 797
71593 797
71594 798
71595 798
71596 799
71597 799
71598 800
71599 800
71600 801
71601 801
71602 802
71603 802
71604 803
71605 803
71606 804
71607 804
71608 805
71609 805
71610 806
71611 806
71612 807
71613 807
71614 808
71615 808
71616 809
71617 809
71618 810
71619 810
71620 811
71621 811
71622 812
71623 812
71624 813
71625 813
71626 814
71627 814
71628 815
71629 815
71630 816
71631 816
71632 817
71633 817
71634 818
71635 818
71636 819
71637 819
71638 820
71639 820
71640 821
71641 821
71642 822
71643 822
71644 823
71645 823
71646 824
71647 824
71648 825
71649 825
71650 826
71651 826
71652 827
71653 827
71654 828
71655 828
71656 829
71657 829
71658 830
71659 830
71660 831
71661 831
71662 832
71663 832
71664 833
71665 833
71666 834
71667 834
71668 835
71669 835
71670 836
71671 836
71672 837
71673 837
71674 838
71675 838
71676 839
71677 839
71678 840
71679 840
71680 841
71681 841
71682 842
71683 842
71684 843
71685 843
71686 844
71687 844
71688 845
71689 845
71690 846
71691 846
71692 847
71693 847
71694 848
71695 848
71696 849
71697 849
71698 850
71699 850
71700 851
71701 851
71702 852
71703 852
71704 853
71705 853
71706 854
71707 854
71708 855
71709 855
71710 856
71711 856
71712 857
71713 857
71714 858
71715 858
71716 859
71717 859
71718 860
71719 860
71720 861
71721 861
71722 862
71723 862
71724 863
71725 863
71726 864
71727 864
71728 865
71729 865
71730 866
71731 866
71732 867
71733 867
71734 868
71735 868
71736 869
71737 869
71738 870
71739 870
71740 871
71741 871
71742 872
71743 872
71744 873
71745 873
71746 874
71747 874
71748 875
71749 875
71750 876
71751 876
71752 877
71753 877
71754 878
71755 878
71756 879
71757 879
71758 880
71759 880
71760 881
71761 881
71762 882
71763 882
71764 883
71765 883
71766 884
71767 884
71768 885
71769 885
71770 886
71771 886
71772 887
71773 887
71774 888
71775 888
71776 889
71777 889
71778 890
71779 890
71780 891
71781 891
71782 892
71783 892
71784 893
71785 893
71786 894
71787 894
71788 895
71789 895
71790 896
71791 896
71792 897
71793 897
71794 898
71795 898
71796 899
71797 899
71798 900
71799 900
71800 901
71801 901
71802 902
71803 902
71804 903
71805 903
71806 904
71807 904
71808 905
71809 905
71810 906
71811 906
71812 907
71813 907
71814 908
71815 908
71816 909
71817 909
71818 910
71819 910
71820 911
71821 911
71822 912
71823 912
71824 913
71825 913
71826 914
71827 914
71828 915
71829 915
71830 916
71831 916
71832 917
71833 917
71834 918
71835 918
71836 919
71837 919
71838 920
71839 920
71840 921
71841 921
71842 922
71843 922
71844 923
71845 923
71846 924
71847 924
71848 925
71849 925
71850 926
71851 926
71852 927
71853 927
71854 928
71855 928
71856 929
71857 929
71858 930
71859 930
71860 931
71861 931
71862 932
71863 932
71864 933
71865 933
71866 934
71867 934
71868 935
71869 935
71870 936
71871 936
71872 937
71873 937
71874 938
71875 938
71876 939
71877 939
71878 940
71879 940
71880 941
71881 941
71882 942
71883 942
71884 943
71885 943
71886 944
71887 944
71888 945
71889 945
71890 946
71891 946
71892 947
71893 947
71894 948
71895 948
71896 949
71897 949
71898 950
71899 950
71900 951
71901 951
71902 952
71903 952
71904 953
71905 953
71906 954
71907 954
71908 955
71909 955
71910 956
71911 956
71912 957
71913 957
71914 958
71915 958
71916 959
71917 959
71918 960
71919 960
71920 961
71921 961
71922 962
71923 962
71924 963
71925 963
71926 964
71927 964
71928 965
71929 965
71930 966
71931 966
71932 967
71933 967
71934 968
71935 968
71936 969
71937 969
71938 970
71939 970
71940 971
71941 971
71942 972
71943 972
71944 973
71945 973
71946 974
71947 974
71948 975
71949 975
71950 976
71951 976
71952 977
71953 977
71954 978
71955 978
71956 979
71957 979
71958 980
71959 980
71960 981
71961 981
71962 982
71963 982
71964 983
71965 983
71966 984
71967 984
71968 985
71969 985
71970 986
71971 986
71972 987
71973 987
71974 988
71975 988
71976 989
71977 989
71978 990
71979 990
71980 991
71981 991
71982 992
71983 992
71984 993
71985 993
71986 994
71987 994
71988 995
71989 995
71990 996
71991 996
71992 997
71993 997
71994 998
71995 998
71996 999
71997 999
71998 1000
71999 1000
72000 1001
72001 1001
72002 1002
72003 1002
72004 1003
72005 1003
72006 1004
72007 1004
72008 1005
72009 1005
72010 1006
72011 1006
72012 1007
72013 1007
72014 1008
72015 1008
72016 1009
72017 1009
72018 1010
72019 1010
72020 1011
72021 1011
72022 1012
72023 1012
72024 1013
72025 1013
72026 1014
72027 1014
72028 1015
72029 1015
72030 1016
72031 1016
72032 1017
72033 1017
72034 1018
72035 1018
72036 1019
72037 1019
72038 1020
72039 1020
72040 1021
72041 1021
72042 1022
72043 1022
72044 1023
72045 1023
72046 1024
72047 1024
72048 1025
72049 1025
72050 1026
72051 1026
72052 1027
72053 1027
72054 1028
72055 1028
72056 1029
72057 1029
72058 1030
72059 1030
72060 1031
72061 1031
72062 1032
72063 1032
72064 1033
72065 1033
72066 1034
72067 1034
72068 1035
72069 1035
72070 1036
72071 1036
72072 1037
72073 1037
72074 1038
72075 1038
72076 1039
72077 1039
72078 1040
72079 1040
72080 1041
72081 1041
72082 1042
72083 1042
72084 1043
72085 1043
72086 1044
72087 1044
72088 1045
72089 1045
72090 1046
72091 1046
72092 1047
72093 1047
72094 1048
72095 1048
72096 1049
72097 1049
72098 1050
72099 1050
72100 1051
72101 1051
72102 1052
72103 1052
72104 1053
72105 1053
72106 1054
72107 1054
72108 1055
72109 1055
72110 1056
72111 1056
72112 1057
72113 1057
72114 1058
72115 1058
72116 1059
72117 1059
72118 1060
72119 1060
72120 1061
72121 1061
72122 1062
72123 1062
72124 1063
72125 1063
72126 1064
72127 1064
72128 1065
72129 1065
72130 1066
72131 1066
72132 1067
72133 1067
72134 1068
72135 1068
72136 1069
72137 1069
72138 1070
72139 1070
72140 1071
72141 1071
72142 1072
72143 1072
72144 1073
72145 1073
72146 1074
72147 1074
72148 1075
72149 1075
72150 1076
72151 1076
72152 1077
72153 1077
72154 1078
72155 1078
72156 1079
72157 1079
72158 1080
72159 1080
72160 1081
72161 1081
72162 1082
72163 1082
72164 1083
72165 1083
72166 1084
72167 1084
72168 1085
72169 1085
72170 1086
72171 1086
72172 1087
72173 1087
72174 1088
72175 1088
72176 1089
72177 1089
72178 1090
72179 1090
72180 1091
72181 1091
72182 1092
72183 1092
72184 1093
72185 1093
72186 1094
72187 1094
72188 1095
72189 1095
72190 1096
72191 1096
72192 1097
72193 1097
72194 1098
72195 1098
72196 1099
72197 1099
72198 1100
72199 1100
72200 1101
72201 1101
72202 1102
72203 1102
72204 1103
72205 1103
72206 1104
72207 1104
72208 1105
72209 1105
72210 1106
72211 1106
72212 1107
72213 1107
72214 1108
72215 1108
72216 1109
72217 1109
72218 1110
72219 1110
72220 1111
72221 1111
72222 1112
72223 1112
72224 1113
72225 1113
72226 1114
72227 1114
72228 1115
72229 1115
72230 1116
72231 1116
72232 1117
72233 1117
72234 1118
72235 1118
72236 1119
72237 1119
72238 1120
72239 1120
72240 1121
72241 1121
72242 1122
72243 1122
72244 1123
72245 1123
72246 1124
72247 1124
72248 1125
72249 1125
72250 1126
72251 1126
72252 1127
72253 1127
72254 1128
72255 1128
72256 1129
72257 1129
72258 1130
72259 1130
72260 1131
72261 1131
72262 1132
72263 1132
72264 1133
72265 1133
72266 1134
72267 1134
72268 1135
72269 1135
72270 1136
72271 1136
72272 1137
72273 1137
72274 1138
72275 1138
72276 1139
72277 1139
72278 1140
72279 1140
72280 1141
72281 1141
72282 1142
72283 1142
72284 1143
72285 1143
72286 1144
72287 1144
72288 1145
72289 1145
72290 1146
72291 1146
72292 1147
72293 1147
72294 1148
72295 1148
72296 1149
72297 1149
72298 1150
72299 1150
72300 1151
72301 1151
72302 1152
72303 1152
72304 1153
72305 1153
72306 1154
72307 1154
72308 1155
72309 1155
72310 1156
72311 1156
72312 1157
72313 1157
72314 1158
72315 1158
72316 1159
72317 1159
72318 1160
72319 1160
72320 1161
72321 1161
72322 1162
72323 1162
72324 1163
72325 1163
72326 1164
72327 1164
72328 1165
72329 1165
72330 1166
72331 1166
72332 1167
72333 1167
72334 1168
72335 1168
72336 1169
72337 1169
72338 1170
72339 1170
72340 1171
72341 1171
72342 1172
72343 1172
72344 1173
72345 1173
72346 1174
72347 1174
72348 1175
72349 1175
72350 1176
72351 1176
72352 1177
72353 1177
72354 1178
72355 1178
72356 1179
72357 1179
72358 1180
72359 1180
72360 1181
72361 1181
72362 1182
72363 1182
72364 1183
72365 1183
72366 1184
72367 1184
72368 1185
72369 1185
72370 1186
72371 1186
72372 1187
72373 1187
72374 1188
72375 1188
72376 1189
72377 1189
72378 1190
72379 1190
72380 1191
72381 1191
72382 1192
72383 1192
72384 1193
72385 1193
72386 1194
72387 1194
72388 1195
72389 1195
72390 1196
72391 1196
72392 1197
72393 1197
72394 1198
72395 1198
72396 1199
72397 1199
72398 1200
72399 1200
72400 1201
72401 1201
72402 1202
72403 1202
72404 1203
72405 1203
72406 1204
72407 1204
72408 1205
72409 1205
72410 1206
72411 1206
72412 1207
72413 1207
72414 1208
72415 1208
72416 1209
72417 1209
72418 1210
72419 1210
72420 1211
72421 1211
72422 1212
72423 1212
72424 1213
72425 1213
72426 1214
72427 1214
72428 1215
72429 1215
72430 1216
72431 1216
72432 1217
72433 1217
72434 1218
72435 1218
72436 1219
72437 1219
72438 1220
72439 1220
72440 1221
72441 1221
72442 1222
72443 1222
72444 1223
72445 1223
72446 1224
72447 1224
72448 1225
72449 1225
72450 1226
72451 1226
72452 1227
72453 1227
72454 1228
72455 1228
72456 1229
72457 1229
72458 1230
72459 1230
72460 1231
72461 1231
72462 1232
72463 1232
72464 1233
72465 1233
72466 1234
72467 1234
72468 1235
72469 1235
72470 1236
72471 1236
72472 1237
72473 1237
72474 1238
72475 1238
72476 1239
72477 1239
72478 1240
72479 1240
72480 1241
72481 1241
72482 1242
72483 1242
72484 1243
72485 1243
72486 1244
72487 1244
72488 1245
72489 1245
72490 1246
72491 1246
72492 1247
72493 1247
72494 1248
72495 1248
72496 1249
72497 1249
72498 1250
72499 1250
72500 1251
72501 1251
72502 1252
72503 1252
72504 1253
72505 1253
72506 1254
72507 1254
72508 1255
72509 1255
72510 1256
72511 1256
72512 1257
72513 1257
72514 1258
72515 1258
72516 1259
72517 1259
72518 1260
72519 1260
72520 1261
72521 1261
72522 1262
72523 1262
72524 1263
72525 1263
72526 1264
72527 1264
72528 1265
72529 1265
72530 1266
72531 1266
72532 1267
72533 1267
72534 1268
72535 1268
72536 1269
72537 1269
72538 1270
72539 1270
72540 1271
72541 1271
72542 1272
72543 1272
72544 1273
72545 1273
72546 1274
72547 1274
72548 1275
72549 1275
72550 1276
72551 1276
72552 1277
72553 1277
72554 1278
72555 1278
72556 1279
72557 1279
72558 1280
72559 1280
72560 1281
72561 1281
72562 1282
72563 1282
72564 1283
72565 1283
72566 1284
72567 1284
72568 1285
72569 1285
72570 1286
72571 1286
72572 1287
72573 1287
72574 1288
72575 1288
72576 1289
72577 1289
72578 1290
72579 1290
72580 1291
72581 1291
72582 1292
72583 1292
72584 1293
72585 1293
72586 1294
72587 1294
72588 1295
72589 1295
72590 1296
72591 1296
72592 1297
72593 1297
72594 1298
72595 1298
72596 1299
72597 1299
72598 1300
72599 1300
72600 1301
72601 1301
72602 1302
72603 1302
72604 1303
72605 1303
72606 1304
72607 1304
72608 1305
72609 1305
72610 1306
72611 1306
72612 1307
72613 1307
72614 1308
72615 1308
72616 1309
72617 1309
72618 1310
72619 1310
72620 1311
72621 1311
72622 1312
72623 1312
72624 1313
72625 1313
72626 1314
72627 1314
72628 1315
72629 1315
72630 1316
72631 1316
72632 1317
72633 1317
72634 1318
72635 1318
72636 1319
72637 1319
72638 1320
72639 1320
72640 1321
72641 1321
72642 1322
72643 1322
72644 1323
72645 1323
72646 1324
72647 1324
72648 1325
72649 1325
72650 1326
72651 1326
72652 1327
72653 1327
72654 1328
72655 1328
72656 1329
72657 1329
72658 1330
72659 1330
72660 1331
72661 1331
72662 1332
72663 1332
72664 1333
72665 1333
72666 1334
72667 1334
72668 1335
72669 1335
72670 1336
72671 1336
72672 1337
72673 1337
72674 1338
72675 1338
72676 1339
72677 1339
72678 1340
72679 1340
72680 1341
72681 1341
72682 1342
72683 1342
72684 1343
72685 1343
72686 1344
72687 1344
72688 1345
72689 1345
72690 1346
72691 1346
72692 1347
72693 1347
72694 1348
72695 1348
72696 1349
72697 1349
72698 1350
72699 1350
72700 1351
72701 1351
72702 1352
72703 1352
72704 1353
72705 1353
72706 1354
72707 1354
72708 1355
72709 1355
72710 1356
72711 1356
72712 1357
72713 1357
72714 1358
72715 1358
72716 1359
72717 1359
72718 1360
72719 1360
72720 1361
72721 1361
72722 1362
72723 1362
72724 1363
72725 1363
72726 1364
72727 1364
72728 1365
72729 1365
72730 1366
72731 1366
72732 1367
72733 1367
72734 1368
72735 1368
72736 1369
72737 1369
72738 1370
72739 1370
72740 1371
72741 1371
72742 1372
72743 1372
72744 1373
72745 1373
72746 1374
72747 1374
72748 1375
72749 1375
72750 1376
72751 1376
72752 1377
72753 1377
72754 1378
72755 1378
72756 1379
72757 1379
72758 1380
72759 1380
72760 1381
72761 1381
72762 1382
72763 1382
72764 1383
72765 1383
72766 1384
72767 1384
72768 1385
72769 1385
72770 1386
72771 1386
72772 1387
72773 1387
72774 1388
72775 1388
72776 1389
72777 1389
72778 1390
72779 1390
72780 1391
72781 1391
72782 1392
72783 1392
72784 1393
72785 1393
72786 1394
72787 1394
72788 1395
72789 1395
72790 1396
72791 1396
72792 1397
72793 1397
72794 1398
72795 1398
72796 1399
72797 1399
72798 1400
72799 1400
72800 1401
72801 1401
72802 1402
72803 1402
72804 1403
72805 1403
72806 1404
72807 1404
72808 1405
72809 1405
72810 1406
72811 1406
72812 1407
72813 1407
72814 1408
72815 1408
72816 1409
72817 1409
72818 1410
72819 1410
72820 1411
72821 1411
72822 1412
72823 1412
72824 1413
72825 1413
72826 1414
72827 1414
72828 1415
72829 1415
72830 1416
72831 1416
72832 1417
72833 1417
72834 1418
72835 1418
72836 1419
72837 1419
72838 1420
72839 1420
72840 1421
72841 1421
72842 1422
72843 1422
72844 1423
72845 1423
72846 1424
72847 1424
72848 1425
72849 1425
72850 1426
72851 1426
72852 1427
72853 1427
72854 1428
72855 1428
72856 1429
72857 1429
72858 1430
72859 1430
72860 1431
72861 1431
72862 1432
72863 1432
72864 1433
72865 1433
72866 1434
72867 1434
72868 1435
72869 1435
72870 1436
72871 1436
72872 1437
72873 1437
72874 1438
72875 1438
72876 1439
72877 1439
72878 1440
72879 1440
72880 1441
72881 1441
72882 1442
72883 1442
72884 1443
72885 1443
72886 1444
72887 1444
72888 1445
72889 1445
72890 1446
72891 1446
72892 1447
72893 1447
72894 1448
72895 1448
72896 1449
72897 1449
72898 1450
72899 1450
72900 1451
72901 1451
72902 1452
72903 1452
72904 1453
72905 1453
72906 1454
72907 1454
72908 1455
72909 1455
72910 1456
72911 1456
72912 1457
72913 1457
72914 1458
72915 1458
72916 1459
72917 1459
72918 1460
72919 1460
72920 1461
72921 1461
72922 1462
72923 1462
72924 1463
72925 1463
72926 1464
72927 1464
72928 1465
72929 1465
72930 1466
72931 1466
72932 1467
72933 1467
72934 1468
72935 1468
72936 1469
72937 1469
72938 1470
72939 1470
72940 1471
72941 1471
72942 1472
72943 1472
72944 1473
72945 1473
72946 1474
72947 1474
72948 1475
72949 1475
72950 1476
72951 1476
72952 1477
72953 1477
72954 1478
72955 1478
72956 1479
72957 1479
72958 1480
72959 1480
72960 1481
72961 1481
72962 1482
72963 1482
72964 1483
72965 1483
72966 1484
72967 1484
72968 1485
72969 1485
72970 1486
72971 1486
72972 1487
72973 1487
72974 1488
72975 1488
72976 1489
72977 1489
72978 1490
72979 1490
72980 1491
72981 1491
72982 1492
72983 1492
72984 1493
72985 1493
72986 1494
72987 1494
72988 1495
72989 1495
72990 1496
72991 1496
72992 1497
72993 1497
72994 1498
72995 1498
72996 1499
72997 1499
72998 1500
72999 1500
73000 1501
73001 1501
73002 1502
73003 1502
73004 1503
73005 1503
73006 1504
73007 1504
73008 1505
73009 1505
73010 1506
73011 1506
73012 1507
73013 1507
73014 1508
73015 1508
73016 1509
73017 1509
73018 1510
73019 1510
73020 1511
73021 1511
73022 1512
73023 1512
73024 1513
73025 1513
73026 1514
73027 1514
73028 1515
73029 1515
73030 1516
73031 1516
73032 1517
73033 1517
73034 1518
73035 1518
73036 1519
73037 1519
73038 1520
73039 1520
73040 1521
73041 1521
73042 1522
73043 1522
73044 1523
73045 1523
73046 1524
73047 1524
73048 1525
73049 1525
73050 1526
73051 1526
73052 1527
73053 1527
73054 1528
73055 1528
73056 1529
73057 1529
73058 1530
73059 1530
73060 1531
73061 1531
73062 1532
73063 1532
73064 1533
73065 1533
73066 1534
73067 1534
73068 1535
73069 1535
73070 1536
73071 1536
73072 1537
73073 1537
73074 1538
73075 1538
73076 1539
73077 1539
73078 1540
73079 1540
73080 1541
73081 1541
73082 1542
73083 1542
73084 1543
73085 1543
73086 1544
73087 1544
73088 1545
73089 1545
73090 1546
73091 1546
73092 1547
73093 1547
73094 1548
73095 1548
73096 1549
73097 1549
73098 1550
73099 1550
73100 1551
73101 1551
73102 1552
73103 1552
73104 1553
73105 1553
73106 1554
73107 1554
73108 1555
73109 1555
73110 1556
73111 1556
73112 1557
73113 1557
73114 1558
73115 1558
73116 1559
73117 1559
73118 1560
73119 1560
73120 1561
73121 1561
73122 1562
73123 1562
73124 1563
73125 1563
73126 1564
73127 1564
73128 1565
73129 1565
73130 1566
73131 1566
73132 1567
73133 1567
73134 1568
73135 1568
73136 1569
73137 1569
73138 1570
73139 1570
73140 1571
73141 1571
73142 1572
73143 1572
73144 1573
73145 1573
73146 1574
73147 1574
73148 1575
73149 1575
73150 1576
73151 1576
73152 1577
73153 1577
73154 1578
73155 1578
73156 1579
73157 1579
73158 1580
73159 1580
73160 1581
73161 1581
73162 1582
73163 1582
73164 1583
73165 1583
73166 1584
73167 1584
73168 1585
73169 1585
73170 1586
73171 1586
73172 1587
73173 1587
73174 1588
73175 1588
73176 1589
73177 1589
73178 1590
73179 1590
73180 1591
73181 1591
73182 1592
73183 1592
73184 1593
73185 1593
73186 1594
73187 1594
73188 1595
73189 1595
73190 1596
73191 1596
73192 1597
73193 1597
73194 1598
73195 1598
73196 1599
73197 1599
73198 1600
73199 1600
73200 1601
73201 1601
73202 1602
73203 1602
73204 1603
73205 1603
73206 1604
73207 1604
73208 1605
73209 1605
73210 1606
73211 1606
73212 1607
73213 1607
73214 1608
73215 1608
73216 1609
73217 1609
73218 1610
73219 1610
73220 1611
73221 1611
73222 1612
73223 1612
73224 1613
73225 1613
73226 1614
73227 1614
73228 1615
73229 1615
73230 1616
73231 1616
73232 1617
73233 1617
73234 1618
73235 1618
73236 1619
73237 1619
73238 1620
73239 1620
73240 1621
73241 1621
73242 1622
73243 1622
73244 1623
73245 1623
73246 1624
73247 1624
73248 1625
73249 1625
73250 1626
73251 1626
73252 1627
73253 1627
73254 1628
73255 1628
73256 1629
73257 1629
73258 1630
73259 1630
73260 1631
73261 1631
73262 1632
73263 1632
73264 1633
73265 1633
73266 1634
73267 1634
73268 1635
73269 1635
73270 1636
73271 1636
73272 1637
73273 1637
73274 1638
73275 1638
73276 1639
73277 1639
73278 1640
73279 1640
73280 1641
73281 1641
73282 1642
73283 1642
73284 1643
73285 1643
73286 1644
73287 1644
73288 1645
73289 1645
73290 1646
73291 1646
73292 1647
73293 1647
73294 1648
73295 1648
73296 1649
73297 1649
73298 1650
73299 1650
73300 1651
73301 1651
73302 1652
73303 1652
73304 1653
73305 1653
73306 1654
73307 1654
73308 1655
73309 1655
73310 1656
73311 1656
73312 1657
73313 1657
73314 1658
73315 1658
73316 1659
73317 1659
73318 1660
73319 1660
73320 1661
73321 1661
73322 1662
73323 1662
73324 1663
73325 1663
73326 1664
73327 1664
73328 1665
73329 1665
73330 1666
73331 1666
73332 1667
73333 1667
73334 1668
73335 1668
73336 1669
73337 1669
73338 1670
73339 1670
73340 1671
73341 1671
73342 1672
73343 1672
73344 1673
73345 1673
73346 1674
73347 1674
73348 1675
73349 1675
73350 1676
73351 1676
73352 1677
73353 1677
73354 1678
73355 1678
73356 1679
73357 1679
73358 1680
73359 1680
73360 1681
73361 1681
73362 1682
73363 1682
73364 1683
73365 1683
73366 1684
73367 1684
73368 1685
73369 1685
73370 1686
73371 1686
73372 1687
73373 1687
73374 1688
73375 1688
73376 1689
73377 1689
73378 1690
73379 1690
73380 1691
73381 1691
73382 1692
73383 1692
73384 1693
73385 1693
73386 1694
73387 1694
73388 1695
73389 1695
73390 1696
73391 1696
73392 1697
73393 1697
73394 1698
73395 1698
73396 1699
73397 1699
73398 1700
73399 1700
73400 1701
73401 1701
73402 1702
73403 1702
73404 1703
73405 1703
73406 1704
73407 1704
73408 1705
73409 1705
73410 1706
73411 1706
73412 1707
73413 1707
73414 1708
73415 1708
73416 1709
73417 1709
73418 1710
73419 1710
73420 1711
73421 1711
73422 1712
73423 1712
73424 1713
73425 1713
73426 1714
73427 1714
73428 1715
73429 1715
73430 1716
73431 1716
73432 1717
73433 1717
73434 1718
73435 1718
73436 1719
73437 1719
73438 1720
73439 1720
73440 1721
73441 1721
73442 1722
73443 1722
73444 1723
73445 1723
73446 1724
73447 1724
73448 1725
73449 1725
73450 1726
73451 1726
73452 1727
73453 1727
73454 1728
73455 1728
73456 1729
73457 1729
73458 1730
73459 1730
73460 1731
73461 1731
73462 1732
73463 1732
73464 1733
73465 1733
73466 1734
73467 1734
73468 1735
73469 1735
73470 1736
73471 1736
73472 1737
73473 1737
73474 1738
73475 1738
73476 1739
73477 1739
73478 1740
73479 1740
73480 1741
73481 1741
73482 1742
73483 1742
73484 1743
73485 1743
73486 1744
73487 1744
73488 1745
73489 1745
73490 1746
73491 1746
73492 1747
73493 1747
73494 1748
73495 1748
73496 1749
73497 1749
73498 1750
73499 1750
73500 1751
73501 1751
73502 1752
73503 1752
73504 1753
73505 1753
73506 1754
73507 1754
73508 1755
73509 1755
73510 1756
73511 1756
73512 1757
73513 1757
73514 1758
73515 1758
73516 1759
73517 1759
73518 1760
73519 1760
73520 1761
73521 1761
73522 1762
73523 1762
73524 1763
73525 1763
73526 1764
73527 1764
73528 1765
73529 1765
73530 1766
73531 1766
73532 1767
73533 1767
73534 1768
73535 1768
73536 1769
73537 1769
73538 1770
73539 1770
73540 1771
73541 1771
73542 1772
73543 1772
73544 1773
73545 1773
73546 1774
73547 1774
73548 1775
73549 1775
73550 1776
73551 1776
73552 1777
73553 1777
73554 1778
73555 1778
73556 1779
73557 1779
73558 1780
73559 1780
73560 1781
73561 1781
73562 1782
73563 1782
73564 1783
73565 1783
73566 1784
73567 1784
73568 1785
73569 1785
73570 1786
73571 1786
73572 1787
73573 1787
73574 1788
73575 1788
73576 1789
73577 1789
73578 1790
73579 1790
73580 1791
73581 1791
73582 1792
73583 1792
73584 1793
73585 1793
73586 1794
73587 1794
73588 1795
73589 1795
73590 1796
73591 1796
73592 1797
73593 1797
73594 1798
73595 1798
73596 1799
73597 1799
73598 1800
73599 1800
73600 1801
73601 1801
73602 1802
73603 1802
73604 1803
73605 1803
73606 1804
73607 1804
73608 1805
73609 1805
73610 1806
73611 1806
73612 1807
73613 1807
73614 1808
73615 1808
73616 1809
73617 1809
73618 1810
73619 1810
73620 1811
73621 1811
73622 1812
73623 1812
73624 1813
73625 1813
73626 1814
73627 1814
73628 1815
73629 1815
73630 1816
73631 1816
73632 1817
73633 1817
73634 1818
73635 1818
73636 1819
73637 1819
73638 1820
73639 1820
73640 1821
73641 1821
73642 1822
73643 1822
73644 1823
73645 1823
73646 1824
73647 1824
73648 1825
73649 1825
73650 1826
73651 1826
73652 1827
73653 1827
73654 1828
73655 1828
73656 1829
73657 1829
73658 1830
73659 1830
73660 1831
73661 1831
73662 1832
73663 1832
73664 1833
73665 1833
73666 1834
73667 1834
73668 1835
73669 1835
73670 1836
73671 1836
73672 1837
73673 1837
73674 1838
73675 1838
73676 1839
73677 1839
73678 1840
73679 1840
73680 1841
73681 1841
73682 1842
73683 1842
73684 1843
73685 1843
73686 1844
73687 1844
73688 1845
73689 1845
73690 1846
73691 1846
73692 1847
73693 1847
73694 1848
73695 1848
73696 1849
73697 1849
73698 1850
73699 1850
73700 1851
73701 1851
73702 1852
73703 1852
73704 1853
73705 1853
73706 1854
73707 1854
73708 1855
73709 1855
73710 1856
73711 1856
73712 1857
73713 1857
73714 1858
73715 1858
73716 1859
73717 1859
73718 1860
73719 1860
73720 1861
73721 1861
73722 1862
73723 1862
73724 1863
73725 1863
73726 1864
73727 1864
73728 1865
73729 1865
73730 1866
73731 1866
73732 1867
73733 1867
73734 1868
73735 1868
73736 1869
73737 1869
73738 1870
73739 1870
73740 1871
73741 1871
73742 1872
73743 1872
73744 1873
73745 1873
73746 1874
73747 1874
73748 1875
73749 1875
73750 1876
73751 1876
73752 1877
73753 1877
73754 1878
73755 1878
73756 1879
73757 1879
73758 1880
73759 1880
73760 1881
73761 1881
73762 1882
73763 1882
73764 1883
73765 1883
73766 1884
73767 1884
73768 1885
73769 1885
73770 1886
73771 1886
73772 1887
73773 1887
73774 1888
73775 1888
73776 1889
73777 1889
73778 1890
73779 1890
73780 1891
73781 1891
73782 1892
73783 1892
73784 1893
73785 1893
73786 1894
73787 1894
73788 1895
73789 1895
73790 1896
73791 1896
73792 1897
73793 1897
73794 1898
73795 1898
73796 1899
73797 1899
73798 1900
73799 1900
73800 1901
73801 1901
73802 1902
73803 1902
73804 1903
73805 1903
73806 1904
73807 1904
73808 1905
73809 1905
73810 1906
73811 1906
73812 1907
73813 1907
73814 1908
73815 1908
73816 1909
73817 1909
73818 1910
73819 1910
73820 1911
73821 1911
73822 1912
73823 1912
73824 1913
73825 1913
73826 1914
73827 1914
73828 1915
73829 1915
73830 1916
73831 1916
73832 1917
73833 1917
73834 1918
73835 1918
73836 1919
73837 1919
73838 1920
73839 1920
73840 1921
73841 1921
73842 1922
73843 1922
73844 1923
73845 1923
73846 1924
73847 1924
73848 1925
73849 1925
73850 1926
73851 1926
73852 1927
73853 1927
73854 1928
73855 1928
73856 1929
73857 1929
73858 1930
73859 1930
73860 1931
73861 1931
73862 1932
73863 1932
73864 1933
73865 1933
73866 1934
73867 1934
73868 1935
73869 1935
73870 1936
73871 1936
73872 1937
73873 1937
73874 1938
73875 1938
73876 1939
73877 1939
73878 1940
73879 1940
73880 1941
73881 1941
73882 1942
73883 1942
73884 1943
73885 1943
73886 1944
73887 1944
73888 1945
73889 1945
73890 1946
73891 1946
73892 1947
73893 1947
73894 1948
73895 1948
73896 1949
73897 1949
73898 1950
73899 1950
73900 1951
73901 1951
73902 1952
73903 1952
73904 1953
73905 1953
73906 1954
73907 1954
73908 1955
73909 1955
73910 1956
73911 1956
73912 1957
73913 1957
73914 1958
73915 1958
73916 1959
73917 1959
73918 1960
73919 1960
73920 1961
73921 1961
73922 1962
73923 1962
73924 1963
73925 1963
73926 1964
73927 1964
73928 1965
73929 1965
73930 1966
73931 1966
73932 1967
73933 1967
73934 1968
73935 1968
73936 1969
73937 1969
73938 1970
73939 1970
73940 1971
73941 1971
73942 1972
73943 1972
73944 1973
73945 1973
73946 1974
73947 1974
73948 1975
73949 1975
73950 1976
73951 1976
73952 1977
73953 1977
73954 1978
73955 1978
73956 1979
73957 1979
73958 1980
73959 1980
73960 1981
73961 1981
73962 1982
73963 1982
73964 1983
73965 1983
73966 1984
73967 1984
73968 1985
73969 1985
73970 1986
73971 1986
73972 1987
73973 1987
73974 1988
73975 1988
73976 1989
73977 1989
73978 1990
73979 1990
73980 1991
73981 1991
73982 1992
73983 1992
73984 1993
73985 1993
73986 1994
73987 1994
73988 1995
73989 1995
73990 1996
73991 1996
73992 1997
73993 1997
73994 1998
73995 1998
73996 1999
73997 1999
73998 2000
73999 2000
74000 2001
74001 2001
74002 2002
74003 2002
74004 2003
74005 2003
74006 2004
74007 2004
74008 2005
74009 2005
74010 2006
74011 2006
74012 2007
74013 2007
74014 2008
74015 2008
74016 2009
74017 2009
74018 2010
74019 2010
74020 2011
74021 2011
74022 2012
74023 2012
74024 2013
74025 2013
74026 2014
74027 2014
74028 2015
74029 2015
74030 2016
74031 2016
74032 2017
74033 2017
74034 2018
74035 2018
74036 2019
74037 2019
74038 2020
74039 2020
74040 2021
74041 2021
74042 2022
74043 2022
74044 2023
74045 2023
74046 2024
74047 2024
74048 2025
74049 2025
74050 2026
74051 2026
74052 2027
74053 2027
74054 2028
74055 2028
74056 2029
74057 2029
74058 2030
74059 2030
74060 2031
74061 2031
74062 2032
74063 2032
74064 2033
74065 2033
74066 2034
74067 2034
74068 2035
74069 2035
74070 2036
74071 2036
74072 2037
74073 2037
74074 2038
74075 2038
74076 2039
74077 2039
74078 2040
74079 2040
74080 2041
74081 2041
74082 2042
74083 2042
74084 2043
74085 2043
74086 2044
74087 2044
74088 2045
74089 2045
74090 2046
74091 2046
74092 2047
74093 2047
74094 2048
74095 2048
74096 2049
74097 2049
74098 2050
74099 2050
74100 2051
74101 2051
74102 2052
74103 2052
74104 2053
74105 2053
74106 2054
74107 2054
74108 2055
74109 2055
74110 2056
74111 2056
74112 2057
74113 2057
74114 2058
74115 2058
74116 2059
74117 2059
74118 2060
74119 2060
74120 2061
74121 2061
74122 2062
74123 2062
74124 2063
74125 2063
74126 2064
74127 2064
74128 2065
74129 2065
74130 2066
74131 2066
74132 2067
74133 2067
74134 2068
74135 2068
74136 2069
74137 2069
74138 2070
74139 2070
74140 2071
74141 2071
74142 2072
74143 2072
74144 2073
74145 2073
74146 2074
74147 2074
74148 2075
74149 2075
74150 2076
74151 2076
74152 2077
74153 2077
74154 2078
74155 2078
74156 2079
74157 2079
74158 2080
74159 2080
74160 2081
74161 2081
74162 2082
74163 2082
74164 2083
74165 2083
74166 2084
74167 2084
74168 2085
74169 2085
74170 2086
74171 2086
74172 2087
74173 2087
74174 2088
74175 2088
74176 2089
74177 2089
74178 2090
74179 2090
74180 2091
74181 2091
74182 2092
74183 2092
74184 2093
74185 2093
74186 2094
74187 2094
74188 2095
74189 2095
74190 2096
74191 2096
74192 2097
74193 2097
74194 2098
74195 2098
74196 2099
74197 2099
74198 2100
74199 2100
74200 2101
74201 2101
74202 2102
74203 2102
74204 2103
74205 2103
74206 2104
74207 2104
74208 2105
74209 2105
74210 2106
74211 2106
74212 2107
74213 2107
74214 2108
74215 2108
74216 2109
74217 2109
74218 2110
74219 2110
74220 2111
74221 2111
74222 2112
74223 2112
74224 2113
74225 2113
74226 2114
74227 2114
74228 2115
74229 2115
74230 2116
74231 2116
74232 2117
74233 2117
74234 2118
74235 2118
74236 2119
74237 2119
74238 2120
74239 2120
74240 2121
74241 2121
74242 2122
74243 2122
74244 2123
74245 2123
74246 2124
74247 2124
74248 2125
74249 2125
74250 2126
74251 2126
74252 2127
74253 2127
74254 2128
74255 2128
74256 2129
74257 2129
74258 2130
74259 2130
74260 2131
74261 2131
74262 2132
74263 2132
74264 2133
74265 2133
74266 2134
74267 2134
74268 2135
74269 2135
74270 2136
74271 2136
74272 2137
74273 2137
74274 2138
74275 2138
74276 2139
74277 2139
74278 2140
74279 2140
74280 2141
74281 2141
74282 2142
74283 2142
74284 2143
74285 2143
74286 2144
74287 2144
74288 2145
74289 2145
74290 2146
74291 2146
74292 2147
74293 2147
74294 2148
74295 2148
74296 2149
74297 2149
74298 2150
74299 2150
74300 2151
74301 2151
74302 2152
74303 2152
74304 2153
74305 2153
74306 2154
74307 2154
74308 2155
74309 2155
74310 2156
74311 2156
74312 2157
74313 2157
74314 2158
74315 2158
74316 2159
74317 2159
74318 2160
74319 2160
74320 2161
74321 2161
74322 2162
74323 2162
74324 2163
74325 2163
74326 2164
74327 2164
74328 2165
74329 2165
74330 2166
74331 2166
74332 2167
74333 2167
74334 2168
74335 2168
74336 2169
74337 2169
74338 2170
74339 2170
74340 2171
74341 2171
74342 2172
74343 2172
74344 2173
74345 2173
74346 2174
74347 2174
74348 2175
74349 2175
74350 2176
74351 2176
74352 2177
74353 2177
74354 2178
74355 2178
74356 2179
74357 2179
74358 2180
74359 2180
74360 2181
74361 2181
74362 2182
74363 2182
74364 2183
74365 2183
74366 2184
74367 2184
74368 2185
74369 2185
74370 2186
74371 2186
74372 2187
74373 2187
74374 2188
74375 2188
74376 2189
74377 2189
74378 2190
74379 2190
74380 2191
74381 2191
74382 2192
74383 2192
74384 2193
74385 2193
74386 2194
74387 2194
74388 2195
74389 2195
74390 2196
74391 2196
74392 2197
74393 2197
74394 2198
74395 2198
74396 2199
74397 2199
74398 2200
74399 2200
74400 2201
74401 2201
74402 2202
74403 2202
74404 2203
74405 2203
74406 2204
74407 2204
74408 2205
74409 2205
74410 2206
74411 2206
74412 2207
74413 2207
74414 2208
74415 2208
74416 2209
74417 2209
74418 2210
74419 2210
74420 2211
74421 2211
74422 2212
74423 2212
74424 2213
74425 2213
74426 2214
74427 2214
74428 2215
74429 2215
74430 2216
74431 2216
74432 2217
74433 2217
74434 2218
74435 2218
74436 2219
74437 2219
74438 2220
74439 2220
74440 2221
74441 2221
74442 2222
74443 2222
74444 2223
74445 2223
74446 2224
74447 2224
74448 2225
74449 2225
74450 2226
74451 2226
74452 2227
74453 2227
74454 2228
74455 2228
74456 2229
74457 2229
74458 2230
74459 2230
74460 2231
74461 2231
74462 2232
74463 2232
74464 2233
74465 2233
74466 2234
74467 2234
74468 2235
74469 2235
74470 2236
74471 2236
74472 2237
74473 2237
74474 2238
74475 2238
74476 2239
74477 2239
74478 2240
74479 2240
74480 2241
74481 2241
74482 2242
74483 2242
74484 2243
74485 2243
74486 2244
74487 2244
74488 2245
74489 2245
74490 2246
74491 2246
74492 2247
74493 2247
74494 2248
74495 2248
74496 2249
74497 2249
74498 2250
74499 2250
74500 2251
74501 2251
74502 2252
74503 2252
74504 2253
74505 2253
74506 2254
74507 2254
74508 2255
74509 2255
74510 2256
74511 2256
74512 2257
74513 2257
74514 2258
74515 2258
74516 2259
74517 2259
74518 2260
74519 2260
74520 2261
74521 2261
74522 2262
74523 2262
74524 2263
74525 2263
74526 2264
74527 2264
74528 2265
74529 2265
74530 2266
74531 2266
74532 2267
74533 2267
74534 2268
74535 2268
74536 2269
74537 2269
74538 2270
74539 2270
74540 2271
74541 2271
74542 2272
74543 2272
74544 2273
74545 2273
74546 2274
74547 2274
74548 2275
74549 2275
74550 2276
74551 2276
74552 2277
74553 2277
74554 2278
74555 2278
74556 2279
74557 2279
74558 2280
74559 2280
74560 2281
74561 2281
74562 2282
74563 2282
74564 2283
74565 2283
74566 2284
74567 2284
74568 2285
74569 2285
74570 2286
74571 2286
74572 2287
74573 2287
74574 2288
74575 2288
74576 2289
74577 2289
74578 2290
74579 2290
74580 2291
74581 2291
74582 2292
74583 2292
74584 2293
74585 2293
74586 2294
74587 2294
74588 2295
74589 2295
74590 2296
74591 2296
74592 2297
74593 2297
74594 2298
74595 2298
74596 2299
74597 2299
74598 2300
74599 2300
74600 2301
74601 2301
74602 2302
74603 2302
74604 2303
74605 2303
74606 2304
74607 2304
74608 2305
74609 2305
74610 2306
74611 2306
74612 2307
74613 2307
74614 2308
74615 2308
74616 2309
74617 2309
74618 2310
74619 2310
74620 2311
74621 2311
74622 2312
74623 2312
74624 2313
74625 2313
74626 2314
74627 2314
74628 2315
74629 2315
74630 2316
74631 2316
74632 2317
74633 2317
74634 2318
74635 2318
74636 2319
74637 2319
74638 2320
74639 2320
74640 2321
74641 2321
74642 2322
74643 2322
74644 2323
74645 2323
74646 2324
74647 2324
74648 2325
74649 2325
74650 2326
74651 2326
74652 2327
74653 2327
74654 2328
74655 2328
74656 2329
74657 2329
74658 2330
74659 2330
74660 2331
74661 2331
74662 2332
74663 2332
74664 2333
74665 2333
74666 2334
74667 2334
74668 2335
74669 2335
74670 2336
74671 2336
74672 2337
74673 2337
74674 2338
74675 2338
74676 2339
74677 2339
74678 2340
74679 2340
74680 2341
74681 2341
74682 2342
74683 2342
74684 2343
74685 2343
74686 2344
74687 2344
74688 2345
74689 2345
74690 2346
74691 2346
74692 2347
74693 2347
74694 2348
74695 2348
74696 2349
74697 2349
74698 2350
74699 2350
74700 2351
74701 2351
74702 2352
74703 2352
74704 2353
74705 2353
74706 2354
74707 2354
74708 2355
74709 2355
74710 2356
74711 2356
74712 2357
74713 2357
74714 2358
74715 2358
74716 2359
74717 2359
74718 2360
74719 2360
74720 2361
74721 2361
74722 2362
74723 2362
74724 2363
74725 2363
74726 2364
74727 2364
74728 2365
74729 2365
74730 2366
74731 2366
74732 2367
74733 2367
74734 2368
74735 2368
74736 2369
74737 2369
74738 2370
74739 2370
74740 2371
74741 2371
74742 2372
74743 2372
74744 2373
74745 2373
74746 2374
74747 2374
74748 2375
74749 2375
74750 2376
74751 2376
74752 2377
74753 2377
74754 2378
74755 2378
74756 2379
74757 2379
74758 2380
74759 2380
74760 2381
74761 2381
74762 2382
74763 2382
74764 2383
74765 2383
74766 2384
74767 2384
74768 2385
74769 2385
74770 2386
74771 2386
74772 2387
74773 2387
74774 2388
74775 2388
74776 2389
74777 2389
74778 2390
74779 2390
74780 2391
74781 2391
74782 2392
74783 2392
74784 2393
74785 2393
74786 2394
74787 2394
74788 2395
74789 2395
74790 2396
74791 2396
74792 2397
74793 2397
74794 2398
74795 2398
74796 2399
74797 2399
74798 2400
74799 2400
74800 2401
74801 2401
74802 2402
74803 2402
74804 2403
74805 2403
74806 2404
74807 2404
74808 2405
74809 2405
74810 2406
74811 2406
74812 2407
74813 2407
74814 2408
74815 2408
74816 2409
74817 2409
74818 2410
74819 2410
74820 2411
74821 2411
74822 2412
74823 2412
74824 2413
74825 2413
74826 2414
74827 2414
74828 2415
74829 2415
74830 2416
74831 2416
74832 2417
74833 2417
74834 2418
74835 2418
74836 2419
74837 2419
74838 2420
74839 2420
74840 2421
74841 2421
74842 2422
74843 2422
74844 2423
74845 2423
74846 2424
74847 2424
74848 2425
74849 2425
74850 2426
74851 2426
74852 2427
74853 2427
74854 2428
74855 2428
74856 2429
74857 2429
74858 2430
74859 2430
74860 2431
74861 2431
74862 2432
74863 2432
74864 2433
74865 2433
74866 2434
74867 2434
74868 2435
74869 2435
74870 2436
74871 2436
74872 2437
74873 2437
74874 2438
74875 2438
74876 2439
74877 2439
74878 2440
74879 2440
74880 2441
74881 2441
74882 2442
74883 2442
74884 2443
74885 2443
74886 2444
74887 2444
74888 2445
74889 2445
74890 2446
74891 2446
74892 2447
74893 2447
74894 2448
74895 2448
74896 2449
74897 2449
74898 2450
74899 2450
74900 2451
74901 2451
74902 2452
74903 2452
74904 2453
74905 2453
74906 2454
74907 2454
74908 2455
74909 2455
74910 2456
74911 2456
74912 2457
74913 2457
74914 2458
74915 2458
74916 2459
74917 2459
74918 2460
74919 2460
74920 2461
74921 2461
74922 2462
74923 2462
74924 2463
74925 2463
74926 2464
74927 2464
74928 2465
74929 2465
74930 2466
74931 2466
74932 2467
74933 2467
74934 2468
74935 2468
74936 2469
74937 2469
74938 2470
74939 2470
74940 2471
74941 2471
74942 2472
74943 2472
74944 2473
74945 2473
74946 2474
74947 2474
74948 2475
74949 2475
74950 2476
74951 2476
74952 2477
74953 2477
74954 2478
74955 2478
74956 2479
74957 2479
74958 2480
74959 2480
74960 2481
74961 2481
74962 2482
74963 2482
74964 2483
74965 2483
74966 2484
74967 2484
74968 2485
74969 2485
74970 2486
74971 2486
74972 2487
74973 2487
74974 2488
74975 2488
74976 2489
74977 2489
74978 2490
74979 2490
74980 2491
74981 2491
74982 2492
74983 2492
74984 2493
74985 2493
74986 2494
74987 2494
74988 2495
74989 2495
74990 2496
74991 2496
74992 2497
74993 2497
74994 2498
74995 2498
74996 2499
74997 2499
74998 2500
74999 2500
75000 2501
75001 2501
75002 2502
75003 2502
75004 2503
75005 2503
75006 2504
75007 2504
75008 2505
75009 2505
75010 2506
75011 2506
75012 2507
75013 2507
75014 2508
75015 2508
75016 2509
75017 2509
75018 2510
75019 2510
75020 2511
75021 2511
75022 2512
75023 2512
75024 2513
75025 2513
75026 2514
75027 2514
75028 2515
75029 2515
75030 2516
75031 2516
75032 2517
75033 2517
75034 2518
75035 2518
75036 2519
75037 2519
75038 2520
75039 2520
75040 2521
75041 2521
75042 2522
75043 2522
75044 2523
75045 2523
75046 2524
75047 2524
75048 2525
75049 2525
75050 2526
75051 2526
75052 2527
75053 2527
75054 2528
75055 2528
75056 2529
75057 2529
75058 2530
75059 2530
75060 2531
75061 2531
75062 2532
75063 2532
75064 2533
75065 2533
75066 2534
75067 2534
75068 2535
75069 2535
75070 2536
75071 2536
75072 2537
75073 2537
75074 2538
75075 2538
75076 2539
75077 2539
75078 2540
75079 2540
75080 2541
75081 2541
75082 2542
75083 2542
75084 2543
75085 2543
75086 2544
75087 2544
75088 2545
75089 2545
75090 2546
75091 2546
75092 2547
75093 2547
75094 2548
75095 2548
75096 2549
75097 2549
75098 2550
75099 2550
75100 2551
75101 2551
75102 2552
75103 2552
75104 2553
75105 2553
75106 2554
75107 2554
75108 2555
75109 2555
75110 2556
75111 2556
75112 2557
75113 2557
75114 2558
75115 2558
75116 2559
75117 2559
75118 2560
75119 2560
75120 2561
75121 2561
75122 2562
75123 2562
75124 2563
75125 2563
75126 2564
75127 2564
75128 2565
75129 2565
75130 2566
75131 2566
75132 2567
75133 2567
75134 2568
75135 2568
75136 2569
75137 2569
75138 2570
75139 2570
75140 2571
75141 2571
75142 2572
75143 2572
75144 2573
75145 2573
75146 2574
75147 2574
75148 2575
75149 2575
75150 2576
75151 2576
75152 2577
75153 2577
75154 2578
75155 2578
75156 2579
75157 2579
75158 2580
75159 2580
75160 2581
75161 2581
75162 2582
75163 2582
75164 2583
75165 2583
75166 2584
75167 2584
75168 2585
75169 2585
75170 2586
75171 2586
75172 2587
75173 2587
75174 2588
75175 2588
75176 2589
75177 2589
75178 2590
75179 2590
75180 2591
75181 2591
75182 2592
75183 2592
75184 2593
75185 2593
75186 2594
75187 2594
75188 2595
75189 2595
75190 2596
75191 2596
75192 2597
75193 2597
75194 2598
75195 2598
75196 2599
75197 2599
75198 2600
75199 2600
75200 2601
75201 2601
75202 2602
75203 2602
75204 2603
75205 2603
75206 2604
75207 2604
75208 2605
75209 2605
75210 2606
75211 2606
75212 2607
75213 2607
75214 2608
75215 2608
75216 2609
75217 2609
75218 2610
75219 2610
75220 2611
75221 2611
75222 2612
75223 2612
75224 2613
75225 2613
75226 2614
75227 2614
75228 2615
75229 2615
75230 2616
75231 2616
75232 2617
75233 2617
75234 2618
75235 2618
75236 2619
75237 2619
75238 2620
75239 2620
75240 2621
75241 2621
75242 2622
75243 2622
75244 2623
75245 2623
75246 2624
75247 2624
75248 2625
75249 2625
75250 2626
75251 2626
75252 2627
75253 2627
75254 2628
75255 2628
75256 2629
75257 2629
75258 2630
75259 2630
75260 2631
75261 2631
75262 2632
75263 2632
75264 2633
75265 2633
75266 2634
75267 2634
75268 2635
75269 2635
75270 2636
75271 2636
75272 2637
75273 2637
75274 2638
75275 2638
75276 2639
75277 2639
75278 2640
75279 2640
75280 2641
75281 2641
75282 2642
75283 2642
75284 2643
75285 2643
75286 2644
75287 2644
75288 2645
75289 2645
75290 2646
75291 2646
75292 2647
75293 2647
75294 2648
75295 2648
75296 2649
75297 2649
75298 2650
75299 2650
75300 2651
75301 2651
75302 2652
75303 2652
75304 2653
75305 2653
75306 2654
75307 2654
75308 2655
75309 2655
75310 2656
75311 2656
75312 2657
75313 2657
75314 2658
75315 2658
75316 2659
75317 2659
75318 2660
75319 2660
75320 2661
75321 2661
75322 2662
75323 2662
75324 2663
75325 2663
75326 2664
75327 2664
75328 2665
75329 2665
75330 2666
75331 2666
75332 2667
75333 2667
75334 2668
75335 2668
75336 2669
75337 2669
75338 2670
75339 2670
75340 2671
75341 2671
75342 2672
75343 2672
75344 2673
75345 2673
75346 2674
75347 2674
75348 2675
75349 2675
75350 2676
75351 2676
75352 2677
75353 2677
75354 2678
75355 2678
75356 2679
75357 2679
75358 2680
75359 2680
75360 2681
75361 2681
75362 2682
75363 2682
75364 2683
75365 2683
75366 2684
75367 2684
75368 2685
75369 2685
75370 2686
75371 2686
75372 2687
75373 2687
75374 2688
75375 2688
75376 2689
75377 2689
75378 2690
75379 2690
75380 2691
75381 2691
75382 2692
75383 2692
75384 2693
75385 2693
75386 2694
75387 2694
75388 2695
75389 2695
75390 2696
75391 2696
75392 2697
75393 2697
75394 2698
75395 2698
75396 2699
75397 2699
75398 2700
75399 2700
75400 2701
75401 2701
75402 2702
75403 2702
75404 2703
75405 2703
75406 2704
75407 2704
75408 2705
75409 2705
75410 2706
75411 2706
75412 2707
75413 2707
75414 2708
75415 2708
75416 2709
75417 2709
75418 2710
75419 2710
75420 2711
75421 2711
75422 2712
75423 2712
75424 2713
75425 2713
75426 2714
75427 2714
75428 2715
75429 2715
75430 2716
75431 2716
75432 2717
75433 2717
75434 2718
75435 2718
75436 2719
75437 2719
75438 2720
75439 2720
75440 2721
75441 2721
75442 2722
75443 2722
75444 2723
75445 2723
75446 2724
75447 2724
75448 2725
75449 2725
75450 2726
75451 2726
75452 2727
75453 2727
75454 2728
75455 2728
75456 2729
75457 2729
75458 2730
75459 2730
75460 2731
75461 2731
75462 2732
75463 2732
75464 2733
75465 2733
75466 2734
75467 2734
75468 2735
75469 2735
75470 2736
75471 2736
75472 2737
75473 2737
75474 2738
75475 2738
75476 2739
75477 2739
75478 2740
75479 2740
75480 2741
75481 2741
75482 2742
75483 2742
75484 2743
75485 2743
75486 2744
75487 2744
75488 2745
75489 2745
75490 2746
75491 2746
75492 2747
75493 2747
75494 2748
75495 2748
75496 2749
75497 2749
75498 2750
75499 2750
75500 2751
75501 2751
75502 2752
75503 2752
75504 2753
75505 2753
75506 2754
75507 2754
75508 2755
75509 2755
75510 2756
75511 2756
75512 2757
75513 2757
75514 2758
75515 2758
75516 2759
75517 2759
75518 2760
75519 2760
75520 2761
75521 2761
75522 2762
75523 2762
75524 2763
75525 2763
75526 2764
75527 2764
75528 2765
75529 2765
75530 2766
75531 2766
75532 2767
75533 2767
75534 2768
75535 2768
75536 2769
75537 2769
75538 2770
75539 2770
75540 2771
75541 2771
75542 2772
75543 2772
75544 2773
75545 2773
75546 2774
75547 2774
75548 2775
75549 2775
75550 2776
75551 2776
75552 2777
75553 2777
75554 2778
75555 2778
75556 2779
75557 2779
75558 2780
75559 2780
75560 2781
75561 2781
75562 2782
75563 2782
75564 2783
75565 2783
75566 2784
75567 2784
75568 2785
75569 2785
75570 2786
75571 2786
75572 2787
75573 2787
75574 2788
75575 2788
75576 2789
75577 2789
75578 2790
75579 2790
75580 2791
75581 2791
75582 2792
75583 2792
75584 2793
75585 2793
75586 2794
75587 2794
75588 2795
75589 2795
75590 2796
75591 2796
75592 2797
75593 2797
75594 2798
75595 2798
75596 2799
75597 2799
75598 2800
75599 2800
75600 2801
75601 2801
75602 2802
75603 2802
75604 2803
75605 2803
75606 2804
75607 2804
75608 2805
75609 2805
75610 2806
75611 2806
75612 2807
75613 2807
75614 2808
75615 2808
75616 2809
75617 2809
75618 2810
75619 2810
75620 2811
75621 2811
75622 2812
75623 2812
75624 2813
75625 2813
75626 2814
75627 2814
75628 2815
75629 2815
75630 2816
75631 2816
75632 2817
75633 2817
75634 2818
75635 2818
75636 2819
75637 2819
75638 2820
75639 2820
75640 2821
75641 2821
75642 2822
75643 2822
75644 2823
75645 2823
75646 2824
75647 2824
75648 2825
75649 2825
75650 2826
75651 2826
75652 2827
75653 2827
75654 2828
75655 2828
75656 2829
75657 2829
75658 2830
75659 2830
75660 2831
75661 2831
75662 2832
75663 2832
75664 2833
75665 2833
75666 2834
75667 2834
75668 2835
75669 2835
75670 2836
75671 2836
75672 2837
75673 2837
75674 2838
75675 2838
75676 2839
75677 2839
75678 2840
75679 2840
75680 2841
75681 2841
75682 2842
75683 2842
75684 2843
75685 2843
75686 2844
75687 2844
75688 2845
75689 2845
75690 2846
75691 2846
75692 2847
75693 2847
75694 2848
75695 2848
75696 2849
75697 2849
75698 2850
75699 2850
75700 2851
75701 2851
75702 2852
75703 2852
75704 2853
75705 2853
75706 2854
75707 2854
75708 2855
75709 2855
75710 2856
75711 2856
75712 2857
75713 2857
75714 2858
75715 2858
75716 2859
75717 2859
75718 2860
75719 2860
75720 2861
75721 2861
75722 2862
75723 2862
75724 2863
75725 2863
75726 2864
75727 2864
75728 2865
75729 2865
75730 2866
75731 2866
75732 2867
75733 2867
75734 2868
75735 2868
75736 2869
75737 2869
75738 2870
75739 2870
75740 2871
75741 2871
75742 2872
75743 2872
75744 2873
75745 2873
75746 2874
75747 2874
75748 2875
75749 2875
75750 2876
75751 2876
75752 2877
75753 2877
75754 2878
75755 2878
75756 2879
75757 2879
75758 2880
75759 2880
75760 2881
75761 2881
75762 2882
75763 2882
75764 2883
75765 2883
75766 2884
75767 2884
75768 2885
75769 2885
75770 2886
75771 2886
75772 2887
75773 2887
75774 2888
75775 2888
75776 2889
75777 2889
75778 2890
75779 2890
75780 2891
75781 2891
75782 2892
75783 2892
75784 2893
75785 2893
75786 2894
75787 2894
75788 2895
75789 2895
75790 2896
75791 2896
75792 2897
75793 2897
75794 2898
75795 2898
75796 2899
75797 2899
75798 2900
75799 2900
75800 2901
75801 2901
75802 2902
75803 2902
75804 2903
75805 2903
75806 2904
75807 2904
75808 2905
75809 2905
75810 2906
75811 2906
75812 2907
75813 2907
75814 2908
75815 2908
75816 2909
75817 2909
75818 2910
75819 2910
75820 2911
75821 2911
75822 2912
75823 2912
75824 2913
75825 2913
75826 2914
75827 2914
75828 2915
75829 2915
75830 2916
75831 2916
75832 2917
75833 2917
75834 2918
75835 2918
75836 2919
75837 2919
75838 2920
75839 2920
75840 2921
75841 2921
75842 2922
75843 2922
75844 2923
75845 2923
75846 2924
75847 2924
75848 2925
75849 2925
75850 2926
75851 2926
75852 2927
75853 2927
75854 2928
75855 2928
75856 2929
75857 2929
75858 2930
75859 2930
75860 2931
75861 2931
75862 2932
75863 2932
75864 2933
75865 2933
75866 2934
75867 2934
75868 2935
75869 2935
75870 2936
75871 2936
75872 2937
75873 2937
75874 2938
75875 2938
75876 2939
75877 2939
75878 2940
75879 2940
75880 2941
75881 2941
75882 2942
75883 2942
75884 2943
75885 2943
75886 2944
75887 2944
75888 2945
75889 2945
75890 2946
75891 2946
75892 2947
75893 2947
75894 2948
75895 2948
75896 2949
75897 2949
75898 2950
75899 2950
75900 2951
75901 2951
75902 2952
75903 2952
75904 2953
75905 2953
75906 2954
75907 2954
75908 2955
75909 2955
75910 2956
75911 2956
75912 2957
75913 2957
75914 2958
75915 2958
75916 2959
75917 2959
75918 2960
75919 2960
75920 2961
75921 2961
75922 2962
75923 2962
75924 2963
75925 2963
75926 2964
75927 2964
75928 2965
75929 2965
75930 2966
75931 2966
75932 2967
75933 2967
75934 2968
75935 2968
75936 2969
75937 2969
75938 2970
75939 2970
75940 2971
75941 2971
75942 2972
75943 2972
75944 2973
75945 2973
75946 2974
75947 2974
75948 2975
75949 2975
75950 2976
75951 2976
75952 2977
75953 2977
75954 2978
75955 2978
75956 2979
75957 2979
75958 2980
75959 2980
75960 2981
75961 2981
75962 2982
75963 2982
75964 2983
75965 2983
75966 2984
75967 2984
75968 2985
75969 2985
75970 2986
75971 2986
75972 2987
75973 2987
75974 2988
75975 2988
75976 2989
75977 2989
75978 2990
75979 2990
75980 2991
75981 2991
75982 2992
75983 2992
75984 2993
75985 2993
75986 2994
75987 2994
75988 2995
75989 2995
75990 2996
75991 2996
75992 2997
75993 2997
75994 2998
75995 2998
75996 2999
75997 2999
75998 3000
75999 3000
76000 3001
76001 3001
76002 3002
76003 3002
76004 3003
76005 3003
76006 3004
76007 3004
76008 3005
76009 3005
76010 3006
76011 3006
76012 3007
76013 3007
76014 3008
76015 3008
76016 3009
76017 3009
76018 3010
76019 3010
76020 3011
76021 3011
76022 3012
76023 3012
76024 3013
76025 3013
76026 3014
76027 3014
76028 3015
76029 3015
76030 3016
76031 3016
76032 3017
76033 3017
76034 3018
76035 3018
76036 3019
76037 3019
76038 3020
76039 3020
76040 3021
76041 3021
76042 3022
76043 3022
76044 3023
76045 3023
76046 3024
76047 3024
76048 3025
76049 3025
76050 3026
76051 3026
76052 3027
76053 3027
76054 3028
76055 3028
76056 3029
76057 3029
76058 3030
76059 3030
76060 3031
76061 3031
76062 3032
76063 3032
76064 3033
76065 3033
76066 3034
76067 3034
76068 3035
76069 3035
76070 3036
76071 3036
76072 3037
76073 3037
76074 3038
76075 3038
76076 3039
76077 3039
76078 3040
76079 3040
76080 3041
76081 3041
76082 3042
76083 3042
76084 3043
76085 3043
76086 3044
76087 3044
76088 3045
76089 3045
76090 3046
76091 3046
76092 3047
76093 3047
76094 3048
76095 3048
76096 3049
76097 3049
76098 3050
76099 3050
76100 3051
76101 3051
76102 3052
76103 3052
76104 3053
76105 3053
76106 3054
76107 3054
76108 3055
76109 3055
76110 3056
76111 3056
76112 3057
76113 3057
76114 3058
76115 3058
76116 3059
76117 3059
76118 3060
76119 3060
76120 3061
76121 3061
76122 3062
76123 3062
76124 3063
76125 3063
76126 3064
76127 3064
76128 3065
76129 3065
76130 3066
76131 3066
76132 3067
76133 3067
76134 3068
76135 3068
76136 3069
76137 3069
76138 3070
76139 3070
76140 3071
76141 3071
76142 3072
76143 3072
76144 3073
76145 3073
76146 3074
76147 3074
76148 3075
76149 3075
76150 3076
76151 3076
76152 3077
76153 3077
76154 3078
76155 3078
76156 3079
76157 3079
76158 3080
76159 3080
76160 3081
76161 3081
76162 3082
76163 3082
76164 3083
76165 3083
76166 3084
76167 3084
76168 3085
76169 3085
76170 3086
76171 3086
76172 3087
76173 3087
76174 3088
76175 3088
76176 3089
76177 3089
76178 3090
76179 3090
76180 3091
76181 3091
76182 3092
76183 3092
76184 3093
76185 3093
76186 3094
76187 3094
76188 3095
76189 3095
76190 3096
76191 3096
76192 3097
76193 3097
76194 3098
76195 3098
76196 3099
76197 3099
76198 3100
76199 3100
76200 3101
76201 3101
76202 3102
76203 3102
76204 3103
76205 3103
76206 3104
76207 3104
76208 3105
76209 3105
76210 3106
76211 3106
76212 3107
76213 3107
76214 3108
76215 3108
76216 3109
76217 3109
76218 3110
76219 3110
76220 3111
76221 3111
76222 3112
76223 3112
76224 3113
76225 3113
76226 3114
76227 3114
76228 3115
76229 3115
76230 3116
76231 3116
76232 3117
76233 3117
76234 3118
76235 3118
76236 3119
76237 3119
76238 3120
76239 3120
76240 3121
76241 3121
76242 3122
76243 3122
76244 3123
76245 3123
76246 3124
76247 3124
76248 3125
76249 3125
76250 3126
76251 3126
76252 3127
76253 3127
76254 3128
76255 3128
76256 3129
76257 3129
76258 3130
76259 3130
76260 3131
76261 3131
76262 3132
76263 3132
76264 3133
76265 3133
76266 3134
76267 3134
76268 3135
76269 3135
76270 3136
76271 3136
76272 3137
76273 3137
76274 3138
76275 3138
76276 3139
76277 3139
76278 3140
76279 3140
76280 3141
76281 3141
76282 3142
76283 3142
76284 3143
76285 3143
76286 3144
76287 3144
76288 3145
76289 3145
76290 3146
76291 3146
76292 3147
76293 3147
76294 3148
76295 3148
76296 3149
76297 3149
76298 3150
76299 3150
76300 3151
76301 3151
76302 3152
76303 3152
76304 3153
76305 3153
76306 3154
76307 3154
76308 3155
76309 3155
76310 3156
76311 3156
76312 3157
76313 3157
76314 3158
76315 3158
76316 3159
76317 3159
76318 3160
76319 3160
76320 3161
76321 3161
76322 3162
76323 3162
76324 3163
76325 3163
76326 3164
76327 3164
76328 3165
76329 3165
76330 3166
76331 3166
76332 3167
76333 3167
76334 3168
76335 3168
76336 3169
76337 3169
76338 3170
76339 3170
76340 3171
76341 3171
76342 3172
76343 3172
76344 3173
76345 3173
76346 3174
76347 3174
76348 3175
76349 3175
76350 3176
76351 3176
76352 3177
76353 3177
76354 3178
76355 3178
76356 3179
76357 3179
76358 3180
76359 3180
76360 3181
76361 3181
76362 3182
76363 3182
76364 3183
76365 3183
76366 3184
76367 3184
76368 3185
76369 3185
76370 3186
76371 3186
76372 3187
76373 3187
76374 3188
76375 3188
76376 3189
76377 3189
76378 3190
76379 3190
76380 3191
76381 3191
76382 3192
76383 3192
76384 3193
76385 3193
76386 3194
76387 3194
76388 3195
76389 3195
76390 3196
76391 3196
76392 3197
76393 3197
76394 3198
76395 3198
76396 3199
76397 3199
76398 3200
76399 3200
76400 3201
76401 3201
76402 3202
76403 3202
76404 3203
76405 3203
76406 3204
76407 3204
76408 3205
76409 3205
76410 3206
76411 3206
76412 3207
76413 3207
76414 3208
76415 3208
76416 3209
76417 3209
76418 3210
76419 3210
76420 3211
76421 3211
76422 3212
76423 3212
76424 3213
76425 3213
76426 3214
76427 3214
76428 3215
76429 3215
76430 3216
76431 3216
76432 3217
76433 3217
76434 3218
76435 3218
76436 3219
76437 3219
76438 3220
76439 3220
76440 3221
76441 3221
76442 3222
76443 3222
76444 3223
76445 3223
76446 3224
76447 3224
76448 3225
76449 3225
76450 3226
76451 3226
76452 3227
76453 3227
76454 3228
76455 3228
76456 3229
76457 3229
76458 3230
76459 3230
76460 3231
76461 3231
76462 3232
76463 3232
76464 3233
76465 3233
76466 3234
76467 3234
76468 3235
76469 3235
76470 3236
76471 3236
76472 3237
76473 3237
76474 3238
76475 3238
76476 3239
76477 3239
76478 3240
76479 3240
76480 3241
76481 3241
76482 3242
76483 3242
76484 3243
76485 3243
76486 3244
76487 3244
76488 3245
76489 3245
76490 3246
76491 3246
76492 3247
76493 3247
76494 3248
76495 3248
76496 3249
76497 3249
76498 3250
76499 3250
76500 3251
76501 3251
76502 3252
76503 3252
76504 3253
76505 3253
76506 3254
76507 3254
76508 3255
76509 3255
76510 3256
76511 3256
76512 3257
76513 3257
76514 3258
76515 3258
76516 3259
76517 3259
76518 3260
76519 3260
76520 3261
76521 3261
76522 3262
76523 3262
76524 3263
76525 3263
76526 3264
76527 3264
76528 3265
76529 3265
76530 3266
76531 3266
76532 3267
76533 3267
76534 3268
76535 3268
76536 3269
76537 3269
76538 3270
76539 3270
76540 3271
76541 3271
76542 3272
76543 3272
76544 3273
76545 3273
76546 3274
76547 3274
76548 3275
76549 3275
76550 3276
76551 3276
76552 3277
76553 3277
76554 3278
76555 3278
76556 3279
76557 3279
76558 3280
76559 3280
76560 3281
76561 3281
76562 3282
76563 3282
76564 3283
76565 3283
76566 3284
76567 3284
76568 3285
76569 3285
76570 3286
76571 3286
76572 3287
76573 3287
76574 3288
76575 3288
76576 3289
76577 3289
76578 3290
76579 3290
76580 3291
76581 3291
76582 3292
76583 3292
76584 3293
76585 3293
76586 3294
76587 3294
76588 3295
76589 3295
76590 3296
76591 3296
76592 3297
76593 3297
76594 3298
76595 3298
76596 3299
76597 3299
76598 3300
76599 3300
76600 3301
76601 3301
76602 3302
76603 3302
76604 3303
76605 3303
76606 3304
76607 3304
76608 3305
76609 3305
76610 3306
76611 3306
76612 3307
76613 3307
76614 3308
76615 3308
76616 3309
76617 3309
76618 3310
76619 3310
76620 3311
76621 3311
76622 3312
76623 3312
76624 3313
76625 3313
76626 3314
76627 3314
76628 3315
76629 3315
76630 3316
76631 3316
76632 3317
76633 3317
76634 3318
76635 3318
76636 3319
76637 3319
76638 3320
76639 3320
76640 3321
76641 3321
76642 3322
76643 3322
76644 3323
76645 3323
76646 3324
76647 3324
76648 3325
76649 3325
76650 3326
76651 3326
76652 3327
76653 3327
76654 3328
76655 3328
76656 3329
76657 3329
76658 3330
76659 3330
76660 3331
76661 3331
76662 3332
76663 3332
76664 3333
76665 3333
76666 3334
76667 3334
76668 3335
76669 3335
76670 3336
76671 3336
76672 3337
76673 3337
76674 3338
76675 3338
76676 3339
76677 3339
76678 3340
76679 3340
76680 3341
76681 3341
76682 3342
76683 3342
76684 3343
76685 3343
76686 3344
76687 3344
76688 3345
76689 3345
76690 3346
76691 3346
76692 3347
76693 3347
76694 3348
76695 3348
76696 3349
76697 3349
76698 3350
76699 3350
76700 3351
76701 3351
76702 3352
76703 3352
76704 3353
76705 3353
76706 3354
76707 3354
76708 3355
76709 3355
76710 3356
76711 3356
76712 3357
76713 3357
76714 3358
76715 3358
76716 3359
76717 3359
76718 3360
76719 3360
76720 3361
76721 3361
76722 3362
76723 3362
76724 3363
76725 3363
76726 3364
76727 3364
76728 3365
76729 3365
76730 3366
76731 3366
76732 3367
76733 3367
76734 3368
76735 3368
76736 3369
76737 3369
76738 3370
76739 3370
76740 3371
76741 3371
76742 3372
76743 3372
76744 3373
76745 3373
76746 3374
76747 3374
76748 3375
76749 3375
76750 3376
76751 3376
76752 3377
76753 3377
76754 3378
76755 3378
76756 3379
76757 3379
76758 3380
76759 3380
76760 3381
76761 3381
76762 3382
76763 3382
76764 3383
76765 3383
76766 3384
76767 3384
76768 3385
76769 3385
76770 3386
76771 3386
76772 3387
76773 3387
76774 3388
76775 3388
76776 3389
76777 3389
76778 3390
76779 3390
76780 3391
76781 3391
76782 3392
76783 3392
76784 3393
76785 3393
76786 3394
76787 3394
76788 3395
76789 3395
76790 3396
76791 3396
76792 3397
76793 3397
76794 3398
76795 3398
76796 3399
76797 3399
76798 3400
76799 3400
76800 3401
76801 3401
76802 3402
76803 3402
76804 3403
76805 3403
76806 3404
76807 3404
76808 3405
76809 3405
76810 3406
76811 3406
76812 3407
76813 3407
76814 3408
76815 3408
76816 3409
76817 3409
76818 3410
76819 3410
76820 3411
76821 3411
76822 3412
76823 3412
76824 3413
76825 3413
76826 3414
76827 3414
76828 3415
76829 3415
76830 3416
76831 3416
76832 3417
76833 3417
76834 3418
76835 3418
76836 3419
76837 3419
76838 3420
76839 3420
76840 3421
76841 3421
76842 3422
76843 3422
76844 3423
76845 3423
76846 3424
76847 3424
76848 3425
76849 3425
76850 3426
76851 3426
76852 3427
76853 3427
76854 3428
76855 3428
76856 3429
76857 3429
76858 3430
76859 3430
76860 3431
76861 3431
76862 3432
76863 3432
76864 3433
76865 3433
76866 3434
76867 3434
76868 3435
76869 3435
76870 3436
76871 3436
76872 3437
76873 3437
76874 3438
76875 3438
76876 3439
76877 3439
76878 3440
76879 3440
76880 3441
76881 3441
76882 3442
76883 3442
76884 3443
76885 3443
76886 3444
76887 3444
76888 3445
76889 3445
76890 3446
76891 3446
76892 3447
76893 3447
76894 3448
76895 3448
76896 3449
76897 3449
76898 3450
76899 3450
76900 3451
76901 3451
76902 3452
76903 3452
76904 3453
76905 3453
76906 3454
76907 3454
76908 3455
76909 3455
76910 3456
76911 3456
76912 3457
76913 3457
76914 3458
76915 3458
76916 3459
76917 3459
76918 3460
76919 3460
76920 3461
76921 3461
76922 3462
76923 3462
76924 3463
76925 3463
76926 3464
76927 3464
76928 3465
76929 3465
76930 3466
76931 3466
76932 3467
76933 3467
76934 3468
76935 3468
76936 3469
76937 3469
76938 3470
76939 3470
76940 3471
76941 3471
76942 3472
76943 3472
76944 3473
76945 3473
76946 3474
76947 3474
76948 3475
76949 3475
76950 3476
76951 3476
76952 3477
76953 3477
76954 3478
76955 3478
76956 3479
76957 3479
76958 3480
76959 3480
76960 3481
76961 3481
76962 3482
76963 3482
76964 3483
76965 3483
76966 3484
76967 3484
76968 3485
76969 3485
76970 3486
76971 3486
76972 3487
76973 3487
76974 3488
76975 3488
76976 3489
76977 3489
76978 3490
76979 3490
76980 3491
76981 3491
76982 3492
76983 3492
76984 3493
76985 3493
76986 3494
76987 3494
76988 3495
76989 3495
76990 3496
76991 3496
76992 3497
76993 3497
76994 3498
76995 3498
76996 3499
76997 3499
76998 3500
76999 3500
77000 3501
77001 3501
77002 3502
77003 3502
77004 3503
77005 3503
77006 3504
77007 3504
77008 3505
77009 3505
77010 3506
77011 3506
77012 3507
77013 3507
77014 3508
77015 3508
77016 3509
77017 3509
77018 3510
77019 3510
77020 3511
77021 3511
77022 3512
77023 3512
77024 3513
77025 3513
77026 3514
77027 3514
77028 3515
77029 3515
77030 3516
77031 3516
77032 3517
77033 3517
77034 3518
77035 3518
77036 3519
77037 3519
77038 3520
77039 3520
77040 3521
77041 3521
77042 3522
77043 3522
77044 3523
77045 3523
77046 3524
77047 3524
77048 3525
77049 3525
77050 3526
77051 3526
77052 3527
77053 3527
77054 3528
77055 3528
77056 3529
77057 3529
77058 3530
77059 3530
77060 3531
77061 3531
77062 3532
77063 3532
77064 3533
77065 3533
77066 3534
77067 3534
77068 3535
77069 3535
77070 3536
77071 3536
77072 3537
77073 3537
77074 3538
77075 3538
77076 3539
77077 3539
77078 3540
77079 3540
77080 3541
77081 3541
77082 3542
77083 3542
77084 3543
77085 3543
77086 3544
77087 3544
77088 3545
77089 3545
77090 3546
77091 3546
77092 3547
77093 3547
77094 3548
77095 3548
77096 3549
77097 3549
77098 3550
77099 3550
77100 3551
77101 3551
77102 3552
77103 3552
77104 3553
77105 3553
77106 3554
77107 3554
77108 3555
77109 3555
77110 3556
77111 3556
77112 3557
77113 3557
77114 3558
77115 3558
77116 3559
77117 3559
77118 3560
77119 3560
77120 3561
77121 3561
77122 3562
77123 3562
77124 3563
77125 3563
77126 3564
77127 3564
77128 3565
77129 3565
77130 3566
77131 3566
77132 3567
77133 3567
77134 3568
77135 3568
77136 3569
77137 3569
77138 3570
77139 3570
77140 3571
77141 3571
77142 3572
77143 3572
77144 3573
77145 3573
77146 3574
77147 3574
77148 3575
77149 3575
77150 3576
77151 3576
77152 3577
77153 3577
77154 3578
77155 3578
77156 3579
77157 3579
77158 3580
77159 3580
77160 3581
77161 3581
77162 3582
77163 3582
77164 3583
77165 3583
77166 3584
77167 3584
77168 3585
77169 3585
77170 3586
77171 3586
77172 3587
77173 3587
77174 3588
77175 3588
77176 3589
77177 3589
77178 3590
77179 3590
77180 3591
77181 3591
77182 3592
77183 3592
77184 3593
77185 3593
77186 3594
77187 3594
77188 3595
77189 3595
77190 3596
77191 3596
77192 3597
77193 3597
77194 3598
77195 3598
77196 3599
77197 3599
77198 3600
77199 3600
77200 3601
77201 3601
77202 3602
77203 3602
77204 3603
77205 3603
77206 3604
77207 3604
77208 3605
77209 3605
77210 3606
77211 3606
77212 3607
77213 3607
77214 3608
77215 3608
77216 3609
77217 3609
77218 3610
77219 3610
77220 3611
77221 3611
77222 3612
77223 3612
77224 3613
77225 3613
77226 3614
77227 3614
77228 3615
77229 3615
77230 3616
77231 3616
77232 3617
77233 3617
77234 3618
77235 3618
77236 3619
77237 3619
77238 3620
77239 3620
77240 3621
77241 3621
77242 3622
77243 3622
77244 3623
77245 3623
77246 3624
77247 3624
77248 3625
77249 3625
77250 3626
77251 3626
77252 3627
77253 3627
77254 3628
77255 3628
77256 3629
77257 3629
77258 3630
77259 3630
77260 3631
77261 3631
77262 3632
77263 3632
77264 3633
77265 3633
77266 3634
77267 3634
77268 3635
77269 3635
77270 3636
77271 3636
77272 3637
77273 3637
77274 3638
77275 3638
77276 3639
77277 3639
77278 3640
77279 3640
77280 3641
77281 3641
77282 3642
77283 3642
77284 3643
77285 3643
77286 3644
77287 3644
77288 3645
77289 3645
77290 3646
77291 3646
77292 3647
77293 3647
77294 3648
77295 3648
77296 3649
77297 3649
77298 3650
77299 3650
77300 3651
77301 3651
77302 3652
77303 3652
77304 3653
77305 3653
77306 3654
77307 3654
77308 3655
77309 3655
77310 3656
77311 3656
77312 3657
77313 3657
77314 3658
77315 3658
77316 3659
77317 3659
77318 3660
77319 3660
77320 3661
77321 3661
77322 3662
77323 3662
77324 3663
77325 3663
77326 3664
77327 3664
77328 3665
77329 3665
77330 3666
77331 3666
77332 3667
77333 3667
77334 3668
77335 3668
77336 3669
77337 3669
77338 3670
77339 3670
77340 3671
77341 3671
77342 3672
77343 3672
77344 3673
77345 3673
77346 3674
77347 3674
77348 3675
77349 3675
77350 3676
77351 3676
77352 3677
77353 3677
77354 3678
77355 3678
77356 3679
77357 3679
77358 3680
77359 3680
77360 3681
77361 3681
77362 3682
77363 3682
77364 3683
77365 3683
77366 3684
77367 3684
77368 3685
77369 3685
77370 3686
77371 3686
77372 3687
77373 3687
77374 3688
77375 3688
77376 3689
77377 3689
77378 3690
77379 3690
77380 3691
77381 3691
77382 3692
77383 3692
77384 3693
77385 3693
77386 3694
77387 3694
77388 3695
77389 3695
77390 3696
77391 3696
77392 3697
77393 3697
77394 3698
77395 3698
77396 3699
77397 3699
77398 3700
77399 3700
77400 3701
77401 3701
77402 3702
77403 3702
77404 3703
77405 3703
77406 3704
77407 3704
77408 3705
77409 3705
77410 3706
77411 3706
77412 3707
77413 3707
77414 3708
77415 3708
77416 3709
77417 3709
77418 3710
77419 3710
77420 3711
77421 3711
77422 3712
77423 3712
77424 3713
77425 3713
77426 3714
77427 3714
77428 3715
77429 3715
77430 3716
77431 3716
77432 3717
77433 3717
77434 3718
77435 3718
77436 3719
77437 3719
77438 3720
77439 3720
77440 3721
77441 3721
77442 3722
77443 3722
77444 3723
77445 3723
77446 3724
77447 3724
77448 3725
77449 3725
77450 3726
77451 3726
77452 3727
77453 3727
77454 3728
77455 3728
77456 3729
77457 3729
77458 3730
77459 3730
77460 3731
77461 3731
77462 3732
77463 3732
77464 3733
77465 3733
77466 3734
77467 3734
77468 3735
77469 3735
77470 3736
77471 3736
77472 3737
77473 3737
77474 3738
77475 3738
77476 3739
77477 3739
77478 3740
77479 3740
77480 3741
77481 3741
77482 3742
77483 3742
77484 3743
77485 3743
77486 3744
77487 3744
77488 3745
77489 3745
77490 3746
77491 3746
77492 3747
77493 3747
77494 3748
77495 3748
77496 3749
77497 3749
77498 3750
77499 3750
77500 3751
77501 3751
77502 3752
77503 3752
77504 3753
77505 3753
77506 3754
77507 3754
77508 3755
77509 3755
77510 3756
77511 3756
77512 3757
77513 3757
77514 3758
77515 3758
77516 3759
77517 3759
77518 3760
77519 3760
77520 3761
77521 3761
77522 3762
77523 3762
77524 3763
77525 3763
77526 3764
77527 3764
77528 3765
77529 3765
77530 3766
77531 3766
77532 3767
77533 3767
77534 3768
77535 3768
77536 3769
77537 3769
77538 3770
77539 3770
77540 3771
77541 3771
77542 3772
77543 3772
77544 3773
77545 3773
77546 3774
77547 3774
77548 3775
77549 3775
77550 3776
77551 3776
77552 3777
77553 3777
77554 3778
77555 3778
77556 3779
77557 3779
77558 3780
77559 3780
77560 3781
77561 3781
77562 3782
77563 3782
77564 3783
77565 3783
77566 3784
77567 3784
77568 3785
77569 3785
77570 3786
77571 3786
77572 3787
77573 3787
77574 3788
77575 3788
77576 3789
77577 3789
77578 3790
77579 3790
77580 3791
77581 3791
77582 3792
77583 3792
77584 3793
77585 3793
77586 3794
77587 3794
77588 3795
77589 3795
77590 3796
77591 3796
77592 3797
77593 3797
77594 3798
77595 3798
77596 3799
77597 3799
77598 3800
77599 3800
77600 3801
77601 3801
77602 3802
77603 3802
77604 3803
77605 3803
77606 3804
77607 3804
77608 3805
77609 3805
77610 3806
77611 3806
77612 3807
77613 3807
77614 3808
77615 3808
77616 3809
77617 3809
77618 3810
77619 3810
77620 3811
77621 3811
77622 3812
77623 3812
77624 3813
77625 3813
77626 3814
77627 3814
77628 3815
77629 3815
77630 3816
77631 3816
77632 3817
77633 3817
77634 3818
77635 3818
77636 3819
77637 3819
77638 3820
77639 3820
77640 3821
77641 3821
77642 3822
77643 3822
77644 3823
77645 3823
77646 3824
77647 3824
77648 3825
77649 3825
77650 3826
77651 3826
77652 3827
77653 3827
77654 3828
77655 3828
77656 3829
77657 3829
77658 3830
77659 3830
77660 3831
77661 3831
77662 3832
77663 3832
77664 3833
77665 3833
77666 3834
77667 3834
77668 3835
77669 3835
77670 3836
77671 3836
77672 3837
77673 3837
77674 3838
77675 3838
77676 3839
77677 3839
77678 3840
77679 3840
77680 3841
77681 3841
77682 3842
77683 3842
77684 3843
77685 3843
77686 3844
77687 3844
77688 3845
77689 3845
77690 3846
77691 3846
77692 3847
77693 3847
77694 3848
77695 3848
77696 3849
77697 3849
77698 3850
77699 3850
77700 3851
77701 3851
77702 3852
77703 3852
77704 3853
77705 3853
77706 3854
77707 3854
77708 3855
77709 3855
77710 3856
77711 3856
77712 3857
77713 3857
77714 3858
77715 3858
77716 3859
77717 3859
77718 3860
77719 3860
77720 3861
77721 3861
77722 3862
77723 3862
77724 3863
77725 3863
77726 3864
77727 3864
77728 3865
77729 3865
77730 3866
77731 3866
77732 3867
77733 3867
77734 3868
77735 3868
77736 3869
77737 3869
77738 3870
77739 3870
77740 3871
77741 3871
77742 3872
77743 3872
77744 3873
77745 3873
77746 3874
77747 3874
77748 3875
77749 3875
77750 3876
77751 3876
77752 3877
77753 3877
77754 3878
77755 3878
77756 3879
77757 3879
77758 3880
77759 3880
77760 3881
77761 3881
77762 3882
77763 3882
77764 3883
77765 3883
77766 3884
77767 3884
77768 3885
77769 3885
77770 3886
77771 3886
77772 3887
77773 3887
77774 3888
77775 3888
77776 3889
77777 3889
77778 3890
77779 3890
77780 3891
77781 3891
77782 3892
77783 3892
77784 3893
77785 3893
77786 3894
77787 3894
77788 3895
77789 3895
77790 3896
77791 3896
77792 3897
77793 3897
77794 3898
77795 3898
77796 3899
77797 3899
77798 3900
77799 3900
77800 3901
77801 3901
77802 3902
77803 3902
77804 3903
77805 3903
77806 3904
77807 3904
77808 3905
77809 3905
77810 3906
77811 3906
77812 3907
77813 3907
77814 3908
77815 3908
77816 3909
77817 3909
77818 3910
77819 3910
77820 3911
77821 3911
77822 3912
77823 3912
77824 3913
77825 3913
77826 3914
77827 3914
77828 3915
77829 3915
77830 3916
77831 3916
77832 3917
77833 3917
77834 3918
77835 3918
77836 3919
77837 3919
77838 3920
77839 3920
77840 3921
77841 3921
77842 3922
77843 3922
77844 3923
77845 3923
77846 3924
77847 3924
77848 3925
77849 3925
77850 3926
77851 3926
77852 3927
77853 3927
77854 3928
77855 3928
77856 3929
77857 3929
77858 3930
77859 3930
77860 3931
77861 3931
77862 3932
77863 3932
77864 3933
77865 3933
77866 3934
77867 3934
77868 3935
77869 3935
77870 3936
77871 3936
77872 3937
77873 3937
77874 3938
77875 3938
77876 3939
77877 3939
77878 3940
77879 3940
77880 3941
77881 3941
77882 3942
77883 3942
77884 3943
77885 3943
77886 3944
77887 3944
77888 3945
77889 3945
77890 3946
77891 3946
77892 3947
77893 3947
77894 3948
77895 3948
77896 3949
77897 3949
77898 3950
77899 3950
77900 3951
77901 3951
77902 3952
77903 3952
77904 3953
77905 3953
77906 3954
77907 3954
77908 3955
77909 3955
77910 3956
77911 3956
77912 3957
77913 3957
77914 3958
77915 3958
77916 3959
77917 3959
77918 3960
77919 3960
77920 3961
77921 3961
77922 3962
77923 3962
77924 3963
77925 3963
77926 3964
77927 3964
77928 3965
77929 3965
77930 3966
77931 3966
77932 3967
77933 3967
77934 3968
77935 3968
77936 3969
77937 3969
77938 3970
77939 3970
77940 3971
77941 3971
77942 3972
77943 3972
77944 3973
77945 3973
77946 3974
77947 3974
77948 3975
77949 3975
77950 3976
77951 3976
77952 3977
77953 3977
77954 3978
77955 3978
77956 3979
77957 3979
77958 3980
77959 3980
77960 3981
77961 3981
77962 3982
77963 3982
77964 3983
77965 3983
77966 3984
77967 3984
77968 3985
77969 3985
77970 3986
77971 3986
77972 3987
77973 3987
77974 3988
77975 3988
77976 3989
77977 3989
77978 3990
77979 3990
77980 3991
77981 3991
77982 3992
77983 3992
77984 3993
77985 3993
77986 3994
77987 3994
77988 3995
77989 3995
77990 3996
77991 3996
77992 3997
77993 3997
77994 3998
77995 3998
77996 3999
77997 3999
77998 4000
77999 4000
78000 4001
78001 4001
78002 4002
78003 4002
78004 4003
78005 4003
78006 4004
78007 4004
78008 4005
78009 4005
78010 4006
78011 4006
78012 4007
78013 4007
78014 4008
78015 4008
78016 4009
78017 4009
78018 4010
78019 4010
78020 4011
78021 4011
78022 4012
78023 4012
78024 4013
78025 4013
78026 4014
78027 4014
78028 4015
78029 4015
78030 4016
78031 4016
78032 4017
78033 4017
78034 4018
78035 4018
78036 4019
78037 4019
78038 4020
78039 4020
78040 4021
78041 4021
78042 4022
78043 4022
78044 4023
78045 4023
78046 4024
78047 4024
78048 4025
78049 4025
78050 4026
78051 4026
78052 4027
78053 4027
78054 4028
78055 4028
78056 4029
78057 4029
78058 4030
78059 4030
78060 4031
78061 4031
78062 4032
78063 4032
78064 4033
78065 4033
78066 4034
78067 4034
78068 4035
78069 4035
78070 4036
78071 4036
78072 4037
78073 4037
78074 4038
78075 4038
78076 4039
78077 4039
78078 4040
78079 4040
78080 4041
78081 4041
78082 4042
78083 4042
78084 4043
78085 4043
78086 4044
78087 4044
78088 4045
78089 4045
78090 4046
78091 4046
78092 4047
78093 4047
78094 4048
78095 4048
78096 4049
78097 4049
78098 4050
78099 4050
78100 4051
78101 4051
78102 4052
78103 4052
78104 4053
78105 4053
78106 4054
78107 4054
78108 4055
78109 4055
78110 4056
78111 4056
78112 4057
78113 4057
78114 4058
78115 4058
78116 4059
78117 4059
78118 4060
78119 4060
78120 4061
78121 4061
78122 4062
78123 4062
78124 4063
78125 4063
78126 4064
78127 4064
78128 4065
78129 4065
78130 4066
78131 4066
78132 4067
78133 4067
78134 4068
78135 4068
78136 4069
78137 4069
78138 4070
78139 4070
78140 4071
78141 4071
78142 4072
78143 4072
78144 4073
78145 4073
78146 4074
78147 4074
78148 4075
78149 4075
78150 4076
78151 4076
78152 4077
78153 4077
78154 4078
78155 4078
78156 4079
78157 4079
78158 4080
78159 4080
78160 4081
78161 4081
78162 4082
78163 4082
78164 4083
78165 4083
78166 4084
78167 4084
78168 4085
78169 4085
78170 4086
78171 4086
78172 4087
78173 4087
78174 4088
78175 4088
78176 4089
78177 4089
78178 4090
78179 4090
78180 4091
78181 4091
78182 4092
78183 4092
78184 4093
78185 4093
78186 4094
78187 4094
78188 4095
78189 4095
78190 4096
78191 4096
78192 4097
78193 4097
78194 4098
78195 4098
78196 4099
78197 4099
78198 4100
78199 4100
78200 4101
78201 4101
78202 4102
78203 4102
78204 4103
78205 4103
78206 4104
78207 4104
78208 4105
78209 4105
78210 4106
78211 4106
78212 4107
78213 4107
78214 4108
78215 4108
78216 4109
78217 4109
78218 4110
78219 4110
78220 4111
78221 4111
78222 4112
78223 4112
78224 4113
78225 4113
78226 4114
78227 4114
78228 4115
78229 4115
78230 4116
78231 4116
78232 4117
78233 4117
78234 4118
78235 4118
78236 4119
78237 4119
78238 4120
78239 4120
78240 4121
78241 4121
78242 4122
78243 4122
78244 4123
78245 4123
78246 4124
78247 4124
78248 4125
78249 4125
78250 4126
78251 4126
78252 4127
78253 4127
78254 4128
78255 4128
78256 4129
78257 4129
78258 4130
78259 4130
78260 4131
78261 4131
78262 4132
78263 4132
78264 4133
78265 4133
78266 4134
78267 4134
78268 4135
78269 4135
78270 4136
78271 4136
78272 4137
78273 4137
78274 4138
78275 4138
78276 4139
78277 4139
78278 4140
78279 4140
78280 4141
78281 4141
78282 4142
78283 4142
78284 4143
78285 4143
78286 4144
78287 4144
78288 4145
78289 4145
78290 4146
78291 4146
78292 4147
78293 4147
78294 4148
78295 4148
78296 4149
78297 4149
78298 4150
78299 4150
78300 4151
78301 4151
78302 4152
78303 4152
78304 4153
78305 4153
78306 4154
78307 4154
78308 4155
78309 4155
78310 4156
78311 4156
78312 4157
78313 4157
78314 4158
78315 4158
78316 4159
78317 4159
78318 4160
78319 4160
78320 4161
78321 4161
78322 4162
78323 4162
78324 4163
78325 4163
78326 4164
78327 4164
78328 4165
78329 4165
78330 4166
78331 4166
78332 4167
78333 4167
78334 4168
78335 4168
78336 4169
78337 4169
78338 4170
78339 4170
78340 4171
78341 4171
78342 4172
78343 4172
78344 4173
78345 4173
78346 4174
78347 4174
78348 4175
78349 4175
78350 4176
78351 4176
78352 4177
78353 4177
78354 4178
78355 4178
78356 4179
78357 4179
78358 4180
78359 4180
78360 4181
78361 4181
78362 4182
78363 4182
78364 4183
78365 4183
78366 4184
78367 4184
78368 4185
78369 4185
78370 4186
78371 4186
78372 4187
78373 4187
78374 4188
78375 4188
78376 4189
78377 4189
78378 4190
78379 4190
78380 4191
78381 4191
78382 4192
78383 4192
78384 4193
78385 4193
78386 4194
78387 4194
78388 4195
78389 4195
78390 4196
78391 4196
78392 4197
78393 4197
78394 4198
78395 4198
78396 4199
78397 4199
78398 4200
78399 4200
78400 4201
78401 4201
78402 4202
78403 4202
78404 4203
78405 4203
78406 4204
78407 4204
78408 4205
78409 4205
78410 4206
78411 4206
78412 4207
78413 4207
78414 4208
78415 4208
78416 4209
78417 4209
78418 4210
78419 4210
78420 4211
78421 4211
78422 4212
78423 4212
78424 4213
78425 4213
78426 4214
78427 4214
78428 4215
78429 4215
78430 4216
78431 4216
78432 4217
78433 4217
78434 4218
78435 4218
78436 4219
78437 4219
78438 4220
78439 4220
78440 4221
78441 4221
78442 4222
78443 4222
78444 4223
78445 4223
78446 4224
78447 4224
78448 4225
78449 4225
78450 4226
78451 4226
78452 4227
78453 4227
78454 4228
78455 4228
78456 4229
78457 4229
78458 4230
78459 4230
78460 4231
78461 4231
78462 4232
78463 4232
78464 4233
78465 4233
78466 4234
78467 4234
78468 4235
78469 4235
78470 4236
78471 4236
78472 4237
78473 4237
78474 4238
78475 4238
78476 4239
78477 4239
78478 4240
78479 4240
78480 4241
78481 4241
78482 4242
78483 4242
78484 4243
78485 4243
78486 4244
78487 4244
78488 4245
78489 4245
78490 4246
78491 4246
78492 4247
78493 4247
78494 4248
78495 4248
78496 4249
78497 4249
78498 4250
78499 4250
78500 4251
78501 4251
78502 4252
78503 4252
78504 4253
78505 4253
78506 4254
78507 4254
78508 4255
78509 4255
78510 4256
78511 4256
78512 4257
78513 4257
78514 4258
78515 4258
78516 4259
78517 4259
78518 4260
78519 4260
78520 4261
78521 4261
78522 4262
78523 4262
78524 4263
78525 4263
78526 4264
78527 4264
78528 4265
78529 4265
78530 4266
78531 4266
78532 4267
78533 4267
78534 4268
78535 4268
78536 4269
78537 4269
78538 4270
78539 4270
78540 4271
78541 4271
78542 4272
78543 4272
78544 4273
78545 4273
78546 4274
78547 4274
78548 4275
78549 4275
78550 4276
78551 4276
78552 4277
78553 4277
78554 4278
78555 4278
78556 4279
78557 4279
78558 4280
78559 4280
78560 4281
78561 4281
78562 4282
78563 4282
78564 4283
78565 4283
78566 4284
78567 4284
78568 4285
78569 4285
78570 4286
78571 4286
78572 4287
78573 4287
78574 4288
78575 4288
78576 4289
78577 4289
78578 4290
78579 4290
78580 4291
78581 4291
78582 4292
78583 4292
78584 4293
78585 4293
78586 4294
78587 4294
78588 4295
78589 4295
78590 4296
78591 4296
78592 4297
78593 4297
78594 4298
78595 4298
78596 4299
78597 4299
78598 4300
78599 4300
78600 4301
78601 4301
78602 4302
78603 4302
78604 4303
78605 4303
78606 4304
78607 4304
78608 4305
78609 4305
78610 4306
78611 4306
78612 4307
78613 4307
78614 4308
78615 4308
78616 4309
78617 4309
78618 4310
78619 4310
78620 4311
78621 4311
78622 4312
78623 4312
78624 4313
78625 4313
78626 4314
78627 4314
78628 4315
78629 4315
78630 4316
78631 4316
78632 4317
78633 4317
78634 4318
78635 4318
78636 4319
78637 4319
78638 4320
78639 4320
78640 4321
78641 4321
78642 4322
78643 4322
78644 4323
78645 4323
78646 4324
78647 4324
78648 4325
78649 4325
78650 4326
78651 4326
78652 4327
78653 4327
78654 4328
78655 4328
78656 4329
78657 4329
78658 4330
78659 4330
78660 4331
78661 4331
78662 4332
78663 4332
78664 4333
78665 4333
78666 4334
78667 4334
78668 4335
78669 4335
78670 4336
78671 4336
78672 4337
78673 4337
78674 4338
78675 4338
78676 4339
78677 4339
78678 4340
78679 4340
78680 4341
78681 4341
78682 4342
78683 4342
78684 4343
78685 4343
78686 4344
78687 4344
78688 4345
78689 4345
78690 4346
78691 4346
78692 4347
78693 4347
78694 4348
78695 4348
78696 4349
78697 4349
78698 4350
78699 4350
78700 4351
78701 4351
78702 4352
78703 4352
78704 4353
78705 4353
78706 4354
78707 4354
78708 4355
78709 4355
78710 4356
78711 4356
78712 4357
78713 4357
78714 4358
78715 4358
78716 4359
78717 4359
78718 4360
78719 4360
78720 4361
78721 4361
78722 4362
78723 4362
78724 4363
78725 4363
78726 4364
78727 4364
78728 4365
78729 4365
78730 4366
78731 4366
78732 4367
78733 4367
78734 4368
78735 4368
78736 4369
78737 4369
78738 4370
78739 4370
78740 4371
78741 4371
78742 4372
78743 4372
78744 4373
78745 4373
78746 4374
78747 4374
78748 4375
78749 4375
78750 4376
78751 4376
78752 4377
78753 4377
78754 4378
78755 4378
78756 4379
78757 4379
78758 4380
78759 4380
78760 4381
78761 4381
78762 4382
78763 4382
78764 4383
78765 4383
78766 4384
78767 4384
78768 4385
78769 4385
78770 4386
78771 4386
78772 4387
78773 4387
78774 4388
78775 4388
78776 4389
78777 4389
78778 4390
78779 4390
78780 4391
78781 4391
78782 4392
78783 4392
78784 4393
78785 4393
78786 4394
78787 4394
78788 4395
78789 4395
78790 4396
78791 4396
78792 4397
78793 4397
78794 4398
78795 4398
78796 4399
78797 4399
78798 4400
78799 4400
78800 4401
78801 4401
78802 4402
78803 4402
78804 4403
78805 4403
78806 4404
78807 4404
78808 4405
78809 4405
78810 4406
78811 4406
78812 4407
78813 4407
78814 4408
78815 4408
78816 4409
78817 4409
78818 4410
78819 4410
78820 4411
78821 4411
78822 4412
78823 4412
78824 4413
78825 4413
78826 4414
78827 4414
78828 4415
78829 4415
78830 4416
78831 4416
78832 4417
78833 4417
78834 4418
78835 4418
78836 4419
78837 4419
78838 4420
78839 4420
78840 4421
78841 4421
78842 4422
78843 4422
78844 4423
78845 4423
78846 4424
78847 4424
78848 4425
78849 4425
78850 4426
78851 4426
78852 4427
78853 4427
78854 4428
78855 4428
78856 4429
78857 4429
78858 4430
78859 4430
78860 4431
78861 4431
78862 4432
78863 4432
78864 4433
78865 4433
78866 4434
78867 4434
78868 4435
78869 4435
78870 4436
78871 4436
78872 4437
78873 4437
78874 4438
78875 4438
78876 4439
78877 4439
78878 4440
78879 4440
78880 4441
78881 4441
78882 4442
78883 4442
78884 4443
78885 4443
78886 4444
78887 4444
78888 4445
78889 4445
78890 4446
78891 4446
78892 4447
78893 4447
78894 4448
78895 4448
78896 4449
78897 4449
78898 4450
78899 4450
78900 4451
78901 4451
78902 4452
78903 4452
78904 4453
78905 4453
78906 4454
78907 4454
78908 4455
78909 4455
78910 4456
78911 4456
78912 4457
78913 4457
78914 4458
78915 4458
78916 4459
78917 4459
78918 4460
78919 4460
78920 4461
78921 4461
78922 4462
78923 4462
78924 4463
78925 4463
78926 4464
78927 4464
78928 4465
78929 4465
78930 4466
78931 4466
78932 4467
78933 4467
78934 4468
78935 4468
78936 4469
78937 4469
78938 4470
78939 4470
78940 4471
78941 4471
78942 4472
78943 4472
78944 4473
78945 4473
78946 4474
78947 4474
78948 4475
78949 4475
78950 4476
78951 4476
78952 4477
78953 4477
78954 4478
78955 4478
78956 4479
78957 4479
78958 4480
78959 4480
78960 4481
78961 4481
78962 4482
78963 4482
78964 4483
78965 4483
78966 4484
78967 4484
78968 4485
78969 4485
78970 4486
78971 4486
78972 4487
78973 4487
78974 4488
78975 4488
78976 4489
78977 4489
78978 4490
78979 4490
78980 4491
78981 4491
78982 4492
78983 4492
78984 4493
78985 4493
78986 4494
78987 4494
78988 4495
78989 4495
78990 4496
78991 4496
78992 4497
78993 4497
78994 4498
78995 4498
78996 4499
78997 4499
78998 4500
78999 4500
79000 4501
79001 4501
79002 4502
79003 4502
79004 4503
79005 4503
79006 4504
79007 4504
79008 4505
79009 4505
79010 4506
79011 4506
79012 4507
79013 4507
79014 4508
79015 4508
79016 4509
79017 4509
79018 4510
79019 4510
79020 4511
79021 4511
79022 4512
79023 4512
79024 4513
79025 4513
79026 4514
79027 4514
79028 4515
79029 4515
79030 4516
79031 4516
79032 4517
79033 4517
79034 4518
79035 4518
79036 4519
79037 4519
79038 4520
79039 4520
79040 4521
79041 4521
79042 4522
79043 4522
79044 4523
79045 4523
79046 4524
79047 4524
79048 4525
79049 4525
79050 4526
79051 4526
79052 4527
79053 4527
79054 4528
79055 4528
79056 4529
79057 4529
79058 4530
79059 4530
79060 4531
79061 4531
79062 4532
79063 4532
79064 4533
79065 4533
79066 4534
79067 4534
79068 4535
79069 4535
79070 4536
79071 4536
79072 4537
79073 4537
79074 4538
79075 4538
79076 4539
79077 4539
79078 4540
79079 4540
79080 4541
79081 4541
79082 4542
79083 4542
79084 4543
79085 4543
79086 4544
79087 4544
79088 4545
79089 4545
79090 4546
79091 4546
79092 4547
79093 4547
79094 4548
79095 4548
79096 4549
79097 4549
79098 4550
79099 4550
79100 4551
79101 4551
79102 4552
79103 4552
79104 4553
79105 4553
79106 4554
79107 4554
79108 4555
79109 4555
79110 4556
79111 4556
79112 4557
79113 4557
79114 4558
79115 4558
79116 4559
79117 4559
79118 4560
79119 4560
79120 4561
79121 4561
79122 4562
79123 4562
79124 4563
79125 4563
79126 4564
79127 4564
79128 4565
79129 4565
79130 4566
79131 4566
79132 4567
79133 4567
79134 4568
79135 4568
79136 4569
79137 4569
79138 4570
79139 4570
79140 4571
79141 4571
79142 4572
79143 4572
79144 4573
79145 4573
79146 4574
79147 4574
79148 4575
79149 4575
79150 4576
79151 4576
79152 4577
79153 4577
79154 4578
79155 4578
79156 4579
79157 4579
79158 4580
79159 4580
79160 4581
79161 4581
79162 4582
79163 4582
79164 4583
79165 4583
79166 4584
79167 4584
79168 4585
79169 4585
79170 4586
79171 4586
79172 4587
79173 4587
79174 4588
79175 4588
79176 4589
79177 4589
79178 4590
79179 4590
79180 4591
79181 4591
79182 4592
79183 4592
79184 4593
79185 4593
79186 4594
79187 4594
79188 4595
79189 4595
79190 4596
79191 4596
79192 4597
79193 4597
79194 4598
79195 4598
79196 4599
79197 4599
79198 4600
79199 4600
79200 4601
79201 4601
79202 4602
79203 4602
79204 4603
79205 4603
79206 4604
79207 4604
79208 4605
79209 4605
79210 4606
79211 4606
79212 4607
79213 4607
79214 4608
79215 4608
79216 4609
79217 4609
79218 4610
79219 4610
79220 4611
79221 4611
79222 4612
79223 4612
79224 4613
79225 4613
79226 4614
79227 4614
79228 4615
79229 4615
79230 4616
79231 4616
79232 4617
79233 4617
79234 4618
79235 4618
79236 4619
79237 4619
79238 4620
79239 4620
79240 4621
79241 4621
79242 4622
79243 4622
79244 4623
79245 4623
79246 4624
79247 4624
79248 4625
79249 4625
79250 4626
79251 4626
79252 4627
79253 4627
79254 4628
79255 4628
79256 4629
79257 4629
79258 4630
79259 4630
79260 4631
79261 4631
79262 4632
79263 4632
79264 4633
79265 4633
79266 4634
79267 4634
79268 4635
79269 4635
79270 4636
79271 4636
79272 4637
79273 4637
79274 4638
79275 4638
79276 4639
79277 4639
79278 4640
79279 4640
79280 4641
79281 4641
79282 4642
79283 4642
79284 4643
79285 4643
79286 4644
79287 4644
79288 4645
79289 4645
79290 4646
79291 4646
79292 4647
79293 4647
79294 4648
79295 4648
79296 4649
79297 4649
79298 4650
79299 4650
79300 4651
79301 4651
79302 4652
79303 4652
79304 4653
79305 4653
79306 4654
79307 4654
79308 4655
79309 4655
79310 4656
79311 4656
79312 4657
79313 4657
79314 4658
79315 4658
79316 4659
79317 4659
79318 4660
79319 4660
79320 4661
79321 4661
79322 4662
79323 4662
79324 4663
79325 4663
79326 4664
79327 4664
79328 4665
79329 4665
79330 4666
79331 4666
79332 4667
79333 4667
79334 4668
79335 4668
79336 4669
79337 4669
79338 4670
79339 4670
79340 4671
79341 4671
79342 4672
79343 4672
79344 4673
79345 4673
79346 4674
79347 4674
79348 4675
79349 4675
79350 4676
79351 4676
79352 4677
79353 4677
79354 4678
79355 4678
79356 4679
79357 4679
79358 4680
79359 4680
79360 4681
79361 4681
79362 4682
79363 4682
79364 4683
79365 4683
79366 4684
79367 4684
79368 4685
79369 4685
79370 4686
79371 4686
79372 4687
79373 4687
79374 4688
79375 4688
79376 4689
79377 4689
79378 4690
79379 4690
79380 4691
79381 4691
79382 4692
79383 4692
79384 4693
79385 4693
79386 4694
79387 4694
79388 4695
79389 4695
79390 4696
79391 4696
79392 4697
79393 4697
79394 4698
79395 4698
79396 4699
79397 4699
79398 4700
79399 4700
79400 4701
79401 4701
79402 4702
79403 4702
79404 4703
79405 4703
79406 4704
79407 4704
79408 4705
79409 4705
79410 4706
79411 4706
79412 4707
79413 4707
79414 4708
79415 4708
79416 4709
79417 4709
79418 4710
79419 4710
79420 4711
79421 4711
79422 4712
79423 4712
79424 4713
79425 4713
79426 4714
79427 4714
79428 4715
79429 4715
79430 4716
79431 4716
79432 4717
79433 4717
79434 4718
79435 4718
79436 4719
79437 4719
79438 4720
79439 4720
79440 4721
79441 4721
79442 4722
79443 4722
79444 4723
79445 4723
79446 4724
79447 4724
79448 4725
79449 4725
79450 4726
79451 4726
79452 4727
79453 4727
79454 4728
79455 4728
79456 4729
79457 4729
79458 4730
79459 4730
79460 4731
79461 4731
79462 4732
79463 4732
79464 4733
79465 4733
79466 4734
79467 4734
79468 4735
79469 4735
79470 4736
79471 4736
79472 4737
79473 4737
79474 4738
79475 4738
79476 4739
79477 4739
79478 4740
79479 4740
79480 4741
79481 4741
79482 4742
79483 4742
79484 4743
79485 4743
79486 4744
79487 4744
79488 4745
79489 4745
79490 4746
79491 4746
79492 4747
79493 4747
79494 4748
79495 4748
79496 4749
79497 4749
79498 4750
79499 4750
79500 4751
79501 4751
79502 4752
79503 4752
79504 4753
79505 4753
79506 4754
79507 4754
79508 4755
79509 4755
79510 4756
79511 4756
79512 4757
79513 4757
79514 4758
79515 4758
79516 4759
79517 4759
79518 4760
79519 4760
79520 4761
79521 4761
79522 4762
79523 4762
79524 4763
79525 4763
79526 4764
79527 4764
79528 4765
79529 4765
79530 4766
79531 4766
79532 4767
79533 4767
79534 4768
79535 4768
79536 4769
79537 4769
79538 4770
79539 4770
79540 4771
79541 4771
79542 4772
79543 4772
79544 4773
79545 4773
79546 4774
79547 4774
79548 4775
79549 4775
79550 4776
79551 4776
79552 4777
79553 4777
79554 4778
79555 4778
79556 4779
79557 4779
79558 4780
79559 4780
79560 4781
79561 4781
79562 4782
79563 4782
79564 4783
79565 4783
79566 4784
79567 4784
79568 4785
79569 4785
79570 4786
79571 4786
79572 4787
79573 4787
79574 4788
79575 4788
79576 4789
79577 4789
79578 4790
79579 4790
79580 4791
79581 4791
79582 4792
79583 4792
79584 4793
79585 4793
79586 4794
79587 4794
79588 4795
79589 4795
79590 4796
79591 4796
79592 4797
79593 4797
79594 4798
79595 4798
79596 4799
79597 4799
79598 4800
79599 4800
79600 4801
79601 4801
79602 4802
79603 4802
79604 4803
79605 4803
79606 4804
79607 4804
79608 4805
79609 4805
79610 4806
79611 4806
79612 4807
79613 4807
79614 4808
79615 4808
79616 4809
79617 4809
79618 4810
79619 4810
79620 4811
79621 4811
79622 4812
79623 4812
79624 4813
79625 4813
79626 4814
79627 4814
79628 4815
79629 4815
79630 4816
79631 4816
79632 4817
79633 4817
79634 4818
79635 4818
79636 4819
79637 4819
79638 4820
79639 4820
79640 4821
79641 4821
79642 4822
79643 4822
79644 4823
79645 4823
79646 4824
79647 4824
79648 4825
79649 4825
79650 4826
79651 4826
79652 4827
79653 4827
79654 4828
79655 4828
79656 4829
79657 4829
79658 4830
79659 4830
79660 4831
79661 4831
79662 4832
79663 4832
79664 4833
79665 4833
79666 4834
79667 4834
79668 4835
79669 4835
79670 4836
79671 4836
79672 4837
79673 4837
79674 4838
79675 4838
79676 4839
79677 4839
79678 4840
79679 4840
79680 4841
79681 4841
79682 4842
79683 4842
79684 4843
79685 4843
79686 4844
79687 4844
79688 4845
79689 4845
79690 4846
79691 4846
79692 4847
79693 4847
79694 4848
79695 4848
79696 4849
79697 4849
79698 4850
79699 4850
79700 4851
79701 4851
79702 4852
79703 4852
79704 4853
79705 4853
79706 4854
79707 4854
79708 4855
79709 4855
79710 4856
79711 4856
79712 4857
79713 4857
79714 4858
79715 4858
79716 4859
79717 4859
79718 4860
79719 4860
79720 4861
79721 4861
79722 4862
79723 4862
79724 4863
79725 4863
79726 4864
79727 4864
79728 4865
79729 4865
79730 4866
79731 4866
79732 4867
79733 4867
79734 4868
79735 4868
79736 4869
79737 4869
79738 4870
79739 4870
79740 4871
79741 4871
79742 4872
79743 4872
79744 4873
79745 4873
79746 4874
79747 4874
79748 4875
79749 4875
79750 4876
79751 4876
79752 4877
79753 4877
79754 4878
79755 4878
79756 4879
79757 4879
79758 4880
79759 4880
79760 4881
79761 4881
79762 4882
79763 4882
79764 4883
79765 4883
79766 4884
79767 4884
79768 4885
79769 4885
79770 4886
79771 4886
79772 4887
79773 4887
79774 4888
79775 4888
79776 4889
79777 4889
79778 4890
79779 4890
79780 4891
79781 4891
79782 4892
79783 4892
79784 4893
79785 4893
79786 4894
79787 4894
79788 4895
79789 4895
79790 4896
79791 4896
79792 4897
79793 4897
79794 4898
79795 4898
79796 4899
79797 4899
79798 4900
79799 4900
79800 4901
79801 4901
79802 4902
79803 4902
79804 4903
79805 4903
79806 4904
79807 4904
79808 4905
79809 4905
79810 4906
79811 4906
79812 4907
79813 4907
79814 4908
79815 4908
79816 4909
79817 4909
79818 4910
79819 4910
79820 4911
79821 4911
79822 4912
79823 4912
79824 4913
79825 4913
79826 4914
79827 4914
79828 4915
79829 4915
79830 4916
79831 4916
79832 4917
79833 4917
79834 4918
79835 4918
79836 4919
79837 4919
79838 4920
79839 4920
79840 4921
79841 4921
79842 4922
79843 4922
79844 4923
79845 4923
79846 4924
79847 4924
79848 4925
79849 4925
79850 4926
79851 4926
79852 4927
79853 4927
79854 4928
79855 4928
79856 4929
79857 4929
79858 4930
79859 4930
79860 4931
79861 4931
79862 4932
79863 4932
79864 4933
79865 4933
79866 4934
79867 4934
79868 4935
79869 4935
79870 4936
79871 4936
79872 4937
79873 4937
79874 4938
79875 4938
79876 4939
79877 4939
79878 4940
79879 4940
79880 4941
79881 4941
79882 4942
79883 4942
79884 4943
79885 4943
79886 4944
79887 4944
79888 4945
79889 4945
79890 4946
79891 4946
79892 4947
79893 4947
79894 4948
79895 4948
79896 4949
79897 4949
79898 4950
79899 4950
79900 4951
79901 4951
79902 4952
79903 4952
79904 4953
79905 4953
79906 4954
79907 4954
79908 4955
79909 4955
79910 4956
79911 4956
79912 4957
79913 4957
79914 4958
79915 4958
79916 4959
79917 4959
79918 4960
79919 4960
79920 4961
79921 4961
79922 4962
79923 4962
79924 4963
79925 4963
79926 4964
79927 4964
79928 4965
79929 4965
79930 4966
79931 4966
79932 4967
79933 4967
79934 4968
79935 4968
79936 4969
79937 4969
79938 4970
79939 4970
79940 4971
79941 4971
79942 4972
79943 4972
79944 4973
79945 4973
79946 4974
79947 4974
79948 4975
79949 4975
79950 4976
79951 4976
79952 4977
79953 4977
79954 4978
79955 4978
79956 4979
79957 4979
79958 4980
79959 4980
79960 4981
79961 4981
79962 4982
79963 4982
79964 4983
79965 4983
79966 4984
79967 4984
79968 4985
79969 4985
79970 4986
79971 4986
79972 4987
79973 4987
79974 4988
79975 4988
79976 4989
79977 4989
79978 4990
79979 4990
79980 4991
79981 4991
79982 4992
79983 4992
79984 4993
79985 4993
79986 4994
79987 4994
79988 4995
79989 4995
79990 4996
79991 4996
79992 4997
79993 4997
79994 4998
79995 4998
79996 4999
79997 4999
79998 5000
79999 5000
80000 5001
80001 5002
80002 5003
80003 5004
80004 5005
80005 5006
80006 5007
80007 5008
80008 5009
80009 5010
80010 5011
80011 5012
80012 5013
80013 5014
80014 5015
80015 5016
80016 5017
80017 5018
80018 5019
80019 5020
80020 5021
80021 5022
80022 5023
80023 5024
80024 5025
80025 5026
80026 5027
80027 5028
80028 5029
80029 5030
80030 5031
80031 5032
80032 5033
80033 5034
80034 5035
80035 5036
80036 5037
80037 5038
80038 5039
80039 5040
80040 5041
80041 5042
80042 5043
80043 5044
80044 5045
80045 5046
80046 5047
80047 5048
80048 5049
80049 5050
80050 5051
80051 5052
80052 5053
80053 5054
80054 5055
80055 5056
80056 5057
80057 5058
80058 5059
80059 5060
80060 5061
80061 5062
80062 5063
80063 5064
80064 5065
80065 5066
80066 5067
80067 5068
80068 5069
80069 5070
80070 5071
80071 5072
80072 5073
80073 5074
80074 5075
80075 5076
80076 5077
80077 5078
80078 5079
80079 5080
80080 5081
80081 5082
80082 5083
80083 5084
80084 5085
80085 5086
80086 5087
80087 5088
80088 5089
80089 5090
80090 5091
80091 5092
80092 5093
80093 5094
80094 5095
80095 5096
80096 5097
80097 5098
80098 5099
80099 5100
80100 5101
80101 5102
80102 5103
80103 5104
80104 5105
80105 5106
80106 5107
80107 5108
80108 5109
80109 5110
80110 5111
80111 5112
80112 5113
80113 5114
80114 5115
80115 5116
80116 5117
80117 5118
80118 5119
80119 5120
80120 5121
80121 5122
80122 5123
80123 5124
80124 5125
80125 5126
80126 5127
80127 5128
80128 5129
80129 5130
80130 5131
80131 5132
80132 5133
80133 5134
80134 5135
80135 5136
80136 5137
80137 5138
80138 5139
80139 5140
80140 5141
80141 5142
80142 5143
80143 5144
80144 5145
80145 5146
80146 5147
80147 5148
80148 5149
80149 5150
80150 5151
80151 5152
80152 5153
80153 5154
80154 5155
80155 5156
80156 5157
80157 5158
80158 5159
80159 5160
80160 5161
80161 5162
80162 5163
80163 5164
80164 5165
80165 5166
80166 5167
80167 5168
80168 5169
80169 5170
80170 5171
80171 5172
80172 5173
80173 5174
80174 5175
80175 5176
80176 5177
80177 5178
80178 5179
80179 5180
80180 5181
80181 5182
80182 5183
80183 5184
80184 5185
80185 5186
80186 5187
80187 5188
80188 5189
80189 5190
80190 5191
80191 5192
80192 5193
80193 5194
80194 5195
80195 5196
80196 5197
80197 5198
80198 5199
80199 5200
80200 5201
80201 5202
80202 5203
80203 5204
80204 5205
80205 5206
80206 5207
80207 5208
80208 5209
80209 5210
80210 5211
80211 5212
80212 5213
80213 5214
80214 5215
80215 5216
80216 5217
80217 5218
80218 5219
80219 5220
80220 5221
80221 5222
80222 5223
80223 5224
80224 5225
80225 5226
80226 5227
80227 5228
80228 5229
80229 5230
80230 5231
80231 5232
80232 5233
80233 5234
80234 5235
80235 5236
80236 5237
80237 5238
80238 5239
80239 5240
80240 5241
80241 5242
80242 5243
80243 5244
80244 5245
80245 5246
80246 5247
80247 5248
80248 5249
80249 5250
80250 5251
80251 5252
80252 5253
80253 5254
80254 5255
80255 5256
80256 5257
80257 5258
80258 5259
80259 5260
80260 5261
80261 5262
80262 5263
80263 5264
80264 5265
80265 5266
80266 5267
80267 5268
80268 5269
80269 5270
80270 5271
80271 5272
80272 5273
80273 5274
80274 5275
80275 5276
80276 5277
80277 5278
80278 5279
80279 5280
80280 5281
80281 5282
80282 5283
80283 5284
80284 5285
80285 5286
80286 5287
80287 5288
80288 5289
80289 5290
80290 5291
80291 5292
80292 5293
80293 5294
80294 5295
80295 5296
80296 5297
80297 5298
80298 5299
80299 5300
80300 5301
80301 5302
80302 5303
80303 5304
80304 5305
80305 5306
80306 5307
80307 5308
80308 5309
80309 5310
80310 5311
80311 5312
80312 5313
80313 5314
80314 5315
80315 5316
80316 5317
80317 5318
80318 5319
80319 5320
80320 5321
80321 5322
80322 5323
80323 5324
80324 5325
80325 5326
80326 5327
80327 5328
80328 5329
80329 5330
80330 5331
80331 5332
80332 5333
80333 5334
80334 5335
80335 5336
80336 5337
80337 5338
80338 5339
80339 5340
80340 5341
80341 5342
80342 5343
80343 5344
80344 5345
80345 5346
80346 5347
80347 5348
80348 5349
80349 5350
80350 5351
80351 5352
80352 5353
80353 5354
80354 5355
80355 5356
80356 5357
80357 5358
80358 5359
80359 5360
80360 5361
80361 5362
80362 5363
80363 5364
80364 5365
80365 5366
80366 5367
80367 5368
80368 5369
80369 5370
80370 5371
80371 5372
80372 5373
80373 5374
80374 5375
80375 5376
80376 5377
80377 5378
80378 5379
80379 5380
80380 5381
80381 5382
80382 5383
80383 5384
80384 5385
80385 5386
80386 5387
80387 5388
80388 5389
80389 5390
80390 5391
80391 5392
80392 5393
80393 5394
80394 5395
80395 5396
80396 5397
80397 5398
80398 5399
80399 5400
80400 5401
80401 5402
80402 5403
80403 5404
80404 5405
80405 5406
80406 5407
80407 5408
80408 5409
80409 5410
80410 5411
80411 5412
80412 5413
80413 5414
80414 5415
80415 5416
80416 5417
80417 5418
80418 5419
80419 5420
80420 5421
80421 5422
80422 5423
80423 5424
80424 5425
80425 5426
80426 5427
80427 5428
80428 5429
80429 5430
80430 5431
80431 5432
80432 5433
80433 5434
80434 5435
80435 5436
80436 5437
80437 5438
80438 5439
80439 5440
80440 5441
80441 5442
80442 5443
80443 5444
80444 5445
80445 5446
80446 5447
80447 5448
80448 5449
80449 5450
80450 5451
80451 5452
80452 5453
80453 5454
80454 5455
80455 5456
80456 5457
80457 5458
80458 5459
80459 5460
80460 5461
80461 5462
80462 5463
80463 5464
80464 5465
80465 5466
80466 5467
80467 5468
80468 5469
80469 5470
80470 5471
80471 5472
80472 5473
80473 5474
80474 5475
80475 5476
80476 5477
80477 5478
80478 5479
80479 5480
80480 5481
80481 5482
80482 5483
80483 5484
80484 5485
80485 5486
80486 5487
80487 5488
80488 5489
80489 5490
80490 5491
80491 5492
80492 5493
80493 5494
80494 5495
80495 5496
80496 5497
80497 5498
80498 5499
80499 5500
80500 5501
80501 5502
80502 5503
80503 5504
80504 5505
80505 5506
80506 5507
80507 5508
80508 5509
80509 5510
80510 5511
80511 5512
80512 5513
80513 5514
80514 5515
80515 5516
80516 5517
80517 5518
80518 5519
80519 5520
80520 5521
80521 5522
80522 5523
80523 5524
80524 5525
80525 5526
80526 5527
80527 5528
80528 5529
80529 5530
80530 5531
80531 5532
80532 5533
80533 5534
80534 5535
80535 5536
80536 5537
80537 5538
80538 5539
80539 5540
80540 5541
80541 5542
80542 5543
80543 5544
80544 5545
80545 5546
80546 5547
80547 5548
80548 5549
80549 5550
80550 5551
80551 5552
80552 5553
80553 5554
80554 5555
80555 5556
80556 5557
80557 5558
80558 5559
80559 5560
80560 5561
80561 5562
80562 5563
80563 5564
80564 5565
80565 5566
80566 5567
80567 5568
80568 5569
80569 5570
80570 5571
80571 5572
80572 5573
80573 5574
80574 5575
80575 5576
80576 5577
80577 5578
80578 5579
80579 5580
80580 5581
80581 5582
80582 5583
80583 5584
80584 5585
80585 5586
80586 5587
80587 5588
80588 5589
80589 5590
80590 5591
80591 5592
80592 5593
80593 5594
80594 5595
80595 5596
80596 5597
80597 5598
80598 5599
80599 5600
80600 5601
80601 5602
80602 5603
80603 5604
80604 5605
80605 5606
80606 5607
80607 5608
80608 5609
80609 5610
80610 5611
80611 5612
80612 5613
80613 5614
80614 5615
80615 5616
80616 5617
80617 5618
80618 5619
80619 5620
80620 5621
80621 5622
80622 5623
80623 5624
80624 5625
80625 5626
80626 5627
80627 5628
80628 5629
80629 5630
80630 5631
80631 5632
80632 5633
80633 5634
80634 5635
80635 5636
80636 5637
80637 5638
80638 5639
80639 5640
80640 5641
80641 5642
80642 5643
80643 5644
80644 5645
80645 5646
80646 5647
80647 5648
80648 5649
80649 5650
80650 5651
80651 5652
80652 5653
80653 5654
80654 5655
80655 5656
80656 5657
80657 5658
80658 5659
80659 5660
80660 5661
80661 5662
80662 5663
80663 5664
80664 5665
80665 5666
80666 5667
80667 5668
80668 5669
80669 5670
80670 5671
80671 5672
80672 5673
80673 5674
80674 5675
80675 5676
80676 5677
80677 5678
80678 5679
80679 5680
80680 5681
80681 5682
80682 5683
80683 5684
80684 5685
80685 5686
80686 5687
80687 5688
80688 5689
80689 5690
80690 5691
80691 5692
80692 5693
80693 5694
80694 5695
80695 5696
80696 5697
80697 5698
80698 5699
80699 5700
80700 5701
80701 5702
80702 5703
80703 5704
80704 5705
80705 5706
80706 5707
80707 5708
80708 5709
80709 5710
80710 5711
80711 5712
80712 5713
80713 5714
80714 5715
80715 5716
80716 5717
80717 5718
80718 5719
80719 5720
80720 5721
80721 5722
80722 5723
80723 5724
80724 5725
80725 5726
80726 5727
80727 5728
80728 5729
80729 5730
80730 5731
80731 5732
80732 5733
80733 5734
80734 5735
80735 5736
80736 5737
80737 5738
80738 5739
80739 5740
80740 5741
80741 5742
80742 5743
80743 5744
80744 5745
80745 5746
80746 5747
80747 5748
80748 5749
80749 5750
80750 5751
80751 5752
80752 5753
80753 5754
80754 5755
80755 5756
80756 5757
80757 5758
80758 5759
80759 5760
80760 5761
80761 5762
80762 5763
80763 5764
80764 5765
80765 5766
80766 5767
80767 5768
80768 5769
80769 5770
80770 5771
80771 5772
80772 5773
80773 5774
80774 5775
80775 5776
80776 5777
80777 5778
80778 5779
80779 5780
80780 5781
80781 5782
80782 5783
80783 5784
80784 5785
80785 5786
80786 5787
80787 5788
80788 5789
80789 5790
80790 5791
80791 5792
80792 5793
80793 5794
80794 5795
80795 5796
80796 5797
80797 5798
80798 5799
80799 5800
80800 5801
80801 5802
80802 5803
80803 5804
80804 5805
80805 5806
80806 5807
80807 5808
80808 5809
80809 5810
80810 5811
80811 5812
80812 5813
80813 5814
80814 5815
80815 5816
80816 5817
80817 5818
80818 5819
80819 5820
80820 5821
80821 5822
80822 5823
80823 5824
80824 5825
80825 5826
80826 5827
80827 5828
80828 5829
80829 5830
80830 5831
80831 5832
80832 5833
80833 5834
80834 5835
80835 5836
80836 5837
80837 5838
80838 5839
80839 5840
80840 5841
80841 5842
80842 5843
80843 5844
80844 5845
80845 5846
80846 5847
80847 5848
80848 5849
80849 5850
80850 5851
80851 5852
80852 5853
80853 5854
80854 5855
80855 5856
80856 5857
80857 5858
80858 5859
80859 5860
80860 5861
80861 5862
80862 5863
80863 5864
80864 5865
80865 5866
80866 5867
80867 5868
80868 5869
80869 5870
80870 5871
80871 5872
80872 5873
80873 5874
80874 5875
80875 5876
80876 5877
80877 5878
80878 5879
80879 5880
80880 5881
80881 5882
80882 5883
80883 5884
80884 5885
80885 5886
80886 5887
80887 5888
80888 5889
80889 5890
80890 5891
80891 5892
80892 5893
80893 5894
80894 5895
80895 5896
80896 5897
80897 5898
80898 5899
80899 5900
80900 5901
80901 5902
80902 5903
80903 5904
80904 5905
80905 5906
80906 5907
80907 5908
80908 5909
80909 5910
80910 5911
80911 5912
80912 5913
80913 5914
80914 5915
80915 5916
80916 5917
80917 5918
80918 5919
80919 5920
80920 5921
80921 5922
80922 5923
80923 5924
80924 5925
80925 5926
80926 5927
80927 5928
80928 5929
80929 5930
80930 5931
80931 5932
80932 5933
80933 5934
80934 5935
80935 5936
80936 5937
80937 5938
80938 5939
80939 5940
80940 5941
80941 5942
80942 5943
80943 5944
80944 5945
80945 5946
80946 5947
80947 5948
80948 5949
80949 5950
80950 5951
80951 5952
80952 5953
80953 5954
80954 5955
80955 5956
80956 5957
80957 5958
80958 5959
80959 5960
80960 5961
80961 5962
80962 5963
80963 5964
80964 5965
80965 5966
80966 5967
80967 5968
80968 5969
80969 5970
80970 5971
80971 5972
80972 5973
80973 5974
80974 5975
80975 5976
80976 5977
80977 5978
80978 5979
80979 5980
80980 5981
80981 5982
80982 5983
80983 5984
80984 5985
80985 5986
80986 5987
80987 5988
80988 5989
80989 5990
80990 5991
80991 5992
80992 5993
80993 5994
80994 5995
80995 5996
80996 5997
80997 5998
80998 5999
80999 6000
81000 6001
81001 6002
81002 6003
81003 6004
81004 6005
81005 6006
81006 6007
81007 6008
81008 6009
81009 6010
81010 6011
81011 6012
81012 6013
81013 6014
81014 6015
81015 6016
81016 6017
81017 6018
81018 6019
81019 6020
81020 6021
81021 6022
81022 6023
81023 6024
81024 6025
81025 6026
81026 6027
81027 6028
81028 6029
81029 6030
81030 6031
81031 6032
81032 6033
81033 6034
81034 6035
81035 6036
81036 6037
81037 6038
81038 6039
81039 6040
81040 6041
81041 6042
81042 6043
81043 6044
81044 6045
81045 6046
81046 6047
81047 6048
81048 6049
81049 6050
81050 6051
81051 6052
81052 6053
81053 6054
81054 6055
81055 6056
81056 6057
81057 6058
81058 6059
81059 6060
81060 6061
81061 6062
81062 6063
81063 6064
81064 6065
81065 6066
81066 6067
81067 6068
81068 6069
81069 6070
81070 6071
81071 6072
81072 6073
81073 6074
81074 6075
81075 6076
81076 6077
81077 6078
81078 6079
81079 6080
81080 6081
81081 6082
81082 6083
81083 6084
81084 6085
81085 6086
81086 6087
81087 6088
81088 6089
81089 6090
81090 6091
81091 6092
81092 6093
81093 6094
81094 6095
81095 6096
81096 6097
81097 6098
81098 6099
81099 6100
81100 6101
81101 6102
81102 6103
81103 6104
81104 6105
81105 6106
81106 6107
81107 6108
81108 6109
81109 6110
81110 6111
81111 6112
81112 6113
81113 6114
81114 6115
81115 6116
81116 6117
81117 6118
81118 6119
81119 6120
81120 6121
81121 6122
81122 6123
81123 6124
81124 6125
81125 6126
81126 6127
81127 6128
81128 6129
81129 6130
81130 6131
81131 6132
81132 6133
81133 6134
81134 6135
81135 6136
81136 6137
81137 6138
81138 6139
81139 6140
81140 6141
81141 6142
81142 6143
81143 6144
81144 6145
81145 6146
81146 6147
81147 6148
81148 6149
81149 6150
81150 6151
81151 6152
81152 6153
81153 6154
81154 6155
81155 6156
81156 6157
81157 6158
81158 6159
81159 6160
81160 6161
81161 6162
81162 6163
81163 6164
81164 6165
81165 6166
81166 6167
81167 6168
81168 6169
81169 6170
81170 6171
81171 6172
81172 6173
81173 6174
81174 6175
81175 6176
81176 6177
81177 6178
81178 6179
81179 6180
81180 6181
81181 6182
81182 6183
81183 6184
81184 6185
81185 6186
81186 6187
81187 6188
81188 6189
81189 6190
81190 6191
81191 6192
81192 6193
81193 6194
81194 6195
81195 6196
81196 6197
81197 6198
81198 6199
81199 6200
81200 6201
81201 6202
81202 6203
81203 6204
81204 6205
81205 6206
81206 6207
81207 6208
81208 6209
81209 6210
81210 6211
81211 6212
81212 6213
81213 6214
81214 6215
81215 6216
81216 6217
81217 6218
81218 6219
81219 6220
81220 6221
81221 6222
81222 6223
81223 6224
81224 6225
81225 6226
81226 6227
81227 6228
81228 6229
81229 6230
81230 6231
81231 6232
81232 6233
81233 6234
81234 6235
81235 6236
81236 6237
81237 6238
81238 6239
81239 6240
81240 6241
81241 6242
81242 6243
81243 6244
81244 6245
81245 6246
81246 6247
81247 6248
81248 6249
81249 6250
81250 6251
81251 6252
81252 6253
81253 6254
81254 6255
81255 6256
81256 6257
81257 6258
81258 6259
81259 6260
81260 6261
81261 6262
81262 6263
81263 6264
81264 6265
81265 6266
81266 6267
81267 6268
81268 6269
81269 6270
81270 6271
81271 6272
81272 6273
81273 6274
81274 6275
81275 6276
81276 6277
81277 6278
81278 6279
81279 6280
81280 6281
81281 6282
81282 6283
81283 6284
81284 6285
81285 6286
81286 6287
81287 6288
81288 6289
81289 6290
81290 6291
81291 6292
81292 6293
81293 6294
81294 6295
81295 6296
81296 6297
81297 6298
81298 6299
81299 6300
81300 6301
81301 6302
81302 6303
81303 6304
81304 6305
81305 6306
81306 6307
81307 6308
81308 6309
81309 6310
81310 6311
81311 6312
81312 6313
81313 6314
81314 6315
81315 6316
81316 6317
81317 6318
81318 6319
81319 6320
81320 6321
81321 6322
81322 6323
81323 6324
81324 6325
81325 6326
81326 6327
81327 6328
81328 6329
81329 6330
81330 6331
81331 6332
81332 6333
81333 6334
81334 6335
81335 6336
81336 6337
81337 6338
81338 6339
81339 6340
81340 6341
81341 6342
81342 6343
81343 6344
81344 6345
81345 6346
81346 6347
81347 6348
81348 6349
81349 6350
81350 6351
81351 6352
81352 6353
81353 6354
81354 6355
81355 6356
81356 6357
81357 6358
81358 6359
81359 6360
81360 6361
81361 6362
81362 6363
81363 6364
81364 6365
81365 6366
81366 6367
81367 6368
81368 6369
81369 6370
81370 6371
81371 6372
81372 6373
81373 6374
81374 6375
81375 6376
81376 6377
81377 6378
81378 6379
81379 6380
81380 6381
81381 6382
81382 6383
81383 6384
81384 6385
81385 6386
81386 6387
81387 6388
81388 6389
81389 6390
81390 6391
81391 6392
81392 6393
81393 6394
81394 6395
81395 6396
81396 6397
81397 6398
81398 6399
81399 6400
81400 6401
81401 6402
81402 6403
81403 6404
81404 6405
81405 6406
81406 6407
81407 6408
81408 6409
81409 6410
81410 6411
81411 6412
81412 6413
81413 6414
81414 6415
81415 6416
81416 6417
81417 6418
81418 6419
81419 6420
81420 6421
81421 6422
81422 6423
81423 6424
81424 6425
81425 6426
81426 6427
81427 6428
81428 6429
81429 6430
81430 6431
81431 6432
81432 6433
81433 6434
81434 6435
81435 6436
81436 6437
81437 6438
81438 6439
81439 6440
81440 6441
81441 6442
81442 6443
81443 6444
81444 6445
81445 6446
81446 6447
81447 6448
81448 6449
81449 6450
81450 6451
81451 6452
81452 6453
81453 6454
81454 6455
81455 6456
81456 6457
81457 6458
81458 6459
81459 6460
81460 6461
81461 6462
81462 6463
81463 6464
81464 6465
81465 6466
81466 6467
81467 6468
81468 6469
81469 6470
81470 6471
81471 6472
81472 6473
81473 6474
81474 6475
81475 6476
81476 6477
81477 6478
81478 6479
81479 6480
81480 6481
81481 6482
81482 6483
81483 6484
81484 6485
81485 6486
81486 6487
81487 6488
81488 6489
81489 6490
81490 6491
81491 6492
81492 6493
81493 6494
81494 6495
81495 6496
81496 6497
81497 6498
81498 6499
81499 6500
81500 6501
81501 6502
81502 6503
81503 6504
81504 6505
81505 6506
81506 6507
81507 6508
81508 6509
81509 6510
81510 6511
81511 6512
81512 6513
81513 6514
81514 6515
81515 6516
81516 6517
81517 6518
81518 6519
81519 6520
81520 6521
81521 6522
81522 6523
81523 6524
81524 6525
81525 6526
81526 6527
81527 6528
81528 6529
81529 6530
81530 6531
81531 6532
81532 6533
81533 6534
81534 6535
81535 6536
81536 6537
81537 6538
81538 6539
81539 6540
81540 6541
81541 6542
81542 6543
81543 6544
81544 6545
81545 6546
81546 6547
81547 6548
81548 6549
81549 6550
81550 6551
81551 6552
81552 6553
81553 6554
81554 6555
81555 6556
81556 6557
81557 6558
81558 6559
81559 6560
81560 6561
81561 6562
81562 6563
81563 6564
81564 6565
81565 6566
81566 6567
81567 6568
81568 6569
81569 6570
81570 6571
81571 6572
81572 6573
81573 6574
81574 6575
81575 6576
81576 6577
81577 6578
81578 6579
81579 6580
81580 6581
81581 6582
81582 6583
81583 6584
81584 6585
81585 6586
81586 6587
81587 6588
81588 6589
81589 6590
81590 6591
81591 6592
81592 6593
81593 6594
81594 6595
81595 6596
81596 6597
81597 6598
81598 6599
81599 6600
81600 6601
81601 6602
81602 6603
81603 6604
81604 6605
81605 6606
81606 6607
81607 6608
81608 6609
81609 6610
81610 6611
81611 6612
81612 6613
81613 6614
81614 6615
81615 6616
81616 6617
81617 6618
81618 6619
81619 6620
81620 6621
81621 6622
81622 6623
81623 6624
81624 6625
81625 6626
81626 6627
81627 6628
81628 6629
81629 6630
81630 6631
81631 6632
81632 6633
81633 6634
81634 6635
81635 6636
81636 6637
81637 6638
81638 6639
81639 6640
81640 6641
81641 6642
81642 6643
81643 6644
81644 6645
81645 6646
81646 6647
81647 6648
81648 6649
81649 6650
81650 6651
81651 6652
81652 6653
81653 6654
81654 6655
81655 6656
81656 6657
81657 6658
81658 6659
81659 6660
81660 6661
81661 6662
81662 6663
81663 6664
81664 6665
81665 6666
81666 6667
81667 6668
81668 6669
81669 6670
81670 6671
81671 6672
81672 6673
81673 6674
81674 6675
81675 6676
81676 6677
81677 6678
81678 6679
81679 6680
81680 6681
81681 6682
81682 6683
81683 6684
81684 6685
81685 6686
81686 6687
81687 6688
81688 6689
81689 6690
81690 6691
81691 6692
81692 6693
81693 6694
81694 6695
81695 6696
81696 6697
81697 6698
81698 6699
81699 6700
81700 6701
81701 6702
81702 6703
81703 6704
81704 6705
81705 6706
81706 6707
81707 6708
81708 6709
81709 6710
81710 6711
81711 6712
81712 6713
81713 6714
81714 6715
81715 6716
81716 6717
81717 6718
81718 6719
81719 6720
81720 6721
81721 6722
81722 6723
81723 6724
81724 6725
81725 6726
81726 6727
81727 6728
81728 6729
81729 6730
81730 6731
81731 6732
81732 6733
81733 6734
81734 6735
81735 6736
81736 6737
81737 6738
81738 6739
81739 6740
81740 6741
81741 6742
81742 6743
81743 6744
81744 6745
81745 6746
81746 6747
81747 6748
81748 6749
81749 6750
81750 6751
81751 6752
81752 6753
81753 6754
81754 6755
81755 6756
81756 6757
81757 6758
81758 6759
81759 6760
81760 6761
81761 6762
81762 6763
81763 6764
81764 6765
81765 6766
81766 6767
81767 6768
81768 6769
81769 6770
81770 6771
81771 6772
81772 6773
81773 6774
81774 6775
81775 6776
81776 6777
81777 6778
81778 6779
81779 6780
81780 6781
81781 6782
81782 6783
81783 6784
81784 6785
81785 6786
81786 6787
81787 6788
81788 6789
81789 6790
81790 6791
81791 6792
81792 6793
81793 6794
81794 6795
81795 6796
81796 6797
81797 6798
81798 6799
81799 6800
81800 6801
81801 6802
81802 6803
81803 6804
81804 6805
81805 6806
81806 6807
81807 6808
81808 6809
81809 6810
81810 6811
81811 6812
81812 6813
81813 6814
81814 6815
81815 6816
81816 6817
81817 6818
81818 6819
81819 6820
81820 6821
81821 6822
81822 6823
81823 6824
81824 6825
81825 6826
81826 6827
81827 6828
81828 6829
81829 6830
81830 6831
81831 6832
81832 6833
81833 6834
81834 6835
81835 6836
81836 6837
81837 6838
81838 6839
81839 6840
81840 6841
81841 6842
81842 6843
81843 6844
81844 6845
81845 6846
81846 6847
81847 6848
81848 6849
81849 6850
81850 6851
81851 6852
81852 6853
81853 6854
81854 6855
81855 6856
81856 6857
81857 6858
81858 6859
81859 6860
81860 6861
81861 6862
81862 6863
81863 6864
81864 6865
81865 6866
81866 6867
81867 6868
81868 6869
81869 6870
81870 6871
81871 6872
81872 6873
81873 6874
81874 6875
81875 6876
81876 6877
81877 6878
81878 6879
81879 6880
81880 6881
81881 6882
81882 6883
81883 6884
81884 6885
81885 6886
81886 6887
81887 6888
81888 6889
81889 6890
81890 6891
81891 6892
81892 6893
81893 6894
81894 6895
81895 6896
81896 6897
81897 6898
81898 6899
81899 6900
81900 6901
81901 6902
81902 6903
81903 6904
81904 6905
81905 6906
81906 6907
81907 6908
81908 6909
81909 6910
81910 6911
81911 6912
81912 6913
81913 6914
81914 6915
81915 6916
81916 6917
81917 6918
81918 6919
81919 6920
81920 6921
81921 6922
81922 6923
81923 6924
81924 6925
81925 6926
81926 6927
81927 6928
81928 6929
81929 6930
81930 6931
81931 6932
81932 6933
81933 6934
81934 6935
81935 6936
81936 6937
81937 6938
81938 6939
81939 6940
81940 6941
81941 6942
81942 6943
81943 6944
81944 6945
81945 6946
81946 6947
81947 6948
81948 6949
81949 6950
81950 6951
81951 6952
81952 6953
81953 6954
81954 6955
81955 6956
81956 6957
81957 6958
81958 6959
81959 6960
81960 6961
81961 6962
81962 6963
81963 6964
81964 6965
81965 6966
81966 6967
81967 6968
81968 6969
81969 6970
81970 6971
81971 6972
81972 6973
81973 6974
81974 6975
81975 6976
81976 6977
81977 6978
81978 6979
81979 6980
81980 6981
81981 6982
81982 6983
81983 6984
81984 6985
81985 6986
81986 6987
81987 6988
81988 6989
81989 6990
81990 6991
81991 6992
81992 6993
81993 6994
81994 6995
81995 6996
81996 6997
81997 6998
81998 6999
81999 7000
82000 7001
82001 7002
82002 7003
82003 7004
82004 7005
82005 7006
82006 7007
82007 7008
82008 7009
82009 7010
82010 7011
82011 7012
82012 7013
82013 7014
82014 7015
82015 7016
82016 7017
82017 7018
82018 7019
82019 7020
82020 7021
82021 7022
82022 7023
82023 7024
82024 7025
82025 7026
82026 7027
82027 7028
82028 7029
82029 7030
82030 7031
82031 7032
82032 7033
82033 7034
82034 7035
82035 7036
82036 7037
82037 7038
82038 7039
82039 7040
82040 7041
82041 7042
82042 7043
82043 7044
82044 7045
82045 7046
82046 7047
82047 7048
82048 7049
82049 7050
82050 7051
82051 7052
82052 7053
82053 7054
82054 7055
82055 7056
82056 7057
82057 7058
82058 7059
82059 7060
82060 7061
82061 7062
82062 7063
82063 7064
82064 7065
82065 7066
82066 7067
82067 7068
82068 7069
82069 7070
82070 7071
82071 7072
82072 7073
82073 7074
82074 7075
82075 7076
82076 7077
82077 7078
82078 7079
82079 7080
82080 7081
82081 7082
82082 7083
82083 7084
82084 7085
82085 7086
82086 7087
82087 7088
82088 7089
82089 7090
82090 7091
82091 7092
82092 7093
82093 7094
82094 7095
82095 7096
82096 7097
82097 7098
82098 7099
82099 7100
82100 7101
82101 7102
82102 7103
82103 7104
82104 7105
82105 7106
82106 7107
82107 7108
82108 7109
82109 7110
82110 7111
82111 7112
82112 7113
82113 7114
82114 7115
82115 7116
82116 7117
82117 7118
82118 7119
82119 7120
82120 7121
82121 7122
82122 7123
82123 7124
82124 7125
82125 7126
82126 7127
82127 7128
82128 7129
82129 7130
82130 7131
82131 7132
82132 7133
82133 7134
82134 7135
82135 7136
82136 7137
82137 7138
82138 7139
82139 7140
82140 7141
82141 7142
82142 7143
82143 7144
82144 7145
82145 7146
82146 7147
82147 7148
82148 7149
82149 7150
82150 7151
82151 7152
82152 7153
82153 7154
82154 7155
82155 7156
82156 7157
82157 7158
82158 7159
82159 7160
82160 7161
82161 7162
82162 7163
82163 7164
82164 7165
82165 7166
82166 7167
82167 7168
82168 7169
82169 7170
82170 7171
82171 7172
82172 7173
82173 7174
82174 7175
82175 7176
82176 7177
82177 7178
82178 7179
82179 7180
82180 7181
82181 7182
82182 7183
82183 7184
82184 7185
82185 7186
82186 7187
82187 7188
82188 7189
82189 7190
82190 7191
82191 7192
82192 7193
82193 7194
82194 7195
82195 7196
82196 7197
82197 7198
82198 7199
82199 7200
82200 7201
82201 7202
82202 7203
82203 7204
82204 7205
82205 7206
82206 7207
82207 7208
82208 7209
82209 7210
82210 7211
82211 7212
82212 7213
82213 7214
82214 7215
82215 7216
82216 7217
82217 7218
82218 7219
82219 7220
82220 7221
82221 7222
82222 7223
82223 7224
82224 7225
82225 7226
82226 7227
82227 7228
82228 7229
82229 7230
82230 7231
82231 7232
82232 7233
82233 7234
82234 7235
82235 7236
82236 7237
82237 7238
82238 7239
82239 7240
82240 7241
82241 7242
82242 7243
82243 7244
82244 7245
82245 7246
82246 7247
82247 7248
82248 7249
82249 7250
82250 7251
82251 7252
82252 7253
82253 7254
82254 7255
82255 7256
82256 7257
82257 7258
82258 7259
82259 7260
82260 7261
82261 7262
82262 7263
82263 7264
82264 7265
82265 7266
82266 7267
82267 7268
82268 7269
82269 7270
82270 7271
82271 7272
82272 7273
82273 7274
82274 7275
82275 7276
82276 7277
82277 7278
82278 7279
82279 7280
82280 7281
82281 7282
82282 7283
82283 7284
82284 7285
82285 7286
82286 7287
82287 7288
82288 7289
82289 7290
82290 7291
82291 7292
82292 7293
82293 7294
82294 7295
82295 7296
82296 7297
82297 7298
82298 7299
82299 7300
82300 7301
82301 7302
82302 7303
82303 7304
82304 7305
82305 7306
82306 7307
82307 7308
82308 7309
82309 7310
82310 7311
82311 7312
82312 7313
82313 7314
82314 7315
82315 7316
82316 7317
82317 7318
82318 7319
82319 7320
82320 7321
82321 7322
82322 7323
82323 7324
82324 7325
82325 7326
82326 7327
82327 7328
82328 7329
82329 7330
82330 7331
82331 7332
82332 7333
82333 7334
82334 7335
82335 7336
82336 7337
82337 7338
82338 7339
82339 7340
82340 7341
82341 7342
82342 7343
82343 7344
82344 7345
82345 7346
82346 7347
82347 7348
82348 7349
82349 7350
82350 7351
82351 7352
82352 7353
82353 7354
82354 7355
82355 7356
82356 7357
82357 7358
82358 7359
82359 7360
82360 7361
82361 7362
82362 7363
82363 7364
82364 7365
82365 7366
82366 7367
82367 7368
82368 7369
82369 7370
82370 7371
82371 7372
82372 7373
82373 7374
82374 7375
82375 7376
82376 7377
82377 7378
82378 7379
82379 7380
82380 7381
82381 7382
82382 7383
82383 7384
82384 7385
82385 7386
82386 7387
82387 7388
82388 7389
82389 7390
82390 7391
82391 7392
82392 7393
82393 7394
82394 7395
82395 7396
82396 7397
82397 7398
82398 7399
82399 7400
82400 7401
82401 7402
82402 7403
82403 7404
82404 7405
82405 7406
82406 7407
82407 7408
82408 7409
82409 7410
82410 7411
82411 7412
82412 7413
82413 7414
82414 7415
82415 7416
82416 7417
82417 7418
82418 7419
82419 7420
82420 7421
82421 7422
82422 7423
82423 7424
82424 7425
82425 7426
82426 7427
82427 7428
82428 7429
82429 7430
82430 7431
82431 7432
82432 7433
82433 7434
82434 7435
82435 7436
82436 7437
82437 7438
82438 7439
82439 7440
82440 7441
82441 7442
82442 7443
82443 7444
82444 7445
82445 7446
82446 7447
82447 7448
82448 7449
82449 7450
82450 7451
82451 7452
82452 7453
82453 7454
82454 7455
82455 7456
82456 7457
82457 7458
82458 7459
82459 7460
82460 7461
82461 7462
82462 7463
82463 7464
82464 7465
82465 7466
82466 7467
82467 7468
82468 7469
82469 7470
82470 7471
82471 7472
82472 7473
82473 7474
82474 7475
82475 7476
82476 7477
82477 7478
82478 7479
82479 7480
82480 7481
82481 7482
82482 7483
82483 7484
82484 7485
82485 7486
82486 7487
82487 7488
82488 7489
82489 7490
82490 7491
82491 7492
82492 7493
82493 7494
82494 7495
82495 7496
82496 7497
82497 7498
82498 7499
82499 7500
82500 7501
82501 7502
82502 7503
82503 7504
82504 7505
82505 7506
82506 7507
82507 7508
82508 7509
82509 7510
82510 7511
82511 7512
82512 7513
82513 7514
82514 7515
82515 7516
82516 7517
82517 7518
82518 7519
82519 7520
82520 7521
82521 7522
82522 7523
82523 7524
82524 7525
82525 7526
82526 7527
82527 7528
82528 7529
82529 7530
82530 7531
82531 7532
82532 7533
82533 7534
82534 7535
82535 7536
82536 7537
82537 7538
82538 7539
82539 7540
82540 7541
82541 7542
82542 7543
82543 7544
82544 7545
82545 7546
82546 7547
82547 7548
82548 7549
82549 7550
82550 7551
82551 7552
82552 7553
82553 7554
82554 7555
82555 7556
82556 7557
82557 7558
82558 7559
82559 7560
82560 7561
82561 7562
82562 7563
82563 7564
82564 7565
82565 7566
82566 7567
82567 7568
82568 7569
82569 7570
82570 7571
82571 7572
82572 7573
82573 7574
82574 7575
82575 7576
82576 7577
82577 7578
82578 7579
82579 7580
82580 7581
82581 7582
82582 7583
82583 7584
82584 7585
82585 7586
82586 7587
82587 7588
82588 7589
82589 7590
82590 7591
82591 7592
82592 7593
82593 7594
82594 7595
82595 7596
82596 7597
82597 7598
82598 7599
82599 7600
82600 7601
82601 7602
82602 7603
82603 7604
82604 7605
82605 7606
82606 7607
82607 7608
82608 7609
82609 7610
82610 7611
82611 7612
82612 7613
82613 7614
82614 7615
82615 7616
82616 7617
82617 7618
82618 7619
82619 7620
82620 7621
82621 7622
82622 7623
82623 7624
82624 7625
82625 7626
82626 7627
82627 7628
82628 7629
82629 7630
82630 7631
82631 7632
82632 7633
82633 7634
82634 7635
82635 7636
82636 7637
82637 7638
82638 7639
82639 7640
82640 7641
82641 7642
82642 7643
82643 7644
82644 7645
82645 7646
82646 7647
82647 7648
82648 7649
82649 7650
82650 7651
82651 7652
82652 7653
82653 7654
82654 7655
82655 7656
82656 7657
82657 7658
82658 7659
82659 7660
82660 7661
82661 7662
82662 7663
82663 7664
82664 7665
82665 7666
82666 7667
82667 7668
82668 7669
82669 7670
82670 7671
82671 7672
82672 7673
82673 7674
82674 7675
82675 7676
82676 7677
82677 7678
82678 7679
82679 7680
82680 7681
82681 7682
82682 7683
82683 7684
82684 7685
82685 7686
82686 7687
82687 7688
82688 7689
82689 7690
82690 7691
82691 7692
82692 7693
82693 7694
82694 7695
82695 7696
82696 7697
82697 7698
82698 7699
82699 7700
82700 7701
82701 7702
82702 7703
82703 7704
82704 7705
82705 7706
82706 7707
82707 7708
82708 7709
82709 7710
82710 7711
82711 7712
82712 7713
82713 7714
82714 7715
82715 7716
82716 7717
82717 7718
82718 7719
82719 7720
82720 7721
82721 7722
82722 7723
82723 7724
82724 7725
82725 7726
82726 7727
82727 7728
82728 7729
82729 7730
82730 7731
82731 7732
82732 7733
82733 7734
82734 7735
82735 7736
82736 7737
82737 7738
82738 7739
82739 7740
82740 7741
82741 7742
82742 7743
82743 7744
82744 7745
82745 7746
82746 7747
82747 7748
82748 7749
82749 7750
82750 7751
82751 7752
82752 7753
82753 7754
82754 7755
82755 7756
82756 7757
82757 7758
82758 7759
82759 7760
82760 7761
82761 7762
82762 7763
82763 7764
82764 7765
82765 7766
82766 7767
82767 7768
82768 7769
82769 7770
82770 7771
82771 7772
82772 7773
82773 7774
82774 7775
82775 7776
82776 7777
82777 7778
82778 7779
82779 7780
82780 7781
82781 7782
82782 7783
82783 7784
82784 7785
82785 7786
82786 7787
82787 7788
82788 7789
82789 7790
82790 7791
82791 7792
82792 7793
82793 7794
82794 7795
82795 7796
82796 7797
82797 7798
82798 7799
82799 7800
82800 7801
82801 7802
82802 7803
82803 7804
82804 7805
82805 7806
82806 7807
82807 7808
82808 7809
82809 7810
82810 7811
82811 7812
82812 7813
82813 7814
82814 7815
82815 7816
82816 7817
82817 7818
82818 7819
82819 7820
82820 7821
82821 7822
82822 7823
82823 7824
82824 7825
82825 7826
82826 7827
82827 7828
82828 7829
82829 7830
82830 7831
82831 7832
82832 7833
82833 7834
82834 7835
82835 7836
82836 7837
82837 7838
82838 7839
82839 7840
82840 7841
82841 7842
82842 7843
82843 7844
82844 7845
82845 7846
82846 7847
82847 7848
82848 7849
82849 7850
82850 7851
82851 7852
82852 7853
82853 7854
82854 7855
82855 7856
82856 7857
82857 7858
82858 7859
82859 7860
82860 7861
82861 7862
82862 7863
82863 7864
82864 7865
82865 7866
82866 7867
82867 7868
82868 7869
82869 7870
82870 7871
82871 7872
82872 7873
82873 7874
82874 7875
82875 7876
82876 7877
82877 7878
82878 7879
82879 7880
82880 7881
82881 7882
82882 7883
82883 7884
82884 7885
82885 7886
82886 7887
82887 7888
82888 7889
82889 7890
82890 7891
82891 7892
82892 7893
82893 7894
82894 7895
82895 7896
82896 7897
82897 7898
82898 7899
82899 7900
82900 7901
82901 7902
82902 7903
82903 7904
82904 7905
82905 7906
82906 7907
82907 7908
82908 7909
82909 7910
82910 7911
82911 7912
82912 7913
82913 7914
82914 7915
82915 7916
82916 7917
82917 7918
82918 7919
82919 7920
82920 7921
82921 7922
82922 7923
82923 7924
82924 7925
82925 7926
82926 7927
82927 7928
82928 7929
82929 7930
82930 7931
82931 7932
82932 7933
82933 7934
82934 7935
82935 7936
82936 7937
82937 7938
82938 7939
82939 7940
82940 7941
82941 7942
82942 7943
82943 7944
82944 7945
82945 7946
82946 7947
82947 7948
82948 7949
82949 7950
82950 7951
82951 7952
82952 7953
82953 7954
82954 7955
82955 7956
82956 7957
82957 7958
82958 7959
82959 7960
82960 7961
82961 7962
82962 7963
82963 7964
82964 7965
82965 7966
82966 7967
82967 7968
82968 7969
82969 7970
82970 7971
82971 7972
82972 7973
82973 7974
82974 7975
82975 7976
82976 7977
82977 7978
82978 7979
82979 7980
82980 7981
82981 7982
82982 7983
82983 7984
82984 7985
82985 7986
82986 7987
82987 7988
82988 7989
82989 7990
82990 7991
82991 7992
82992 7993
82993 7994
82994 7995
82995 7996
82996 7997
82997 7998
82998 7999
82999 8000
83000 8001
83001 8002
83002 8003
83003 8004
83004 8005
83005 8006
83006 8007
83007 8008
83008 8009
83009 8010
83010 8011
83011 8012
83012 8013
83013 8014
83014 8015
83015 8016
83016 8017
83017 8018
83018 8019
83019 8020
83020 8021
83021 8022
83022 8023
83023 8024
83024 8025
83025 8026
83026 8027
83027 8028
83028 8029
83029 8030
83030 8031
83031 8032
83032 8033
83033 8034
83034 8035
83035 8036
83036 8037
83037 8038
83038 8039
83039 8040
83040 8041
83041 8042
83042 8043
83043 8044
83044 8045
83045 8046
83046 8047
83047 8048
83048 8049
83049 8050
83050 8051
83051 8052
83052 8053
83053 8054
83054 8055
83055 8056
83056 8057
83057 8058
83058 8059
83059 8060
83060 8061
83061 8062
83062 8063
83063 8064
83064 8065
83065 8066
83066 8067
83067 8068
83068 8069
83069 8070
83070 8071
83071 8072
83072 8073
83073 8074
83074 8075
83075 8076
83076 8077
83077 8078
83078 8079
83079 8080
83080 8081
83081 8082
83082 8083
83083 8084
83084 8085
83085 8086
83086 8087
83087 8088
83088 8089
83089 8090
83090 8091
83091 8092
83092 8093
83093 8094
83094 8095
83095 8096
83096 8097
83097 8098
83098 8099
83099 8100
83100 8101
83101 8102
83102 8103
83103 8104
83104 8105
83105 8106
83106 8107
83107 8108
83108 8109
83109 8110
83110 8111
83111 8112
83112 8113
83113 8114
83114 8115
83115 8116
83116 8117
83117 8118
83118 8119
83119 8120
83120 8121
83121 8122
83122 8123
83123 8124
83124 8125
83125 8126
83126 8127
83127 8128
83128 8129
83129 8130
83130 8131
83131 8132
83132 8133
83133 8134
83134 8135
83135 8136
83136 8137
83137 8138
83138 8139
83139 8140
83140 8141
83141 8142
83142 8143
83143 8144
83144 8145
83145 8146
83146 8147
83147 8148
83148 8149
83149 8150
83150 8151
83151 8152
83152 8153
83153 8154
83154 8155
83155 8156
83156 8157
83157 8158
83158 8159
83159 8160
83160 8161
83161 8162
83162 8163
83163 8164
83164 8165
83165 8166
83166 8167
83167 8168
83168 8169
83169 8170
83170 8171
83171 8172
83172 8173
83173 8174
83174 8175
83175 8176
83176 8177
83177 8178
83178 8179
83179 8180
83180 8181
83181 8182
83182 8183
83183 8184
83184 8185
83185 8186
83186 8187
83187 8188
83188 8189
83189 8190
83190 8191
83191 8192
83192 8193
83193 8194
83194 8195
83195 8196
83196 8197
83197 8198
83198 8199
83199 8200
83200 8201
83201 8202
83202 8203
83203 8204
83204 8205
83205 8206
83206 8207
83207 8208
83208 8209
83209 8210
83210 8211
83211 8212
83212 8213
83213 8214
83214 8215
83215 8216
83216 8217
83217 8218
83218 8219
83219 8220
83220 8221
83221 8222
83222 8223
83223 8224
83224 8225
83225 8226
83226 8227
83227 8228
83228 8229
83229 8230
83230 8231
83231 8232
83232 8233
83233 8234
83234 8235
83235 8236
83236 8237
83237 8238
83238 8239
83239 8240
83240 8241
83241 8242
83242 8243
83243 8244
83244 8245
83245 8246
83246 8247
83247 8248
83248 8249
83249 8250
83250 8251
83251 8252
83252 8253
83253 8254
83254 8255
83255 8256
83256 8257
83257 8258
83258 8259
83259 8260
83260 8261
83261 8262
83262 8263
83263 8264
83264 8265
83265 8266
83266 8267
83267 8268
83268 8269
83269 8270
83270 8271
83271 8272
83272 8273
83273 8274
83274 8275
83275 8276
83276 8277
83277 8278
83278 8279
83279 8280
83280 8281
83281 8282
83282 8283
83283 8284
83284 8285
83285 8286
83286 8287
83287 8288
83288 8289
83289 8290
83290 8291
83291 8292
83292 8293
83293 8294
83294 8295
83295 8296
83296 8297
83297 8298
83298 8299
83299 8300
83300 8301
83301 8302
83302 8303
83303 8304
83304 8305
83305 8306
83306 8307
83307 8308
83308 8309
83309 8310
83310 8311
83311 8312
83312 8313
83313 8314
83314 8315
83315 8316
83316 8317
83317 8318
83318 8319
83319 8320
83320 8321
83321 8322
83322 8323
83323 8324
83324 8325
83325 8326
83326 8327
83327 8328
83328 8329
83329 8330
83330 8331
83331 8332
83332 8333
83333 8334
83334 8335
83335 8336
83336 8337
83337 8338
83338 8339
83339 8340
83340 8341
83341 8342
83342 8343
83343 8344
83344 8345
83345 8346
83346 8347
83347 8348
83348 8349
83349 8350
83350 8351
83351 8352
83352 8353
83353 8354
83354 8355
83355 8356
83356 8357
83357 8358
83358 8359
83359 8360
83360 8361
83361 8362
83362 8363
83363 8364
83364 8365
83365 8366
83366 8367
83367 8368
83368 8369
83369 8370
83370 8371
83371 8372
83372 8373
83373 8374
83374 8375
83375 8376
83376 8377
83377 8378
83378 8379
83379 8380
83380 8381
83381 8382
83382 8383
83383 8384
83384 8385
83385 8386
83386 8387
83387 8388
83388 8389
83389 8390
83390 8391
83391 8392
83392 8393
83393 8394
83394 8395
83395 8396
83396 8397
83397 8398
83398 8399
83399 8400
83400 8401
83401 8402
83402 8403
83403 8404
83404 8405
83405 8406
83406 8407
83407 8408
83408 8409
83409 8410
83410 8411
83411 8412
83412 8413
83413 8414
83414 8415
83415 8416
83416 8417
83417 8418
83418 8419
83419 8420
83420 8421
83421 8422
83422 8423
83423 8424
83424 8425
83425 8426
83426 8427
83427 8428
83428 8429
83429 8430
83430 8431
83431 8432
83432 8433
83433 8434
83434 8435
83435 8436
83436 8437
83437 8438
83438 8439
83439 8440
83440 8441
83441 8442
83442 8443
83443 8444
83444 8445
83445 8446
83446 8447
83447 8448
83448 8449
83449 8450
83450 8451
83451 8452
83452 8453
83453 8454
83454 8455
83455 8456
83456 8457
83457 8458
83458 8459
83459 8460
83460 8461
83461 8462
83462 8463
83463 8464
83464 8465
83465 8466
83466 8467
83467 8468
83468 8469
83469 8470
83470 8471
83471 8472
83472 8473
83473 8474
83474 8475
83475 8476
83476 8477
83477 8478
83478 8479
83479 8480
83480 8481
83481 8482
83482 8483
83483 8484
83484 8485
83485 8486
83486 8487
83487 8488
83488 8489
83489 8490
83490 8491
83491 8492
83492 8493
83493 8494
83494 8495
83495 8496
83496 8497
83497 8498
83498 8499
83499 8500
83500 8501
83501 8502
83502 8503
83503 8504
83504 8505
83505 8506
83506 8507
83507 8508
83508 8509
83509 8510
83510 8511
83511 8512
83512 8513
83513 8514
83514 8515
83515 8516
83516 8517
83517 8518
83518 8519
83519 8520
83520 8521
83521 8522
83522 8523
83523 8524
83524 8525
83525 8526
83526 8527
83527 8528
83528 8529
83529 8530
83530 8531
83531 8532
83532 8533
83533 8534
83534 8535
83535 8536
83536 8537
83537 8538
83538 8539
83539 8540
83540 8541
83541 8542
83542 8543
83543 8544
83544 8545
83545 8546
83546 8547
83547 8548
83548 8549
83549 8550
83550 8551
83551 8552
83552 8553
83553 8554
83554 8555
83555 8556
83556 8557
83557 8558
83558 8559
83559 8560
83560 8561
83561 8562
83562 8563
83563 8564
83564 8565
83565 8566
83566 8567
83567 8568
83568 8569
83569 8570
83570 8571
83571 8572
83572 8573
83573 8574
83574 8575
83575 8576
83576 8577
83577 8578
83578 8579
83579 8580
83580 8581
83581 8582
83582 8583
83583 8584
83584 8585
83585 8586
83586 8587
83587 8588
83588 8589
83589 8590
83590 8591
83591 8592
83592 8593
83593 8594
83594 8595
83595 8596
83596 8597
83597 8598
83598 8599
83599 8600
83600 8601
83601 8602
83602 8603
83603 8604
83604 8605
83605 8606
83606 8607
83607 8608
83608 8609
83609 8610
83610 8611
83611 8612
83612 8613
83613 8614
83614 8615
83615 8616
83616 8617
83617 8618
83618 8619
83619 8620
83620 8621
83621 8622
83622 8623
83623 8624
83624 8625
83625 8626
83626 8627
83627 8628
83628 8629
83629 8630
83630 8631
83631 8632
83632 8633
83633 8634
83634 8635
83635 8636
83636 8637
83637 8638
83638 8639
83639 8640
83640 8641
83641 8642
83642 8643
83643 8644
83644 8645
83645 8646
83646 8647
83647 8648
83648 8649
83649 8650
83650 8651
83651 8652
83652 8653
83653 8654
83654 8655
83655 8656
83656 8657
83657 8658
83658 8659
83659 8660
83660 8661
83661 8662
83662 8663
83663 8664
83664 8665
83665 8666
83666 8667
83667 8668
83668 8669
83669 8670
83670 8671
83671 8672
83672 8673
83673 8674
83674 8675
83675 8676
83676 8677
83677 8678
83678 8679
83679 8680
83680 8681
83681 8682
83682 8683
83683 8684
83684 8685
83685 8686
83686 8687
83687 8688
83688 8689
83689 8690
83690 8691
83691 8692
83692 8693
83693 8694
83694 8695
83695 8696
83696 8697
83697 8698
83698 8699
83699 8700
83700 8701
83701 8702
83702 8703
83703 8704
83704 8705
83705 8706
83706 8707
83707 8708
83708 8709
83709 8710
83710 8711
83711 8712
83712 8713
83713 8714
83714 8715
83715 8716
83716 8717
83717 8718
83718 8719
83719 8720
83720 8721
83721 8722
83722 8723
83723 8724
83724 8725
83725 8726
83726 8727
83727 8728
83728 8729
83729 8730
83730 8731
83731 8732
83732 8733
83733 8734
83734 8735
83735 8736
83736 8737
83737 8738
83738 8739
83739 8740
83740 8741
83741 8742
83742 8743
83743 8744
83744 8745
83745 8746
83746 8747
83747 8748
83748 8749
83749 8750
83750 8751
83751 8752
83752 8753
83753 8754
83754 8755
83755 8756
83756 8757
83757 8758
83758 8759
83759 8760
83760 8761
83761 8762
83762 8763
83763 8764
83764 8765
83765 8766
83766 8767
83767 8768
83768 8769
83769 8770
83770 8771
83771 8772
83772 8773
83773 8774
83774 8775
83775 8776
83776 8777
83777 8778
83778 8779
83779 8780
83780 8781
83781 8782
83782 8783
83783 8784
83784 8785
83785 8786
83786 8787
83787 8788
83788 8789
83789 8790
83790 8791
83791 8792
83792 8793
83793 8794
83794 8795
83795 8796
83796 8797
83797 8798
83798 8799
83799 8800
83800 8801
83801 8802
83802 8803
83803 8804
83804 8805
83805 8806
83806 8807
83807 8808
83808 8809
83809 8810
83810 8811
83811 8812
83812 8813
83813 8814
83814 8815
83815 8816
83816 8817
83817 8818
83818 8819
83819 8820
83820 8821
83821 8822
83822 8823
83823 8824
83824 8825
83825 8826
83826 8827
83827 8828
83828 8829
83829 8830
83830 8831
83831 8832
83832 8833
83833 8834
83834 8835
83835 8836
83836 8837
83837 8838
83838 8839
83839 8840
83840 8841
83841 8842
83842 8843
83843 8844
83844 8845
83845 8846
83846 8847
83847 8848
83848 8849
83849 8850
83850 8851
83851 8852
83852 8853
83853 8854
83854 8855
83855 8856
83856 8857
83857 8858
83858 8859
83859 8860
83860 8861
83861 8862
83862 8863
83863 8864
83864 8865
83865 8866
83866 8867
83867 8868
83868 8869
83869 8870
83870 8871
83871 8872
83872 8873
83873 8874
83874 8875
83875 8876
83876 8877
83877 8878
83878 8879
83879 8880
83880 8881
83881 8882
83882 8883
83883 8884
83884 8885
83885 8886
83886 8887
83887 8888
83888 8889
83889 8890
83890 8891
83891 8892
83892 8893
83893 8894
83894 8895
83895 8896
83896 8897
83897 8898
83898 8899
83899 8900
83900 8901
83901 8902
83902 8903
83903 8904
83904 8905
83905 8906
83906 8907
83907 8908
83908 8909
83909 8910
83910 8911
83911 8912
83912 8913
83913 8914
83914 8915
83915 8916
83916 8917
83917 8918
83918 8919
83919 8920
83920 8921
83921 8922
83922 8923
83923 8924
83924 8925
83925 8926
83926 8927
83927 8928
83928 8929
83929 8930
83930 8931
83931 8932
83932 8933
83933 8934
83934 8935
83935 8936
83936 8937
83937 8938
83938 8939
83939 8940
83940 8941
83941 8942
83942 8943
83943 8944
83944 8945
83945 8946
83946 8947
83947 8948
83948 8949
83949 8950
83950 8951
83951 8952
83952 8953
83953 8954
83954 8955
83955 8956
83956 8957
83957 8958
83958 8959
83959 8960
83960 8961
83961 8962
83962 8963
83963 8964
83964 8965
83965 8966
83966 8967
83967 8968
83968 8969
83969 8970
83970 8971
83971 8972
83972 8973
83973 8974
83974 8975
83975 8976
83976 8977
83977 8978
83978 8979
83979 8980
83980 8981
83981 8982
83982 8983
83983 8984
83984 8985
83985 8986
83986 8987
83987 8988
83988 8989
83989 8990
83990 8991
83991 8992
83992 8993
83993 8994
83994 8995
83995 8996
83996 8997
83997 8998
83998 8999
83999 9000
84000 9001
84001 9002
84002 9003
84003 9004
84004 9005
84005 9006
84006 9007
84007 9008
84008 9009
84009 9010
84010 9011
84011 9012
84012 9013
84013 9014
84014 9015
84015 9016
84016 9017
84017 9018
84018 9019
84019 9020
84020 9021
84021 9022
84022 9023
84023 9024
84024 9025
84025 9026
84026 9027
84027 9028
84028 9029
84029 9030
84030 9031
84031 9032
84032 9033
84033 9034
84034 9035
84035 9036
84036 9037
84037 9038
84038 9039
84039 9040
84040 9041
84041 9042
84042 9043
84043 9044
84044 9045
84045 9046
84046 9047
84047 9048
84048 9049
84049 9050
84050 9051
84051 9052
84052 9053
84053 9054
84054 9055
84055 9056
84056 9057
84057 9058
84058 9059
84059 9060
84060 9061
84061 9062
84062 9063
84063 9064
84064 9065
84065 9066
84066 9067
84067 9068
84068 9069
84069 9070
84070 9071
84071 9072
84072 9073
84073 9074
84074 9075
84075 9076
84076 9077
84077 9078
84078 9079
84079 9080
84080 9081
84081 9082
84082 9083
84083 9084
84084 9085
84085 9086
84086 9087
84087 9088
84088 9089
84089 9090
84090 9091
84091 9092
84092 9093
84093 9094
84094 9095
84095 9096
84096 9097
84097 9098
84098 9099
84099 9100
84100 9101
84101 9102
84102 9103
84103 9104
84104 9105
84105 9106
84106 9107
84107 9108
84108 9109
84109 9110
84110 9111
84111 9112
84112 9113
84113 9114
84114 9115
84115 9116
84116 9117
84117 9118
84118 9119
84119 9120
84120 9121
84121 9122
84122 9123
84123 9124
84124 9125
84125 9126
84126 9127
84127 9128
84128 9129
84129 9130
84130 9131
84131 9132
84132 9133
84133 9134
84134 9135
84135 9136
84136 9137
84137 9138
84138 9139
84139 9140
84140 9141
84141 9142
84142 9143
84143 9144
84144 9145
84145 9146
84146 9147
84147 9148
84148 9149
84149 9150
84150 9151
84151 9152
84152 9153
84153 9154
84154 9155
84155 9156
84156 9157
84157 9158
84158 9159
84159 9160
84160 9161
84161 9162
84162 9163
84163 9164
84164 9165
84165 9166
84166 9167
84167 9168
84168 9169
84169 9170
84170 9171
84171 9172
84172 9173
84173 9174
84174 9175
84175 9176
84176 9177
84177 9178
84178 9179
84179 9180
84180 9181
84181 9182
84182 9183
84183 9184
84184 9185
84185 9186
84186 9187
84187 9188
84188 9189
84189 9190
84190 9191
84191 9192
84192 9193
84193 9194
84194 9195
84195 9196
84196 9197
84197 9198
84198 9199
84199 9200
84200 9201
84201 9202
84202 9203
84203 9204
84204 9205
84205 9206
84206 9207
84207 9208
84208 9209
84209 9210
84210 9211
84211 9212
84212 9213
84213 9214
84214 9215
84215 9216
84216 9217
84217 9218
84218 9219
84219 9220
84220 9221
84221 9222
84222 9223
84223 9224
84224 9225
84225 9226
84226 9227
84227 9228
84228 9229
84229 9230
84230 9231
84231 9232
84232 9233
84233 9234
84234 9235
84235 9236
84236 9237
84237 9238
84238 9239
84239 9240
84240 9241
84241 9242
84242 9243
84243 9244
84244 9245
84245 9246
84246 9247
84247 9248
84248 9249
84249 9250
84250 9251
84251 9252
84252 9253
84253 9254
84254 9255
84255 9256
84256 9257
84257 9258
84258 9259
84259 9260
84260 9261
84261 9262
84262 9263
84263 9264
84264 9265
84265 9266
84266 9267
84267 9268
84268 9269
84269 9270
84270 9271
84271 9272
84272 9273
84273 9274
84274 9275
84275 9276
84276 9277
84277 9278
84278 9279
84279 9280
84280 9281
84281 9282
84282 9283
84283 9284
84284 9285
84285 9286
84286 9287
84287 9288
84288 9289
84289 9290
84290 9291
84291 9292
84292 9293
84293 9294
84294 9295
84295 9296
84296 9297
84297 9298
84298 9299
84299 9300
84300 9301
84301 9302
84302 9303
84303 9304
84304 9305
84305 9306
84306 9307
84307 9308
84308 9309
84309 9310
84310 9311
84311 9312
84312 9313
84313 9314
84314 9315
84315 9316
84316 9317
84317 9318
84318 9319
84319 9320
84320 9321
84321 9322
84322 9323
84323 9324
84324 9325
84325 9326
84326 9327
84327 9328
84328 9329
84329 9330
84330 9331
84331 9332
84332 9333
84333 9334
84334 9335
84335 9336
84336 9337
84337 9338
84338 9339
84339 9340
84340 9341
84341 9342
84342 9343
84343 9344
84344 9345
84345 9346
84346 9347
84347 9348
84348 9349
84349 9350
84350 9351
84351 9352
84352 9353
84353 9354
84354 9355
84355 9356
84356 9357
84357 9358
84358 9359
84359 9360
84360 9361
84361 9362
84362 9363
84363 9364
84364 9365
84365 9366
84366 9367
84367 9368
84368 9369
84369 9370
84370 9371
84371 9372
84372 9373
84373 9374
84374 9375
84375 9376
84376 9377
84377 9378
84378 9379
84379 9380
84380 9381
84381 9382
84382 9383
84383 9384
84384 9385
84385 9386
84386 9387
84387 9388
84388 9389
84389 9390
84390 9391
84391 9392
84392 9393
84393 9394
84394 9395
84395 9396
84396 9397
84397 9398
84398 9399
84399 9400
84400 9401
84401 9402
84402 9403
84403 9404
84404 9405
84405 9406
84406 9407
84407 9408
84408 9409
84409 9410
84410 9411
84411 9412
84412 9413
84413 9414
84414 9415
84415 9416
84416 9417
84417 9418
84418 9419
84419 9420
84420 9421
84421 9422
84422 9423
84423 9424
84424 9425
84425 9426
84426 9427
84427 9428
84428 9429
84429 9430
84430 9431
84431 9432
84432 9433
84433 9434
84434 9435
84435 9436
84436 9437
84437 9438
84438 9439
84439 9440
84440 9441
84441 9442
84442 9443
84443 9444
84444 9445
84445 9446
84446 9447
84447 9448
84448 9449
84449 9450
84450 9451
84451 9452
84452 9453
84453 9454
84454 9455
84455 9456
84456 9457
84457 9458
84458 9459
84459 9460
84460 9461
84461 9462
84462 9463
84463 9464
84464 9465
84465 9466
84466 9467
84467 9468
84468 9469
84469 9470
84470 9471
84471 9472
84472 9473
84473 9474
84474 9475
84475 9476
84476 9477
84477 9478
84478 9479
84479 9480
84480 9481
84481 9482
84482 9483
84483 9484
84484 9485
84485 9486
84486 9487
84487 9488
84488 9489
84489 9490
84490 9491
84491 9492
84492 9493
84493 9494
84494 9495
84495 9496
84496 9497
84497 9498
84498 9499
84499 9500
84500 9501
84501 9502
84502 9503
84503 9504
84504 9505
84505 9506
84506 9507
84507 9508
84508 9509
84509 9510
84510 9511
84511 9512
84512 9513
84513 9514
84514 9515
84515 9516
84516 9517
84517 9518
84518 9519
84519 9520
84520 9521
84521 9522
84522 9523
84523 9524
84524 9525
84525 9526
84526 9527
84527 9528
84528 9529
84529 9530
84530 9531
84531 9532
84532 9533
84533 9534
84534 9535
84535 9536
84536 9537
84537 9538
84538 9539
84539 9540
84540 9541
84541 9542
84542 9543
84543 9544
84544 9545
84545 9546
84546 9547
84547 9548
84548 9549
84549 9550
84550 9551
84551 9552
84552 9553
84553 9554
84554 9555
84555 9556
84556 9557
84557 9558
84558 9559
84559 9560
84560 9561
84561 9562
84562 9563
84563 9564
84564 9565
84565 9566
84566 9567
84567 9568
84568 9569
84569 9570
84570 9571
84571 9572
84572 9573
84573 9574
84574 9575
84575 9576
84576 9577
84577 9578
84578 9579
84579 9580
84580 9581
84581 9582
84582 9583
84583 9584
84584 9585
84585 9586
84586 9587
84587 9588
84588 9589
84589 9590
84590 9591
84591 9592
84592 9593
84593 9594
84594 9595
84595 9596
84596 9597
84597 9598
84598 9599
84599 9600
84600 9601
84601 9602
84602 9603
84603 9604
84604 9605
84605 9606
84606 9607
84607 9608
84608 9609
84609 9610
84610 9611
84611 9612
84612 9613
84613 9614
84614 9615
84615 9616
84616 9617
84617 9618
84618 9619
84619 9620
84620 9621
84621 9622
84622 9623
84623 9624
84624 9625
84625 9626
84626 9627
84627 9628
84628 9629
84629 9630
84630 9631
84631 9632
84632 9633
84633 9634
84634 9635
84635 9636
84636 9637
84637 9638
84638 9639
84639 9640
84640 9641
84641 9642
84642 9643
84643 9644
84644 9645
84645 9646
84646 9647
84647 9648
84648 9649
84649 9650
84650 9651
84651 9652
84652 9653
84653 9654
84654 9655
84655 9656
84656 9657
84657 9658
84658 9659
84659 9660
84660 9661
84661 9662
84662 9663
84663 9664
84664 9665
84665 9666
84666 9667
84667 9668
84668 9669
84669 9670
84670 9671
84671 9672
84672 9673
84673 9674
84674 9675
84675 9676
84676 9677
84677 9678
84678 9679
84679 9680
84680 9681
84681 9682
84682 9683
84683 9684
84684 9685
84685 9686
84686 9687
84687 9688
84688 9689
84689 9690
84690 9691
84691 9692
84692 9693
84693 9694
84694 9695
84695 9696
84696 9697
84697 9698
84698 9699
84699 9700
84700 9701
84701 9702
84702 9703
84703 9704
84704 9705
84705 9706
84706 9707
84707 9708
84708 9709
84709 9710
84710 9711
84711 9712
84712 9713
84713 9714
84714 9715
84715 9716
84716 9717
84717 9718
84718 9719
84719 9720
84720 9721
84721 9722
84722 9723
84723 9724
84724 9725
84725 9726
84726 9727
84727 9728
84728 9729
84729 9730
84730 9731
84731 9732
84732 9733
84733 9734
84734 9735
84735 9736
84736 9737
84737 9738
84738 9739
84739 9740
84740 9741
84741 9742
84742 9743
84743 9744
84744 9745
84745 9746
84746 9747
84747 9748
84748 9749
84749 9750
84750 9751
84751 9752
84752 9753
84753 9754
84754 9755
84755 9756
84756 9757
84757 9758
84758 9759
84759 9760
84760 9761
84761 9762
84762 9763
84763 9764
84764 9765
84765 9766
84766 9767
84767 9768
84768 9769
84769 9770
84770 9771
84771 9772
84772 9773
84773 9774
84774 9775
84775 9776
84776 9777
84777 9778
84778 9779
84779 9780
84780 9781
84781 9782
84782 9783
84783 9784
84784 9785
84785 9786
84786 9787
84787 9788
84788 9789
84789 9790
84790 9791
84791 9792
84792 9793
84793 9794
84794 9795
84795 9796
84796 9797
84797 9798
84798 9799
84799 9800
84800 9801
84801 9802
84802 9803
84803 9804
84804 9805
84805 9806
84806 9807
84807 9808
84808 9809
84809 9810
84810 9811
84811 9812
84812 9813
84813 9814
84814 9815
84815 9816
84816 9817
84817 9818
84818 9819
84819 9820
84820 9821
84821 9822
84822 9823
84823 9824
84824 9825
84825 9826
84826 9827
84827 9828
84828 9829
84829 9830
84830 9831
84831 9832
84832 9833
84833 9834
84834 9835
84835 9836
84836 9837
84837 9838
84838 9839
84839 9840
84840 9841
84841 9842
84842 9843
84843 9844
84844 9845
84845 9846
84846 9847
84847 9848
84848 9849
84849 9850
84850 9851
84851 9852
84852 9853
84853 9854
84854 9855
84855 9856
84856 9857
84857 9858
84858 9859
84859 9860
84860 9861
84861 9862
84862 9863
84863 9864
84864 9865
84865 9866
84866 9867
84867 9868
84868 9869
84869 9870
84870 9871
84871 9872
84872 9873
84873 9874
84874 9875
84875 9876
84876 9877
84877 9878
84878 9879
84879 9880
84880 9881
84881 9882
84882 9883
84883 9884
84884 9885
84885 9886
84886 9887
84887 9888
84888 9889
84889 9890
84890 9891
84891 9892
84892 9893
84893 9894
84894 9895
84895 9896
84896 9897
84897 9898
84898 9899
84899 9900
84900 9901
84901 9902
84902 9903
84903 9904
84904 9905
84905 9906
84906 9907
84907 9908
84908 9909
84909 9910
84910 9911
84911 9912
84912 9913
84913 9914
84914 9915
84915 9916
84916 9917
84917 9918
84918 9919
84919 9920
84920 9921
84921 9922
84922 9923
84923 9924
84924 9925
84925 9926
84926 9927
84927 9928
84928 9929
84929 9930
84930 9931
84931 9932
84932 9933
84933 9934
84934 9935
84935 9936
84936 9937
84937 9938
84938 9939
84939 9940
84940 9941
84941 9942
84942 9943
84943 9944
84944 9945
84945 9946
84946 9947
84947 9948
84948 9949
84949 9950
84950 9951
84951 9952
84952 9953
84953 9954
84954 9955
84955 9956
84956 9957
84957 9958
84958 9959
84959 9960
84960 9961
84961 9962
84962 9963
84963 9964
84964 9965
84965 9966
84966 9967
84967 9968
84968 9969
84969 9970
84970 9971
84971 9972
84972 9973
84973 9974
84974 9975
84975 9976
84976 9977
84977 9978
84978 9979
84979 9980
84980 9981
84981 9982
84982 9983
84983 9984
84984 9985
84985 9986
84986 9987
84987 9988
84988 9989
84989 9990
84990 9991
84991 9992
84992 9993
84993 9994
84994 9995
84995 9996
84996 9997
84997 9998
84998 9999
84999 10000
85000 10001
85001 10002
85002 10003
85003 10004
85004 10005
85005 10006
85006 10007
85007 10008
85008 10009
85009 10010
85010 10011
85011 10012
85012 10013
85013 10014
85014 10015
85015 10016
85016 10017
85017 10018
85018 10019
85019 10020
85020 10021
85021 10022
85022 10023
85023 10024
85024 10025
85025 10026
85026 10027
85027 10028
85028 10029
85029 10030
85030 10031
85031 10032
85032 10033
85033 10034
85034 10035
85035 10036
85036 10037
85037 10038
85038 10039
85039 10040
85040 10041
85041 10042
85042 10043
85043 10044
85044 10045
85045 10046
85046 10047
85047 10048
85048 10049
85049 10050
85050 10051
85051 10052
85052 10053
85053 10054
85054 10055
85055 10056
85056 10057
85057 10058
85058 10059
85059 10060
85060 10061
85061 10062
85062 10063
85063 10064
85064 10065
85065 10066
85066 10067
85067 10068
85068 10069
85069 10070
85070 10071
85071 10072
85072 10073
85073 10074
85074 10075
85075 10076
85076 10077
85077 10078
85078 10079
85079 10080
85080 10081
85081 10082
85082 10083
85083 10084
85084 10085
85085 10086
85086 10087
85087 10088
85088 10089
85089 10090
85090 10091
85091 10092
85092 10093
85093 10094
85094 10095
85095 10096
85096 10097
85097 10098
85098 10099
85099 10100
85100 10101
85101 10102
85102 10103
85103 10104
85104 10105
85105 10106
85106 10107
85107 10108
85108 10109
85109 10110
85110 10111
85111 10112
85112 10113
85113 10114
85114 10115
85115 10116
85116 10117
85117 10118
85118 10119
85119 10120
85120 10121
85121 10122
85122 10123
85123 10124
85124 10125
85125 10126
85126 10127
85127 10128
85128 10129
85129 10130
85130 10131
85131 10132
85132 10133
85133 10134
85134 10135
85135 10136
85136 10137
85137 10138
85138 10139
85139 10140
85140 10141
85141 10142
85142 10143
85143 10144
85144 10145
85145 10146
85146 10147
85147 10148
85148 10149
85149 10150
85150 10151
85151 10152
85152 10153
85153 10154
85154 10155
85155 10156
85156 10157
85157 10158
85158 10159
85159 10160
85160 10161
85161 10162
85162 10163
85163 10164
85164 10165
85165 10166
85166 10167
85167 10168
85168 10169
85169 10170
85170 10171
85171 10172
85172 10173
85173 10174
85174 10175
85175 10176
85176 10177
85177 10178
85178 10179
85179 10180
85180 10181
85181 10182
85182 10183
85183 10184
85184 10185
85185 10186
85186 10187
85187 10188
85188 10189
85189 10190
85190 10191
85191 10192
85192 10193
85193 10194
85194 10195
85195 10196
85196 10197
85197 10198
85198 10199
85199 10200
85200 10201
85201 10202
85202 10203
85203 10204
85204 10205
85205 10206
85206 10207
85207 10208
85208 10209
85209 10210
85210 10211
85211 10212
85212 10213
85213 10214
85214 10215
85215 10216
85216 10217
85217 10218
85218 10219
85219 10220
85220 10221
85221 10222
85222 10223
85223 10224
85224 10225
85225 10226
85226 10227
85227 10228
85228 10229
85229 10230
85230 10231
85231 10232
85232 10233
85233 10234
85234 10235
85235 10236
85236 10237
85237 10238
85238 10239
85239 10240
85240 10241
85241 10242
85242 10243
85243 10244
85244 10245
85245 10246
85246 10247
85247 10248
85248 10249
85249 10250
85250 10251
85251 10252
85252 10253
85253 10254
85254 10255
85255 10256
85256 10257
85257 10258
85258 10259
85259 10260
85260 10261
85261 10262
85262 10263
85263 10264
85264 10265
85265 10266
85266 10267
85267 10268
85268 10269
85269 10270
85270 10271
85271 10272
85272 10273
85273 10274
85274 10275
85275 10276
85276 10277
85277 10278
85278 10279
85279 10280
85280 10281
85281 10282
85282 10283
85283 10284
85284 10285
85285 10286
85286 10287
85287 10288
85288 10289
85289 10290
85290 10291
85291 10292
85292 10293
85293 10294
85294 10295
85295 10296
85296 10297
85297 10298
85298 10299
85299 10300
85300 10301
85301 10302
85302 10303
85303 10304
85304 10305
85305 10306
85306 10307
85307 10308
85308 10309
85309 10310
85310 10311
85311 10312
85312 10313
85313 10314
85314 10315
85315 10316
85316 10317
85317 10318
85318 10319
85319 10320
85320 10321
85321 10322
85322 10323
85323 10324
85324 10325
85325 10326
85326 10327
85327 10328
85328 10329
85329 10330
85330 10331
85331 10332
85332 10333
85333 10334
85334 10335
85335 10336
85336 10337
85337 10338
85338 10339
85339 10340
85340 10341
85341 10342
85342 10343
85343 10344
85344 10345
85345 10346
85346 10347
85347 10348
85348 10349
85349 10350
85350 10351
85351 10352
85352 10353
85353 10354
85354 10355
85355 10356
85356 10357
85357 10358
85358 10359
85359 10360
85360 10361
85361 10362
85362 10363
85363 10364
85364 10365
85365 10366
85366 10367
85367 10368
85368 10369
85369 10370
85370 10371
85371 10372
85372 10373
85373 10374
85374 10375
85375 10376
85376 10377
85377 10378
85378 10379
85379 10380
85380 10381
85381 10382
85382 10383
85383 10384
85384 10385
85385 10386
85386 10387
85387 10388
85388 10389
85389 10390
85390 10391
85391 10392
85392 10393
85393 10394
85394 10395
85395 10396
85396 10397
85397 10398
85398 10399
85399 10400
85400 10401
85401 10402
85402 10403
85403 10404
85404 10405
85405 10406
85406 10407
85407 10408
85408 10409
85409 10410
85410 10411
85411 10412
85412 10413
85413 10414
85414 10415
85415 10416
85416 10417
85417 10418
85418 10419
85419 10420
85420 10421
85421 10422
85422 10423
85423 10424
85424 10425
85425 10426
85426 10427
85427 10428
85428 10429
85429 10430
85430 10431
85431 10432
85432 10433
85433 10434
85434 10435
85435 10436
85436 10437
85437 10438
85438 10439
85439 10440
85440 10441
85441 10442
85442 10443
85443 10444
85444 10445
85445 10446
85446 10447
85447 10448
85448 10449
85449 10450
85450 10451
85451 10452
85452 10453
85453 10454
85454 10455
85455 10456
85456 10457
85457 10458
85458 10459
85459 10460
85460 10461
85461 10462
85462 10463
85463 10464
85464 10465
85465 10466
85466 10467
85467 10468
85468 10469
85469 10470
85470 10471
85471 10472
85472 10473
85473 10474
85474 10475
85475 10476
85476 10477
85477 10478
85478 10479
85479 10480
85480 10481
85481 10482
85482 10483
85483 10484
85484 10485
85485 10486
85486 10487
85487 10488
85488 10489
85489 10490
85490 10491
85491 10492
85492 10493
85493 10494
85494 10495
85495 10496
85496 10497
85497 10498
85498 10499
85499 10500
85500 10501
85501 10502
85502 10503
85503 10504
85504 10505
85505 10506
85506 10507
85507 10508
85508 10509
85509 10510
85510 10511
85511 10512
85512 10513
85513 10514
85514 10515
85515 10516
85516 10517
85517 10518
85518 10519
85519 10520
85520 10521
85521 10522
85522 10523
85523 10524
85524 10525
85525 10526
85526 10527
85527 10528
85528 10529
85529 10530
85530 10531
85531 10532
85532 10533
85533 10534
85534 10535
85535 10536
85536 10537
85537 10538
85538 10539
85539 10540
85540 10541
85541 10542
85542 10543
85543 10544
85544 10545
85545 10546
85546 10547
85547 10548
85548 10549
85549 10550
85550 10551
85551 10552
85552 10553
85553 10554
85554 10555
85555 10556
85556 10557
85557 10558
85558 10559
85559 10560
85560 10561
85561 10562
85562 10563
85563 10564
85564 10565
85565 10566
85566 10567
85567 10568
85568 10569
85569 10570
85570 10571
85571 10572
85572 10573
85573 10574
85574 10575
85575 10576
85576 10577
85577 10578
85578 10579
85579 10580
85580 10581
85581 10582
85582 10583
85583 10584
85584 10585
85585 10586
85586 10587
85587 10588
85588 10589
85589 10590
85590 10591
85591 10592
85592 10593
85593 10594
85594 10595
85595 10596
85596 10597
85597 10598
85598 10599
85599 10600
85600 10601
85601 10602
85602 10603
85603 10604
85604 10605
85605 10606
85606 10607
85607 10608
85608 10609
85609 10610
85610 10611
85611 10612
85612 10613
85613 10614
85614 10615
85615 10616
85616 10617
85617 10618
85618 10619
85619 10620
85620 10621
85621 10622
85622 10623
85623 10624
85624 10625
85625 10626
85626 10627
85627 10628
85628 10629
85629 10630
85630 10631
85631 10632
85632 10633
85633 10634
85634 10635
85635 10636
85636 10637
85637 10638
85638 10639
85639 10640
85640 10641
85641 10642
85642 10643
85643 10644
85644 10645
85645 10646
85646 10647
85647 10648
85648 10649
85649 10650
85650 10651
85651 10652
85652 10653
85653 10654
85654 10655
85655 10656
85656 10657
85657 10658
85658 10659
85659 10660
85660 10661
85661 10662
85662 10663
85663 10664
85664 10665
85665 10666
85666 10667
85667 10668
85668 10669
85669 10670
85670 10671
85671 10672
85672 10673
85673 10674
85674 10675
85675 10676
85676 10677
85677 10678
85678 10679
85679 10680
85680 10681
85681 10682
85682 10683
85683 10684
85684 10685
85685 10686
85686 10687
85687 10688
85688 10689
85689 10690
85690 10691
85691 10692
85692 10693
85693 10694
85694 10695
85695 10696
85696 10697
85697 10698
85698 10699
85699 10700
85700 10701
85701 10702
85702 10703
85703 10704
85704 10705
85705 10706
85706 10707
85707 10708
85708 10709
85709 10710
85710 10711
85711 10712
85712 10713
85713 10714
85714 10715
85715 10716
85716 10717
85717 10718
85718 10719
85719 10720
85720 10721
85721 10722
85722 10723
85723 10724
85724 10725
85725 10726
85726 10727
85727 10728
85728 10729
85729 10730
85730 10731
85731 10732
85732 10733
85733 10734
85734 10735
85735 10736
85736 10737
85737 10738
85738 10739
85739 10740
85740 10741
85741 10742
85742 10743
85743 10744
85744 10745
85745 10746
85746 10747
85747 10748
85748 10749
85749 10750
85750 10751
85751 10752
85752 10753
85753 10754
85754 10755
85755 10756
85756 10757
85757 10758
85758 10759
85759 10760
85760 10761
85761 10762
85762 10763
85763 10764
85764 10765
85765 10766
85766 10767
85767 10768
85768 10769
85769 10770
85770 10771
85771 10772
85772 10773
85773 10774
85774 10775
85775 10776
85776 10777
85777 10778
85778 10779
85779 10780
85780 10781
85781 10782
85782 10783
85783 10784
85784 10785
85785 10786
85786 10787
85787 10788
85788 10789
85789 10790
85790 10791
85791 10792
85792 10793
85793 10794
85794 10795
85795 10796
85796 10797
85797 10798
85798 10799
85799 10800
85800 10801
85801 10802
85802 10803
85803 10804
85804 10805
85805 10806
85806 10807
85807 10808
85808 10809
85809 10810
85810 10811
85811 10812
85812 10813
85813 10814
85814 10815
85815 10816
85816 10817
85817 10818
85818 10819
85819 10820
85820 10821
85821 10822
85822 10823
85823 10824
85824 10825
85825 10826
85826 10827
85827 10828
85828 10829
85829 10830
85830 10831
85831 10832
85832 10833
85833 10834
85834 10835
85835 10836
85836 10837
85837 10838
85838 10839
85839 10840
85840 10841
85841 10842
85842 10843
85843 10844
85844 10845
85845 10846
85846 10847
85847 10848
85848 10849
85849 10850
85850 10851
85851 10852
85852 10853
85853 10854
85854 10855
85855 10856
85856 10857
85857 10858
85858 10859
85859 10860
85860 10861
85861 10862
85862 10863
85863 10864
85864 10865
85865 10866
85866 10867
85867 10868
85868 10869
85869 10870
85870 10871
85871 10872
85872 10873
85873 10874
85874 10875
85875 10876
85876 10877
85877 10878
85878 10879
85879 10880
85880 10881
85881 10882
85882 10883
85883 10884
85884 10885
85885 10886
85886 10887
85887 10888
85888 10889
85889 10890
85890 10891
85891 10892
85892 10893
85893 10894
85894 10895
85895 10896
85896 10897
85897 10898
85898 10899
85899 10900
85900 10901
85901 10902
85902 10903
85903 10904
85904 10905
85905 10906
85906 10907
85907 10908
85908 10909
85909 10910
85910 10911
85911 10912
85912 10913
85913 10914
85914 10915
85915 10916
85916 10917
85917 10918
85918 10919
85919 10920
85920 10921
85921 10922
85922 10923
85923 10924
85924 10925
85925 10926
85926 10927
85927 10928
85928 10929
85929 10930
85930 10931
85931 10932
85932 10933
85933 10934
85934 10935
85935 10936
85936 10937
85937 10938
85938 10939
85939 10940
85940 10941
85941 10942
85942 10943
85943 10944
85944 10945
85945 10946
85946 10947
85947 10948
85948 10949
85949 10950
85950 10951
85951 10952
85952 10953
85953 10954
85954 10955
85955 10956
85956 10957
85957 10958
85958 10959
85959 10960
85960 10961
85961 10962
85962 10963
85963 10964
85964 10965
85965 10966
85966 10967
85967 10968
85968 10969
85969 10970
85970 10971
85971 10972
85972 10973
85973 10974
85974 10975
85975 10976
85976 10977
85977 10978
85978 10979
85979 10980
85980 10981
85981 10982
85982 10983
85983 10984
85984 10985
85985 10986
85986 10987
85987 10988
85988 10989
85989 10990
85990 10991
85991 10992
85992 10993
85993 10994
85994 10995
85995 10996
85996 10997
85997 10998
85998 10999
85999 11000
86000 11001
86001 11002
86002 11003
86003 11004
86004 11005
86005 11006
86006 11007
86007 11008
86008 11009
86009 11010
86010 11011
86011 11012
86012 11013
86013 11014
86014 11015
86015 11016
86016 11017
86017 11018
86018 11019
86019 11020
86020 11021
86021 11022
86022 11023
86023 11024
86024 11025
86025 11026
86026 11027
86027 11028
86028 11029
86029 11030
86030 11031
86031 11032
86032 11033
86033 11034
86034 11035
86035 11036
86036 11037
86037 11038
86038 11039
86039 11040
86040 11041
86041 11042
86042 11043
86043 11044
86044 11045
86045 11046
86046 11047
86047 11048
86048 11049
86049 11050
86050 11051
86051 11052
86052 11053
86053 11054
86054 11055
86055 11056
86056 11057
86057 11058
86058 11059
86059 11060
86060 11061
86061 11062
86062 11063
86063 11064
86064 11065
86065 11066
86066 11067
86067 11068
86068 11069
86069 11070
86070 11071
86071 11072
86072 11073
86073 11074
86074 11075
86075 11076
86076 11077
86077 11078
86078 11079
86079 11080
86080 11081
86081 11082
86082 11083
86083 11084
86084 11085
86085 11086
86086 11087
86087 11088
86088 11089
86089 11090
86090 11091
86091 11092
86092 11093
86093 11094
86094 11095
86095 11096
86096 11097
86097 11098
86098 11099
86099 11100
86100 11101
86101 11102
86102 11103
86103 11104
86104 11105
86105 11106
86106 11107
86107 11108
86108 11109
86109 11110
86110 11111
86111 11112
86112 11113
86113 11114
86114 11115
86115 11116
86116 11117
86117 11118
86118 11119
86119 11120
86120 11121
86121 11122
86122 11123
86123 11124
86124 11125
86125 11126
86126 11127
86127 11128
86128 11129
86129 11130
86130 11131
86131 11132
86132 11133
86133 11134
86134 11135
86135 11136
86136 11137
86137 11138
86138 11139
86139 11140
86140 11141
86141 11142
86142 11143
86143 11144
86144 11145
86145 11146
86146 11147
86147 11148
86148 11149
86149 11150
86150 11151
86151 11152
86152 11153
86153 11154
86154 11155
86155 11156
86156 11157
86157 11158
86158 11159
86159 11160
86160 11161
86161 11162
86162 11163
86163 11164
86164 11165
86165 11166
86166 11167
86167 11168
86168 11169
86169 11170
86170 11171
86171 11172
86172 11173
86173 11174
86174 11175
86175 11176
86176 11177
86177 11178
86178 11179
86179 11180
86180 11181
86181 11182
86182 11183
86183 11184
86184 11185
86185 11186
86186 11187
86187 11188
86188 11189
86189 11190
86190 11191
86191 11192
86192 11193
86193 11194
86194 11195
86195 11196
86196 11197
86197 11198
86198 11199
86199 11200
86200 11201
86201 11202
86202 11203
86203 11204
86204 11205
86205 11206
86206 11207
86207 11208
86208 11209
86209 11210
86210 11211
86211 11212
86212 11213
86213 11214
86214 11215
86215 11216
86216 11217
86217 11218
86218 11219
86219 11220
86220 11221
86221 11222
86222 11223
86223 11224
86224 11225
86225 11226
86226 11227
86227 11228
86228 11229
86229 11230
86230 11231
86231 11232
86232 11233
86233 11234
86234 11235
86235 11236
86236 11237
86237 11238
86238 11239
86239 11240
86240 11241
86241 11242
86242 11243
86243 11244
86244 11245
86245 11246
86246 11247
86247 11248
86248 11249
86249 11250
86250 11251
86251 11252
86252 11253
86253 11254
86254 11255
86255 11256
86256 11257
86257 11258
86258 11259
86259 11260
86260 11261
86261 11262
86262 11263
86263 11264
86264 11265
86265 11266
86266 11267
86267 11268
86268 11269
86269 11270
86270 11271
86271 11272
86272 11273
86273 11274
86274 11275
86275 11276
86276 11277
86277 11278
86278 11279
86279 11280
86280 11281
86281 11282
86282 11283
86283 11284
86284 11285
86285 11286
86286 11287
86287 11288
86288 11289
86289 11290
86290 11291
86291 11292
86292 11293
86293 11294
86294 11295
86295 11296
86296 11297
86297 11298
86298 11299
86299 11300
86300 11301
86301 11302
86302 11303
86303 11304
86304 11305
86305 11306
86306 11307
86307 11308
86308 11309
86309 11310
86310 11311
86311 11312
86312 11313
86313 11314
86314 11315
86315 11316
86316 11317
86317 11318
86318 11319
86319 11320
86320 11321
86321 11322
86322 11323
86323 11324
86324 11325
86325 11326
86326 11327
86327 11328
86328 11329
86329 11330
86330 11331
86331 11332
86332 11333
86333 11334
86334 11335
86335 11336
86336 11337
86337 11338
86338 11339
86339 11340
86340 11341
86341 11342
86342 11343
86343 11344
86344 11345
86345 11346
86346 11347
86347 11348
86348 11349
86349 11350
86350 11351
86351 11352
86352 11353
86353 11354
86354 11355
86355 11356
86356 11357
86357 11358
86358 11359
86359 11360
86360 11361
86361 11362
86362 11363
86363 11364
86364 11365
86365 11366
86366 11367
86367 11368
86368 11369
86369 11370
86370 11371
86371 11372
86372 11373
86373 11374
86374 11375
86375 11376
86376 11377
86377 11378
86378 11379
86379 11380
86380 11381
86381 11382
86382 11383
86383 11384
86384 11385
86385 11386
86386 11387
86387 11388
86388 11389
86389 11390
86390 11391
86391 11392
86392 11393
86393 11394
86394 11395
86395 11396
86396 11397
86397 11398
86398 11399
86399 11400
86400 11401
86401 11402
86402 11403
86403 11404
86404 11405
86405 11406
86406 11407
86407 11408
86408 11409
86409 11410
86410 11411
86411 11412
86412 11413
86413 11414
86414 11415
86415 11416
86416 11417
86417 11418
86418 11419
86419 11420
86420 11421
86421 11422
86422 11423
86423 11424
86424 11425
86425 11426
86426 11427
86427 11428
86428 11429
86429 11430
86430 11431
86431 11432
86432 11433
86433 11434
86434 11435
86435 11436
86436 11437
86437 11438
86438 11439
86439 11440
86440 11441
86441 11442
86442 11443
86443 11444
86444 11445
86445 11446
86446 11447
86447 11448
86448 11449
86449 11450
86450 11451
86451 11452
86452 11453
86453 11454
86454 11455
86455 11456
86456 11457
86457 11458
86458 11459
86459 11460
86460 11461
86461 11462
86462 11463
86463 11464
86464 11465
86465 11466
86466 11467
86467 11468
86468 11469
86469 11470
86470 11471
86471 11472
86472 11473
86473 11474
86474 11475
86475 11476
86476 11477
86477 11478
86478 11479
86479 11480
86480 11481
86481 11482
86482 11483
86483 11484
86484 11485
86485 11486
86486 11487
86487 11488
86488 11489
86489 11490
86490 11491
86491 11492
86492 11493
86493 11494
86494 11495
86495 11496
86496 11497
86497 11498
86498 11499
86499 11500
86500 11501
86501 11502
86502 11503
86503 11504
86504 11505
86505 11506
86506 11507
86507 11508
86508 11509
86509 11510
86510 11511
86511 11512
86512 11513
86513 11514
86514 11515
86515 11516
86516 11517
86517 11518
86518 11519
86519 11520
86520 11521
86521 11522
86522 11523
86523 11524
86524 11525
86525 11526
86526 11527
86527 11528
86528 11529
86529 11530
86530 11531
86531 11532
86532 11533
86533 11534
86534 11535
86535 11536
86536 11537
86537 11538
86538 11539
86539 11540
86540 11541
86541 11542
86542 11543
86543 11544
86544 11545
86545 11546
86546 11547
86547 11548
86548 11549
86549 11550
86550 11551
86551 11552
86552 11553
86553 11554
86554 11555
86555 11556
86556 11557
86557 11558
86558 11559
86559 11560
86560 11561
86561 11562
86562 11563
86563 11564
86564 11565
86565 11566
86566 11567
86567 11568
86568 11569
86569 11570
86570 11571
86571 11572
86572 11573
86573 11574
86574 11575
86575 11576
86576 11577
86577 11578
86578 11579
86579 11580
86580 11581
86581 11582
86582 11583
86583 11584
86584 11585
86585 11586
86586 11587
86587 11588
86588 11589
86589 11590
86590 11591
86591 11592
86592 11593
86593 11594
86594 11595
86595 11596
86596 11597
86597 11598
86598 11599
86599 11600
86600 11601
86601 11602
86602 11603
86603 11604
86604 11605
86605 11606
86606 11607
86607 11608
86608 11609
86609 11610
86610 11611
86611 11612
86612 11613
86613 11614
86614 11615
86615 11616
86616 11617
86617 11618
86618 11619
86619 11620
86620 11621
86621 11622
86622 11623
86623 11624
86624 11625
86625 11626
86626 11627
86627 11628
86628 11629
86629 11630
86630 11631
86631 11632
86632 11633
86633 11634
86634 11635
86635 11636
86636 11637
86637 11638
86638 11639
86639 11640
86640 11641
86641 11642
86642 11643
86643 11644
86644 11645
86645 11646
86646 11647
86647 11648
86648 11649
86649 11650
86650 11651
86651 11652
86652 11653
86653 11654
86654 11655
86655 11656
86656 11657
86657 11658
86658 11659
86659 11660
86660 11661
86661 11662
86662 11663
86663 11664
86664 11665
86665 11666
86666 11667
86667 11668
86668 11669
86669 11670
86670 11671
86671 11672
86672 11673
86673 11674
86674 11675
86675 11676
86676 11677
86677 11678
86678 11679
86679 11680
86680 11681
86681 11682
86682 11683
86683 11684
86684 11685
86685 11686
86686 11687
86687 11688
86688 11689
86689 11690
86690 11691
86691 11692
86692 11693
86693 11694
86694 11695
86695 11696
86696 11697
86697 11698
86698 11699
86699 11700
86700 11701
86701 11702
86702 11703
86703 11704
86704 11705
86705 11706
86706 11707
86707 11708
86708 11709
86709 11710
86710 11711
86711 11712
86712 11713
86713 11714
86714 11715
86715 11716
86716 11717
86717 11718
86718 11719
86719 11720
86720 11721
86721 11722
86722 11723
86723 11724
86724 11725
86725 11726
86726 11727
86727 11728
86728 11729
86729 11730
86730 11731
86731 11732
86732 11733
86733 11734
86734 11735
86735 11736
86736 11737
86737 11738
86738 11739
86739 11740
86740 11741
86741 11742
86742 11743
86743 11744
86744 11745
86745 11746
86746 11747
86747 11748
86748 11749
86749 11750
86750 11751
86751 11752
86752 11753
86753 11754
86754 11755
86755 11756
86756 11757
86757 11758
86758 11759
86759 11760
86760 11761
86761 11762
86762 11763
86763 11764
86764 11765
86765 11766
86766 11767
86767 11768
86768 11769
86769 11770
86770 11771
86771 11772
86772 11773
86773 11774
86774 11775
86775 11776
86776 11777
86777 11778
86778 11779
86779 11780
86780 11781
86781 11782
86782 11783
86783 11784
86784 11785
86785 11786
86786 11787
86787 11788
86788 11789
86789 11790
86790 11791
86791 11792
86792 11793
86793 11794
86794 11795
86795 11796
86796 11797
86797 11798
86798 11799
86799 11800
86800 11801
86801 11802
86802 11803
86803 11804
86804 11805
86805 11806
86806 11807
86807 11808
86808 11809
86809 11810
86810 11811
86811 11812
86812 11813
86813 11814
86814 11815
86815 11816
86816 11817
86817 11818
86818 11819
86819 11820
86820 11821
86821 11822
86822 11823
86823 11824
86824 11825
86825 11826
86826 11827
86827 11828
86828 11829
86829 11830
86830 11831
86831 11832
86832 11833
86833 11834
86834 11835
86835 11836
86836 11837
86837 11838
86838 11839
86839 11840
86840 11841
86841 11842
86842 11843
86843 11844
86844 11845
86845 11846
86846 11847
86847 11848
86848 11849
86849 11850
86850 11851
86851 11852
86852 11853
86853 11854
86854 11855
86855 11856
86856 11857
86857 11858
86858 11859
86859 11860
86860 11861
86861 11862
86862 11863
86863 11864
86864 11865
86865 11866
86866 11867
86867 11868
86868 11869
86869 11870
86870 11871
86871 11872
86872 11873
86873 11874
86874 11875
86875 11876
86876 11877
86877 11878
86878 11879
86879 11880
86880 11881
86881 11882
86882 11883
86883 11884
86884 11885
86885 11886
86886 11887
86887 11888
86888 11889
86889 11890
86890 11891
86891 11892
86892 11893
86893 11894
86894 11895
86895 11896
86896 11897
86897 11898
86898 11899
86899 11900
86900 11901
86901 11902
86902 11903
86903 11904
86904 11905
86905 11906
86906 11907
86907 11908
86908 11909
86909 11910
86910 11911
86911 11912
86912 11913
86913 11914
86914 11915
86915 11916
86916 11917
86917 11918
86918 11919
86919 11920
86920 11921
86921 11922
86922 11923
86923 11924
86924 11925
86925 11926
86926 11927
86927 11928
86928 11929
86929 11930
86930 11931
86931 11932
86932 11933
86933 11934
86934 11935
86935 11936
86936 11937
86937 11938
86938 11939
86939 11940
86940 11941
86941 11942
86942 11943
86943 11944
86944 11945
86945 11946
86946 11947
86947 11948
86948 11949
86949 11950
86950 11951
86951 11952
86952 11953
86953 11954
86954 11955
86955 11956
86956 11957
86957 11958
86958 11959
86959 11960
86960 11961
86961 11962
86962 11963
86963 11964
86964 11965
86965 11966
86966 11967
86967 11968
86968 11969
86969 11970
86970 11971
86971 11972
86972 11973
86973 11974
86974 11975
86975 11976
86976 11977
86977 11978
86978 11979
86979 11980
86980 11981
86981 11982
86982 11983
86983 11984
86984 11985
86985 11986
86986 11987
86987 11988
86988 11989
86989 11990
86990 11991
86991 11992
86992 11993
86993 11994
86994 11995
86995 11996
86996 11997
86997 11998
86998 11999
86999 12000
87000 12001
87001 12002
87002 12003
87003 12004
87004 12005
87005 12006
87006 12007
87007 12008
87008 12009
87009 12010
87010 12011
87011 12012
87012 12013
87013 12014
87014 12015
87015 12016
87016 12017
87017 12018
87018 12019
87019 12020
87020 12021
87021 12022
87022 12023
87023 12024
87024 12025
87025 12026
87026 12027
87027 12028
87028 12029
87029 12030
87030 12031
87031 12032
87032 12033
87033 12034
87034 12035
87035 12036
87036 12037
87037 12038
87038 12039
87039 12040
87040 12041
87041 12042
87042 12043
87043 12044
87044 12045
87045 12046
87046 12047
87047 12048
87048 12049
87049 12050
87050 12051
87051 12052
87052 12053
87053 12054
87054 12055
87055 12056
87056 12057
87057 12058
87058 12059
87059 12060
87060 12061
87061 12062
87062 12063
87063 12064
87064 12065
87065 12066
87066 12067
87067 12068
87068 12069
87069 12070
87070 12071
87071 12072
87072 12073
87073 12074
87074 12075
87075 12076
87076 12077
87077 12078
87078 12079
87079 12080
87080 12081
87081 12082
87082 12083
87083 12084
87084 12085
87085 12086
87086 12087
87087 12088
87088 12089
87089 12090
87090 12091
87091 12092
87092 12093
87093 12094
87094 12095
87095 12096
87096 12097
87097 12098
87098 12099
87099 12100
87100 12101
87101 12102
87102 12103
87103 12104
87104 12105
87105 12106
87106 12107
87107 12108
87108 12109
87109 12110
87110 12111
87111 12112
87112 12113
87113 12114
87114 12115
87115 12116
87116 12117
87117 12118
87118 12119
87119 12120
87120 12121
87121 12122
87122 12123
87123 12124
87124 12125
87125 12126
87126 12127
87127 12128
87128 12129
87129 12130
87130 12131
87131 12132
87132 12133
87133 12134
87134 12135
87135 12136
87136 12137
87137 12138
87138 12139
87139 12140
87140 12141
87141 12142
87142 12143
87143 12144
87144 12145
87145 12146
87146 12147
87147 12148
87148 12149
87149 12150
87150 12151
87151 12152
87152 12153
87153 12154
87154 12155
87155 12156
87156 12157
87157 12158
87158 12159
87159 12160
87160 12161
87161 12162
87162 12163
87163 12164
87164 12165
87165 12166
87166 12167
87167 12168
87168 12169
87169 12170
87170 12171
87171 12172
87172 12173
87173 12174
87174 12175
87175 12176
87176 12177
87177 12178
87178 12179
87179 12180
87180 12181
87181 12182
87182 12183
87183 12184
87184 12185
87185 12186
87186 12187
87187 12188
87188 12189
87189 12190
87190 12191
87191 12192
87192 12193
87193 12194
87194 12195
87195 12196
87196 12197
87197 12198
87198 12199
87199 12200
87200 12201
87201 12202
87202 12203
87203 12204
87204 12205
87205 12206
87206 12207
87207 12208
87208 12209
87209 12210
87210 12211
87211 12212
87212 12213
87213 12214
87214 12215
87215 12216
87216 12217
87217 12218
87218 12219
87219 12220
87220 12221
87221 12222
87222 12223
87223 12224
87224 12225
87225 12226
87226 12227
87227 12228
87228 12229
87229 12230
87230 12231
87231 12232
87232 12233
87233 12234
87234 12235
87235 12236
87236 12237
87237 12238
87238 12239
87239 12240
87240 12241
87241 12242
87242 12243
87243 12244
87244 12245
87245 12246
87246 12247
87247 12248
87248 12249
87249 12250
87250 12251
87251 12252
87252 12253
87253 12254
87254 12255
87255 12256
87256 12257
87257 12258
87258 12259
87259 12260
87260 12261
87261 12262
87262 12263
87263 12264
87264 12265
87265 12266
87266 12267
87267 12268
87268 12269
87269 12270
87270 12271
87271 12272
87272 12273
87273 12274
87274 12275
87275 12276
87276 12277
87277 12278
87278 12279
87279 12280
87280 12281
87281 12282
87282 12283
87283 12284
87284 12285
87285 12286
87286 12287
87287 12288
87288 12289
87289 12290
87290 12291
87291 12292
87292 12293
87293 12294
87294 12295
87295 12296
87296 12297
87297 12298
87298 12299
87299 12300
87300 12301
87301 12302
87302 12303
87303 12304
87304 12305
87305 12306
87306 12307
87307 12308
87308 12309
87309 12310
87310 12311
87311 12312
87312 12313
87313 12314
87314 12315
87315 12316
87316 12317
87317 12318
87318 12319
87319 12320
87320 12321
87321 12322
87322 12323
87323 12324
87324 12325
87325 12326
87326 12327
87327 12328
87328 12329
87329 12330
87330 12331
87331 12332
87332 12333
87333 12334
87334 12335
87335 12336
87336 12337
87337 12338
87338 12339
87339 12340
87340 12341
87341 12342
87342 12343
87343 12344
87344 12345
87345 12346
87346 12347
87347 12348
87348 12349
87349 12350
87350 12351
87351 12352
87352 12353
87353 12354
87354 12355
87355 12356
87356 12357
87357 12358
87358 12359
87359 12360
87360 12361
87361 12362
87362 12363
87363 12364
87364 12365
87365 12366
87366 12367
87367 12368
87368 12369
87369 12370
87370 12371
87371 12372
87372 12373
87373 12374
87374 12375
87375 12376
87376 12377
87377 12378
87378 12379
87379 12380
87380 12381
87381 12382
87382 12383
87383 12384
87384 12385
87385 12386
87386 12387
87387 12388
87388 12389
87389 12390
87390 12391
87391 12392
87392 12393
87393 12394
87394 12395
87395 12396
87396 12397
87397 12398
87398 12399
87399 12400
87400 12401
87401 12402
87402 12403
87403 12404
87404 12405
87405 12406
87406 12407
87407 12408
87408 12409
87409 12410
87410 12411
87411 12412
87412 12413
87413 12414
87414 12415
87415 12416
87416 12417
87417 12418
87418 12419
87419 12420
87420 12421
87421 12422
87422 12423
87423 12424
87424 12425
87425 12426
87426 12427
87427 12428
87428 12429
87429 12430
87430 12431
87431 12432
87432 12433
87433 12434
87434 12435
87435 12436
87436 12437
87437 12438
87438 12439
87439 12440
87440 12441
87441 12442
87442 12443
87443 12444
87444 12445
87445 12446
87446 12447
87447 12448
87448 12449
87449 12450
87450 12451
87451 12452
87452 12453
87453 12454
87454 12455
87455 12456
87456 12457
87457 12458
87458 12459
87459 12460
87460 12461
87461 12462
87462 12463
87463 12464
87464 12465
87465 12466
87466 12467
87467 12468
87468 12469
87469 12470
87470 12471
87471 12472
87472 12473
87473 12474
87474 12475
87475 12476
87476 12477
87477 12478
87478 12479
87479 12480
87480 12481
87481 12482
87482 12483
87483 12484
87484 12485
87485 12486
87486 12487
87487 12488
87488 12489
87489 12490
87490 12491
87491 12492
87492 12493
87493 12494
87494 12495
87495 12496
87496 12497
87497 12498
87498 12499
87499 12500
87500 12501
87501 12502
87502 12503
87503 12504
87504 12505
87505 12506
87506 12507
87507 12508
87508 12509
87509 12510
87510 12511
87511 12512
87512 12513
87513 12514
87514 12515
87515 12516
87516 12517
87517 12518
87518 12519
87519 12520
87520 12521
87521 12522
87522 12523
87523 12524
87524 12525
87525 12526
87526 12527
87527 12528
87528 12529
87529 12530
87530 12531
87531 12532
87532 12533
87533 12534
87534 12535
87535 12536
87536 12537
87537 12538
87538 12539
87539 12540
87540 12541
87541 12542
87542 12543
87543 12544
87544 12545
87545 12546
87546 12547
87547 12548
87548 12549
87549 12550
87550 12551
87551 12552
87552 12553
87553 12554
87554 12555
87555 12556
87556 12557
87557 12558
87558 12559
87559 12560
87560 12561
87561 12562
87562 12563
87563 12564
87564 12565
87565 12566
87566 12567
87567 12568
87568 12569
87569 12570
87570 12571
87571 12572
87572 12573
87573 12574
87574 12575
87575 12576
87576 12577
87577 12578
87578 12579
87579 12580
87580 12581
87581 12582
87582 12583
87583 12584
87584 12585
87585 12586
87586 12587
87587 12588
87588 12589
87589 12590
87590 12591
87591 12592
87592 12593
87593 12594
87594 12595
87595 12596
87596 12597
87597 12598
87598 12599
87599 12600
87600 12601
87601 12602
87602 12603
87603 12604
87604 12605
87605 12606
87606 12607
87607 12608
87608 12609
87609 12610
87610 12611
87611 12612
87612 12613
87613 12614
87614 12615
87615 12616
87616 12617
87617 12618
87618 12619
87619 12620
87620 12621
87621 12622
87622 12623
87623 12624
87624 12625
87625 12626
87626 12627
87627 12628
87628 12629
87629 12630
87630 12631
87631 12632
87632 12633
87633 12634
87634 12635
87635 12636
87636 12637
87637 12638
87638 12639
87639 12640
87640 12641
87641 12642
87642 12643
87643 12644
87644 12645
87645 12646
87646 12647
87647 12648
87648 12649
87649 12650
87650 12651
87651 12652
87652 12653
87653 12654
87654 12655
87655 12656
87656 12657
87657 12658
87658 12659
87659 12660
87660 12661
87661 12662
87662 12663
87663 12664
87664 12665
87665 12666
87666 12667
87667 12668
87668 12669
87669 12670
87670 12671
87671 12672
87672 12673
87673 12674
87674 12675
87675 12676
87676 12677
87677 12678
87678 12679
87679 12680
87680 12681
87681 12682
87682 12683
87683 12684
87684 12685
87685 12686
87686 12687
87687 12688
87688 12689
87689 12690
87690 12691
87691 12692
87692 12693
87693 12694
87694 12695
87695 12696
87696 12697
87697 12698
87698 12699
87699 12700
87700 12701
87701 12702
87702 12703
87703 12704
87704 12705
87705 12706
87706 12707
87707 12708
87708 12709
87709 12710
87710 12711
87711 12712
87712 12713
87713 12714
87714 12715
87715 12716
87716 12717
87717 12718
87718 12719
87719 12720
87720 12721
87721 12722
87722 12723
87723 12724
87724 12725
87725 12726
87726 12727
87727 12728
87728 12729
87729 12730
87730 12731
87731 12732
87732 12733
87733 12734
87734 12735
87735 12736
87736 12737
87737 12738
87738 12739
87739 12740
87740 12741
87741 12742
87742 12743
87743 12744
87744 12745
87745 12746
87746 12747
87747 12748
87748 12749
87749 12750
87750 12751
87751 12752
87752 12753
87753 12754
87754 12755
87755 12756
87756 12757
87757 12758
87758 12759
87759 12760
87760 12761
87761 12762
87762 12763
87763 12764
87764 12765
87765 12766
87766 12767
87767 12768
87768 12769
87769 12770
87770 12771
87771 12772
87772 12773
87773 12774
87774 12775
87775 12776
87776 12777
87777 12778
87778 12779
87779 12780
87780 12781
87781 12782
87782 12783
87783 12784
87784 12785
87785 12786
87786 12787
87787 12788
87788 12789
87789 12790
87790 12791
87791 12792
87792 12793
87793 12794
87794 12795
87795 12796
87796 12797
87797 12798
87798 12799
87799 12800
87800 12801
87801 12802
87802 12803
87803 12804
87804 12805
87805 12806
87806 12807
87807 12808
87808 12809
87809 12810
87810 12811
87811 12812
87812 12813
87813 12814
87814 12815
87815 12816
87816 12817
87817 12818
87818 12819
87819 12820
87820 12821
87821 12822
87822 12823
87823 12824
87824 12825
87825 12826
87826 12827
87827 12828
87828 12829
87829 12830
87830 12831
87831 12832
87832 12833
87833 12834
87834 12835
87835 12836
87836 12837
87837 12838
87838 12839
87839 12840
87840 12841
87841 12842
87842 12843
87843 12844
87844 12845
87845 12846
87846 12847
87847 12848
87848 12849
87849 12850
87850 12851
87851 12852
87852 12853
87853 12854
87854 12855
87855 12856
87856 12857
87857 12858
87858 12859
87859 12860
87860 12861
87861 12862
87862 12863
87863 12864
87864 12865
87865 12866
87866 12867
87867 12868
87868 12869
87869 12870
87870 12871
87871 12872
87872 12873
87873 12874
87874 12875
87875 12876
87876 12877
87877 12878
87878 12879
87879 12880
87880 12881
87881 12882
87882 12883
87883 12884
87884 12885
87885 12886
87886 12887
87887 12888
87888 12889
87889 12890
87890 12891
87891 12892
87892 12893
87893 12894
87894 12895
87895 12896
87896 12897
87897 12898
87898 12899
87899 12900
87900 12901
87901 12902
87902 12903
87903 12904
87904 12905
87905 12906
87906 12907
87907 12908
87908 12909
87909 12910
87910 12911
87911 12912
87912 12913
87913 12914
87914 12915
87915 12916
87916 12917
87917 12918
87918 12919
87919 12920
87920 12921
87921 12922
87922 12923
87923 12924
87924 12925
87925 12926
87926 12927
87927 12928
87928 12929
87929 12930
87930 12931
87931 12932
87932 12933
87933 12934
87934 12935
87935 12936
87936 12937
87937 12938
87938 12939
87939 12940
87940 12941
87941 12942
87942 12943
87943 12944
87944 12945
87945 12946
87946 12947
87947 12948
87948 12949
87949 12950
87950 12951
87951 12952
87952 12953
87953 12954
87954 12955
87955 12956
87956 12957
87957 12958
87958 12959
87959 12960
87960 12961
87961 12962
87962 12963
87963 12964
87964 12965
87965 12966
87966 12967
87967 12968
87968 12969
87969 12970
87970 12971
87971 12972
87972 12973
87973 12974
87974 12975
87975 12976
87976 12977
87977 12978
87978 12979
87979 12980
87980 12981
87981 12982
87982 12983
87983 12984
87984 12985
87985 12986
87986 12987
87987 12988
87988 12989
87989 12990
87990 12991
87991 12992
87992 12993
87993 12994
87994 12995
87995 12996
87996 12997
87997 12998
87998 12999
87999 13000
88000 13001
88001 13002
88002 13003
88003 13004
88004 13005
88005 13006
88006 13007
88007 13008
88008 13009
88009 13010
88010 13011
88011 13012
88012 13013
88013 13014
88014 13015
88015 13016
88016 13017
88017 13018
88018 13019
88019 13020
88020 13021
88021 13022
88022 13023
88023 13024
88024 13025
88025 13026
88026 13027
88027 13028
88028 13029
88029 13030
88030 13031
88031 13032
88032 13033
88033 13034
88034 13035
88035 13036
88036 13037
88037 13038
88038 13039
88039 13040
88040 13041
88041 13042
88042 13043
88043 13044
88044 13045
88045 13046
88046 13047
88047 13048
88048 13049
88049 13050
88050 13051
88051 13052
88052 13053
88053 13054
88054 13055
88055 13056
88056 13057
88057 13058
88058 13059
88059 13060
88060 13061
88061 13062
88062 13063
88063 13064
88064 13065
88065 13066
88066 13067
88067 13068
88068 13069
88069 13070
88070 13071
88071 13072
88072 13073
88073 13074
88074 13075
88075 13076
88076 13077
88077 13078
88078 13079
88079 13080
88080 13081
88081 13082
88082 13083
88083 13084
88084 13085
88085 13086
88086 13087
88087 13088
88088 13089
88089 13090
88090 13091
88091 13092
88092 13093
88093 13094
88094 13095
88095 13096
88096 13097
88097 13098
88098 13099
88099 13100
88100 13101
88101 13102
88102 13103
88103 13104
88104 13105
88105 13106
88106 13107
88107 13108
88108 13109
88109 13110
88110 13111
88111 13112
88112 13113
88113 13114
88114 13115
88115 13116
88116 13117
88117 13118
88118 13119
88119 13120
88120 13121
88121 13122
88122 13123
88123 13124
88124 13125
88125 13126
88126 13127
88127 13128
88128 13129
88129 13130
88130 13131
88131 13132
88132 13133
88133 13134
88134 13135
88135 13136
88136 13137
88137 13138
88138 13139
88139 13140
88140 13141
88141 13142
88142 13143
88143 13144
88144 13145
88145 13146
88146 13147
88147 13148
88148 13149
88149 13150
88150 13151
88151 13152
88152 13153
88153 13154
88154 13155
88155 13156
88156 13157
88157 13158
88158 13159
88159 13160
88160 13161
88161 13162
88162 13163
88163 13164
88164 13165
88165 13166
88166 13167
88167 13168
88168 13169
88169 13170
88170 13171
88171 13172
88172 13173
88173 13174
88174 13175
88175 13176
88176 13177
88177 13178
88178 13179
88179 13180
88180 13181
88181 13182
88182 13183
88183 13184
88184 13185
88185 13186
88186 13187
88187 13188
88188 13189
88189 13190
88190 13191
88191 13192
88192 13193
88193 13194
88194 13195
88195 13196
88196 13197
88197 13198
88198 13199
88199 13200
88200 13201
88201 13202
88202 13203
88203 13204
88204 13205
88205 13206
88206 13207
88207 13208
88208 13209
88209 13210
88210 13211
88211 13212
88212 13213
88213 13214
88214 13215
88215 13216
88216 13217
88217 13218
88218 13219
88219 13220
88220 13221
88221 13222
88222 13223
88223 13224
88224 13225
88225 13226
88226 13227
88227 13228
88228 13229
88229 13230
88230 13231
88231 13232
88232 13233
88233 13234
88234 13235
88235 13236
88236 13237
88237 13238
88238 13239
88239 13240
88240 13241
88241 13242
88242 13243
88243 13244
88244 13245
88245 13246
88246 13247
88247 13248
88248 13249
88249 13250
88250 13251
88251 13252
88252 13253
88253 13254
88254 13255
88255 13256
88256 13257
88257 13258
88258 13259
88259 13260
88260 13261
88261 13262
88262 13263
88263 13264
88264 13265
88265 13266
88266 13267
88267 13268
88268 13269
88269 13270
88270 13271
88271 13272
88272 13273
88273 13274
88274 13275
88275 13276
88276 13277
88277 13278
88278 13279
88279 13280
88280 13281
88281 13282
88282 13283
88283 13284
88284 13285
88285 13286
88286 13287
88287 13288
88288 13289
88289 13290
88290 13291
88291 13292
88292 13293
88293 13294
88294 13295
88295 13296
88296 13297
88297 13298
88298 13299
88299 13300
88300 13301
88301 13302
88302 13303
88303 13304
88304 13305
88305 13306
88306 13307
88307 13308
88308 13309
88309 13310
88310 13311
88311 13312
88312 13313
88313 13314
88314 13315
88315 13316
88316 13317
88317 13318
88318 13319
88319 13320
88320 13321
88321 13322
88322 13323
88323 13324
88324 13325
88325 13326
88326 13327
88327 13328
88328 13329
88329 13330
88330 13331
88331 13332
88332 13333
88333 13334
88334 13335
88335 13336
88336 13337
88337 13338
88338 13339
88339 13340
88340 13341
88341 13342
88342 13343
88343 13344
88344 13345
88345 13346
88346 13347
88347 13348
88348 13349
88349 13350
88350 13351
88351 13352
88352 13353
88353 13354
88354 13355
88355 13356
88356 13357
88357 13358
88358 13359
88359 13360
88360 13361
88361 13362
88362 13363
88363 13364
88364 13365
88365 13366
88366 13367
88367 13368
88368 13369
88369 13370
88370 13371
88371 13372
88372 13373
88373 13374
88374 13375
88375 13376
88376 13377
88377 13378
88378 13379
88379 13380
88380 13381
88381 13382
88382 13383
88383 13384
88384 13385
88385 13386
88386 13387
88387 13388
88388 13389
88389 13390
88390 13391
88391 13392
88392 13393
88393 13394
88394 13395
88395 13396
88396 13397
88397 13398
88398 13399
88399 13400
88400 13401
88401 13402
88402 13403
88403 13404
88404 13405
88405 13406
88406 13407
88407 13408
88408 13409
88409 13410
88410 13411
88411 13412
88412 13413
88413 13414
88414 13415
88415 13416
88416 13417
88417 13418
88418 13419
88419 13420
88420 13421
88421 13422
88422 13423
88423 13424
88424 13425
88425 13426
88426 13427
88427 13428
88428 13429
88429 13430
88430 13431
88431 13432
88432 13433
88433 13434
88434 13435
88435 13436
88436 13437
88437 13438
88438 13439
88439 13440
88440 13441
88441 13442
88442 13443
88443 13444
88444 13445
88445 13446
88446 13447
88447 13448
88448 13449
88449 13450
88450 13451
88451 13452
88452 13453
88453 13454
88454 13455
88455 13456
88456 13457
88457 13458
88458 13459
88459 13460
88460 13461
88461 13462
88462 13463
88463 13464
88464 13465
88465 13466
88466 13467
88467 13468
88468 13469
88469 13470
88470 13471
88471 13472
88472 13473
88473 13474
88474 13475
88475 13476
88476 13477
88477 13478
88478 13479
88479 13480
88480 13481
88481 13482
88482 13483
88483 13484
88484 13485
88485 13486
88486 13487
88487 13488
88488 13489
88489 13490
88490 13491
88491 13492
88492 13493
88493 13494
88494 13495
88495 13496
88496 13497
88497 13498
88498 13499
88499 13500
88500 13501
88501 13502
88502 13503
88503 13504
88504 13505
88505 13506
88506 13507
88507 13508
88508 13509
88509 13510
88510 13511
88511 13512
88512 13513
88513 13514
88514 13515
88515 13516
88516 13517
88517 13518
88518 13519
88519 13520
88520 13521
88521 13522
88522 13523
88523 13524
88524 13525
88525 13526
88526 13527
88527 13528
88528 13529
88529 13530
88530 13531
88531 13532
88532 13533
88533 13534
88534 13535
88535 13536
88536 13537
88537 13538
88538 13539
88539 13540
88540 13541
88541 13542
88542 13543
88543 13544
88544 13545
88545 13546
88546 13547
88547 13548
88548 13549
88549 13550
88550 13551
88551 13552
88552 13553
88553 13554
88554 13555
88555 13556
88556 13557
88557 13558
88558 13559
88559 13560
88560 13561
88561 13562
88562 13563
88563 13564
88564 13565
88565 13566
88566 13567
88567 13568
88568 13569
88569 13570
88570 13571
88571 13572
88572 13573
88573 13574
88574 13575
88575 13576
88576 13577
88577 13578
88578 13579
88579 13580
88580 13581
88581 13582
88582 13583
88583 13584
88584 13585
88585 13586
88586 13587
88587 13588
88588 13589
88589 13590
88590 13591
88591 13592
88592 13593
88593 13594
88594 13595
88595 13596
88596 13597
88597 13598
88598 13599
88599 13600
88600 13601
88601 13602
88602 13603
88603 13604
88604 13605
88605 13606
88606 13607
88607 13608
88608 13609
88609 13610
88610 13611
88611 13612
88612 13613
88613 13614
88614 13615
88615 13616
88616 13617
88617 13618
88618 13619
88619 13620
88620 13621
88621 13622
88622 13623
88623 13624
88624 13625
88625 13626
88626 13627
88627 13628
88628 13629
88629 13630
88630 13631
88631 13632
88632 13633
88633 13634
88634 13635
88635 13636
88636 13637
88637 13638
88638 13639
88639 13640
88640 13641
88641 13642
88642 13643
88643 13644
88644 13645
88645 13646
88646 13647
88647 13648
88648 13649
88649 13650
88650 13651
88651 13652
88652 13653
88653 13654
88654 13655
88655 13656
88656 13657
88657 13658
88658 13659
88659 13660
88660 13661
88661 13662
88662 13663
88663 13664
88664 13665
88665 13666
88666 13667
88667 13668
88668 13669
88669 13670
88670 13671
88671 13672
88672 13673
88673 13674
88674 13675
88675 13676
88676 13677
88677 13678
88678 13679
88679 13680
88680 13681
88681 13682
88682 13683
88683 13684
88684 13685
88685 13686
88686 13687
88687 13688
88688 13689
88689 13690
88690 13691
88691 13692
88692 13693
88693 13694
88694 13695
88695 13696
88696 13697
88697 13698
88698 13699
88699 13700
88700 13701
88701 13702
88702 13703
88703 13704
88704 13705
88705 13706
88706 13707
88707 13708
88708 13709
88709 13710
88710 13711
88711 13712
88712 13713
88713 13714
88714 13715
88715 13716
88716 13717
88717 13718
88718 13719
88719 13720
88720 13721
88721 13722
88722 13723
88723 13724
88724 13725
88725 13726
88726 13727
88727 13728
88728 13729
88729 13730
88730 13731
88731 13732
88732 13733
88733 13734
88734 13735
88735 13736
88736 13737
88737 13738
88738 13739
88739 13740
88740 13741
88741 13742
88742 13743
88743 13744
88744 13745
88745 13746
88746 13747
88747 13748
88748 13749
88749 13750
88750 13751
88751 13752
88752 13753
88753 13754
88754 13755
88755 13756
88756 13757
88757 13758
88758 13759
88759 13760
88760 13761
88761 13762
88762 13763
88763 13764
88764 13765
88765 13766
88766 13767
88767 13768
88768 13769
88769 13770
88770 13771
88771 13772
88772 13773
88773 13774
88774 13775
88775 13776
88776 13777
88777 13778
88778 13779
88779 13780
88780 13781
88781 13782
88782 13783
88783 13784
88784 13785
88785 13786
88786 13787
88787 13788
88788 13789
88789 13790
88790 13791
88791 13792
88792 13793
88793 13794
88794 13795
88795 13796
88796 13797
88797 13798
88798 13799
88799 13800
88800 13801
88801 13802
88802 13803
88803 13804
88804 13805
88805 13806
88806 13807
88807 13808
88808 13809
88809 13810
88810 13811
88811 13812
88812 13813
88813 13814
88814 13815
88815 13816
88816 13817
88817 13818
88818 13819
88819 13820
88820 13821
88821 13822
88822 13823
88823 13824
88824 13825
88825 13826
88826 13827
88827 13828
88828 13829
88829 13830
88830 13831
88831 13832
88832 13833
88833 13834
88834 13835
88835 13836
88836 13837
88837 13838
88838 13839
88839 13840
88840 13841
88841 13842
88842 13843
88843 13844
88844 13845
88845 13846
88846 13847
88847 13848
88848 13849
88849 13850
88850 13851
88851 13852
88852 13853
88853 13854
88854 13855
88855 13856
88856 13857
88857 13858
88858 13859
88859 13860
88860 13861
88861 13862
88862 13863
88863 13864
88864 13865
88865 13866
88866 13867
88867 13868
88868 13869
88869 13870
88870 13871
88871 13872
88872 13873
88873 13874
88874 13875
88875 13876
88876 13877
88877 13878
88878 13879
88879 13880
88880 13881
88881 13882
88882 13883
88883 13884
88884 13885
88885 13886
88886 13887
88887 13888
88888 13889
88889 13890
88890 13891
88891 13892
88892 13893
88893 13894
88894 13895
88895 13896
88896 13897
88897 13898
88898 13899
88899 13900
88900 13901
88901 13902
88902 13903
88903 13904
88904 13905
88905 13906
88906 13907
88907 13908
88908 13909
88909 13910
88910 13911
88911 13912
88912 13913
88913 13914
88914 13915
88915 13916
88916 13917
88917 13918
88918 13919
88919 13920
88920 13921
88921 13922
88922 13923
88923 13924
88924 13925
88925 13926
88926 13927
88927 13928
88928 13929
88929 13930
88930 13931
88931 13932
88932 13933
88933 13934
88934 13935
88935 13936
88936 13937
88937 13938
88938 13939
88939 13940
88940 13941
88941 13942
88942 13943
88943 13944
88944 13945
88945 13946
88946 13947
88947 13948
88948 13949
88949 13950
88950 13951
88951 13952
88952 13953
88953 13954
88954 13955
88955 13956
88956 13957
88957 13958
88958 13959
88959 13960
88960 13961
88961 13962
88962 13963
88963 13964
88964 13965
88965 13966
88966 13967
88967 13968
88968 13969
88969 13970
88970 13971
88971 13972
88972 13973
88973 13974
88974 13975
88975 13976
88976 13977
88977 13978
88978 13979
88979 13980
88980 13981
88981 13982
88982 13983
88983 13984
88984 13985
88985 13986
88986 13987
88987 13988
88988 13989
88989 13990
88990 13991
88991 13992
88992 13993
88993 13994
88994 13995
88995 13996
88996 13997
88997 13998
88998 13999
88999 14000
89000 14001
89001 14002
89002 14003
89003 14004
89004 14005
89005 14006
89006 14007
89007 14008
89008 14009
89009 14010
89010 14011
89011 14012
89012 14013
89013 14014
89014 14015
89015 14016
89016 14017
89017 14018
89018 14019
89019 14020
89020 14021
89021 14022
89022 14023
89023 14024
89024 14025
89025 14026
89026 14027
89027 14028
89028 14029
89029 14030
89030 14031
89031 14032
89032 14033
89033 14034
89034 14035
89035 14036
89036 14037
89037 14038
89038 14039
89039 14040
89040 14041
89041 14042
89042 14043
89043 14044
89044 14045
89045 14046
89046 14047
89047 14048
89048 14049
89049 14050
89050 14051
89051 14052
89052 14053
89053 14054
89054 14055
89055 14056
89056 14057
89057 14058
89058 14059
89059 14060
89060 14061
89061 14062
89062 14063
89063 14064
89064 14065
89065 14066
89066 14067
89067 14068
89068 14069
89069 14070
89070 14071
89071 14072
89072 14073
89073 14074
89074 14075
89075 14076
89076 14077
89077 14078
89078 14079
89079 14080
89080 14081
89081 14082
89082 14083
89083 14084
89084 14085
89085 14086
89086 14087
89087 14088
89088 14089
89089 14090
89090 14091
89091 14092
89092 14093
89093 14094
89094 14095
89095 14096
89096 14097
89097 14098
89098 14099
89099 14100
89100 14101
89101 14102
89102 14103
89103 14104
89104 14105
89105 14106
89106 14107
89107 14108
89108 14109
89109 14110
89110 14111
89111 14112
89112 14113
89113 14114
89114 14115
89115 14116
89116 14117
89117 14118
89118 14119
89119 14120
89120 14121
89121 14122
89122 14123
89123 14124
89124 14125
89125 14126
89126 14127
89127 14128
89128 14129
89129 14130
89130 14131
89131 14132
89132 14133
89133 14134
89134 14135
89135 14136
89136 14137
89137 14138
89138 14139
89139 14140
89140 14141
89141 14142
89142 14143
89143 14144
89144 14145
89145 14146
89146 14147
89147 14148
89148 14149
89149 14150
89150 14151
89151 14152
89152 14153
89153 14154
89154 14155
89155 14156
89156 14157
89157 14158
89158 14159
89159 14160
89160 14161
89161 14162
89162 14163
89163 14164
89164 14165
89165 14166
89166 14167
89167 14168
89168 14169
89169 14170
89170 14171
89171 14172
89172 14173
89173 14174
89174 14175
89175 14176
89176 14177
89177 14178
89178 14179
89179 14180
89180 14181
89181 14182
89182 14183
89183 14184
89184 14185
89185 14186
89186 14187
89187 14188
89188 14189
89189 14190
89190 14191
89191 14192
89192 14193
89193 14194
89194 14195
89195 14196
89196 14197
89197 14198
89198 14199
89199 14200
89200 14201
89201 14202
89202 14203
89203 14204
89204 14205
89205 14206
89206 14207
89207 14208
89208 14209
89209 14210
89210 14211
89211 14212
89212 14213
89213 14214
89214 14215
89215 14216
89216 14217
89217 14218
89218 14219
89219 14220
89220 14221
89221 14222
89222 14223
89223 14224
89224 14225
89225 14226
89226 14227
89227 14228
89228 14229
89229 14230
89230 14231
89231 14232
89232 14233
89233 14234
89234 14235
89235 14236
89236 14237
89237 14238
89238 14239
89239 14240
89240 14241
89241 14242
89242 14243
89243 14244
89244 14245
89245 14246
89246 14247
89247 14248
89248 14249
89249 14250
89250 14251
89251 14252
89252 14253
89253 14254
89254 14255
89255 14256
89256 14257
89257 14258
89258 14259
89259 14260
89260 14261
89261 14262
89262 14263
89263 14264
89264 14265
89265 14266
89266 14267
89267 14268
89268 14269
89269 14270
89270 14271
89271 14272
89272 14273
89273 14274
89274 14275
89275 14276
89276 14277
89277 14278
89278 14279
89279 14280
89280 14281
89281 14282
89282 14283
89283 14284
89284 14285
89285 14286
89286 14287
89287 14288
89288 14289
89289 14290
89290 14291
89291 14292
89292 14293
89293 14294
89294 14295
89295 14296
89296 14297
89297 14298
89298 14299
89299 14300
89300 14301
89301 14302
89302 14303
89303 14304
89304 14305
89305 14306
89306 14307
89307 14308
89308 14309
89309 14310
89310 14311
89311 14312
89312 14313
89313 14314
89314 14315
89315 14316
89316 14317
89317 14318
89318 14319
89319 14320
89320 14321
89321 14322
89322 14323
89323 14324
89324 14325
89325 14326
89326 14327
89327 14328
89328 14329
89329 14330
89330 14331
89331 14332
89332 14333
89333 14334
89334 14335
89335 14336
89336 14337
89337 14338
89338 14339
89339 14340
89340 14341
89341 14342
89342 14343
89343 14344
89344 14345
89345 14346
89346 14347
89347 14348
89348 14349
89349 14350
89350 14351
89351 14352
89352 14353
89353 14354
89354 14355
89355 14356
89356 14357
89357 14358
89358 14359
89359 14360
89360 14361
89361 14362
89362 14363
89363 14364
89364 14365
89365 14366
89366 14367
89367 14368
89368 14369
89369 14370
89370 14371
89371 14372
89372 14373
89373 14374
89374 14375
89375 14376
89376 14377
89377 14378
89378 14379
89379 14380
89380 14381
89381 14382
89382 14383
89383 14384
89384 14385
89385 14386
89386 14387
89387 14388
89388 14389
89389 14390
89390 14391
89391 14392
89392 14393
89393 14394
89394 14395
89395 14396
89396 14397
89397 14398
89398 14399
89399 14400
89400 14401
89401 14402
89402 14403
89403 14404
89404 14405
89405 14406
89406 14407
89407 14408
89408 14409
89409 14410
89410 14411
89411 14412
89412 14413
89413 14414
89414 14415
89415 14416
89416 14417
89417 14418
89418 14419
89419 14420
89420 14421
89421 14422
89422 14423
89423 14424
89424 14425
89425 14426
89426 14427
89427 14428
89428 14429
89429 14430
89430 14431
89431 14432
89432 14433
89433 14434
89434 14435
89435 14436
89436 14437
89437 14438
89438 14439
89439 14440
89440 14441
89441 14442
89442 14443
89443 14444
89444 14445
89445 14446
89446 14447
89447 14448
89448 14449
89449 14450
89450 14451
89451 14452
89452 14453
89453 14454
89454 14455
89455 14456
89456 14457
89457 14458
89458 14459
89459 14460
89460 14461
89461 14462
89462 14463
89463 14464
89464 14465
89465 14466
89466 14467
89467 14468
89468 14469
89469 14470
89470 14471
89471 14472
89472 14473
89473 14474
89474 14475
89475 14476
89476 14477
89477 14478
89478 14479
89479 14480
89480 14481
89481 14482
89482 14483
89483 14484
89484 14485
89485 14486
89486 14487
89487 14488
89488 14489
89489 14490
89490 14491
89491 14492
89492 14493
89493 14494
89494 14495
89495 14496
89496 14497
89497 14498
89498 14499
89499 14500
89500 14501
89501 14502
89502 14503
89503 14504
89504 14505
89505 14506
89506 14507
89507 14508
89508 14509
89509 14510
89510 14511
89511 14512
89512 14513
89513 14514
89514 14515
89515 14516
89516 14517
89517 14518
89518 14519
89519 14520
89520 14521
89521 14522
89522 14523
89523 14524
89524 14525
89525 14526
89526 14527
89527 14528
89528 14529
89529 14530
89530 14531
89531 14532
89532 14533
89533 14534
89534 14535
89535 14536
89536 14537
89537 14538
89538 14539
89539 14540
89540 14541
89541 14542
89542 14543
89543 14544
89544 14545
89545 14546
89546 14547
89547 14548
89548 14549
89549 14550
89550 14551
89551 14552
89552 14553
89553 14554
89554 14555
89555 14556
89556 14557
89557 14558
89558 14559
89559 14560
89560 14561
89561 14562
89562 14563
89563 14564
89564 14565
89565 14566
89566 14567
89567 14568
89568 14569
89569 14570
89570 14571
89571 14572
89572 14573
89573 14574
89574 14575
89575 14576
89576 14577
89577 14578
89578 14579
89579 14580
89580 14581
89581 14582
89582 14583
89583 14584
89584 14585
89585 14586
89586 14587
89587 14588
89588 14589
89589 14590
89590 14591
89591 14592
89592 14593
89593 14594
89594 14595
89595 14596
89596 14597
89597 14598
89598 14599
89599 14600
89600 14601
89601 14602
89602 14603
89603 14604
89604 14605
89605 14606
89606 14607
89607 14608
89608 14609
89609 14610
89610 14611
89611 14612
89612 14613
89613 14614
89614 14615
89615 14616
89616 14617
89617 14618
89618 14619
89619 14620
89620 14621
89621 14622
89622 14623
89623 14624
89624 14625
89625 14626
89626 14627
89627 14628
89628 14629
89629 14630
89630 14631
89631 14632
89632 14633
89633 14634
89634 14635
89635 14636
89636 14637
89637 14638
89638 14639
89639 14640
89640 14641
89641 14642
89642 14643
89643 14644
89644 14645
89645 14646
89646 14647
89647 14648
89648 14649
89649 14650
89650 14651
89651 14652
89652 14653
89653 14654
89654 14655
89655 14656
89656 14657
89657 14658
89658 14659
89659 14660
89660 14661
89661 14662
89662 14663
89663 14664
89664 14665
89665 14666
89666 14667
89667 14668
89668 14669
89669 14670
89670 14671
89671 14672
89672 14673
89673 14674
89674 14675
89675 14676
89676 14677
89677 14678
89678 14679
89679 14680
89680 14681
89681 14682
89682 14683
89683 14684
89684 14685
89685 14686
89686 14687
89687 14688
89688 14689
89689 14690
89690 14691
89691 14692
89692 14693
89693 14694
89694 14695
89695 14696
89696 14697
89697 14698
89698 14699
89699 14700
89700 14701
89701 14702
89702 14703
89703 14704
89704 14705
89705 14706
89706 14707
89707 14708
89708 14709
89709 14710
89710 14711
89711 14712
89712 14713
89713 14714
89714 14715
89715 14716
89716 14717
89717 14718
89718 14719
89719 14720
89720 14721
89721 14722
89722 14723
89723 14724
89724 14725
89725 14726
89726 14727
89727 14728
89728 14729
89729 14730
89730 14731
89731 14732
89732 14733
89733 14734
89734 14735
89735 14736
89736 14737
89737 14738
89738 14739
89739 14740
89740 14741
89741 14742
89742 14743
89743 14744
89744 14745
89745 14746
89746 14747
89747 14748
89748 14749
89749 14750
89750 14751
89751 14752
89752 14753
89753 14754
89754 14755
89755 14756
89756 14757
89757 14758
89758 14759
89759 14760
89760 14761
89761 14762
89762 14763
89763 14764
89764 14765
89765 14766
89766 14767
89767 14768
89768 14769
89769 14770
89770 14771
89771 14772
89772 14773
89773 14774
89774 14775
89775 14776
89776 14777
89777 14778
89778 14779
89779 14780
89780 14781
89781 14782
89782 14783
89783 14784
89784 14785
89785 14786
89786 14787
89787 14788
89788 14789
89789 14790
89790 14791
89791 14792
89792 14793
89793 14794
89794 14795
89795 14796
89796 14797
89797 14798
89798 14799
89799 14800
89800 14801
89801 14802
89802 14803
89803 14804
89804 14805
89805 14806
89806 14807
89807 14808
89808 14809
89809 14810
89810 14811
89811 14812
89812 14813
89813 14814
89814 14815
89815 14816
89816 14817
89817 14818
89818 14819
89819 14820
89820 14821
89821 14822
89822 14823
89823 14824
89824 14825
89825 14826
89826 14827
89827 14828
89828 14829
89829 14830
89830 14831
89831 14832
89832 14833
89833 14834
89834 14835
89835 14836
89836 14837
89837 14838
89838 14839
89839 14840
89840 14841
89841 14842
89842 14843
89843 14844
89844 14845
89845 14846
89846 14847
89847 14848
89848 14849
89849 14850
89850 14851
89851 14852
89852 14853
89853 14854
89854 14855
89855 14856
89856 14857
89857 14858
89858 14859
89859 14860
89860 14861
89861 14862
89862 14863
89863 14864
89864 14865
89865 14866
89866 14867
89867 14868
89868 14869
89869 14870
89870 14871
89871 14872
89872 14873
89873 14874
89874 14875
89875 14876
89876 14877
89877 14878
89878 14879
89879 14880
89880 14881
89881 14882
89882 14883
89883 14884
89884 14885
89885 14886
89886 14887
89887 14888
89888 14889
89889 14890
89890 14891
89891 14892
89892 14893
89893 14894
89894 14895
89895 14896
89896 14897
89897 14898
89898 14899
89899 14900
89900 14901
89901 14902
89902 14903
89903 14904
89904 14905
89905 14906
89906 14907
89907 14908
89908 14909
89909 14910
89910 14911
89911 14912
89912 14913
89913 14914
89914 14915
89915 14916
89916 14917
89917 14918
89918 14919
89919 14920
89920 14921
89921 14922
89922 14923
89923 14924
89924 14925
89925 14926
89926 14927
89927 14928
89928 14929
89929 14930
89930 14931
89931 14932
89932 14933
89933 14934
89934 14935
89935 14936
89936 14937
89937 14938
89938 14939
89939 14940
89940 14941
89941 14942
89942 14943
89943 14944
89944 14945
89945 14946
89946 14947
89947 14948
89948 14949
89949 14950
89950 14951
89951 14952
89952 14953
89953 14954
89954 14955
89955 14956
89956 14957
89957 14958
89958 14959
89959 14960
89960 14961
89961 14962
89962 14963
89963 14964
89964 14965
89965 14966
89966 14967
89967 14968
89968 14969
89969 14970
89970 14971
89971 14972
89972 14973
89973 14974
89974 14975
89975 14976
89976 14977
89977 14978
89978 14979
89979 14980
89980 14981
89981 14982
89982 14983
89983 14984
89984 14985
89985 14986
89986 14987
89987 14988
89988 14989
89989 14990
89990 14991
89991 14992
89992 14993
89993 14994
89994 14995
89995 14996
89996 14997
89997 14998
89998 14999
89999 15000
90000 15001
90001 15002
90002 15003
90003 15004
90004 15005
90005 15006
90006 15007
90007 15008
90008 15009
90009 15010
90010 15011
90011 15012
90012 15013
90013 15014
90014 15015
90015 15016
90016 15017
90017 15018
90018 15019
90019 15020
90020 15021
90021 15022
90022 15023
90023 15024
90024 15025
90025 15026
90026 15027
90027 15028
90028 15029
90029 15030
90030 15031
90031 15032
90032 15033
90033 15034
90034 15035
90035 15036
90036 15037
90037 15038
90038 15039
90039 15040
90040 15041
90041 15042
90042 15043
90043 15044
90044 15045
90045 15046
90046 15047
90047 15048
90048 15049
90049 15050
90050 15051
90051 15052
90052 15053
90053 15054
90054 15055
90055 15056
90056 15057
90057 15058
90058 15059
90059 15060
90060 15061
90061 15062
90062 15063
90063 15064
90064 15065
90065 15066
90066 15067
90067 15068
90068 15069
90069 15070
90070 15071
90071 15072
90072 15073
90073 15074
90074 15075
90075 15076
90076 15077
90077 15078
90078 15079
90079 15080
90080 15081
90081 15082
90082 15083
90083 15084
90084 15085
90085 15086
90086 15087
90087 15088
90088 15089
90089 15090
90090 15091
90091 15092
90092 15093
90093 15094
90094 15095
90095 15096
90096 15097
90097 15098
90098 15099
90099 15100
90100 15101
90101 15102
90102 15103
90103 15104
90104 15105
90105 15106
90106 15107
90107 15108
90108 15109
90109 15110
90110 15111
90111 15112
90112 15113
90113 15114
90114 15115
90115 15116
90116 15117
90117 15118
90118 15119
90119 15120
90120 15121
90121 15122
90122 15123
90123 15124
90124 15125
90125 15126
90126 15127
90127 15128
90128 15129
90129 15130
90130 15131
90131 15132
90132 15133
90133 15134
90134 15135
90135 15136
90136 15137
90137 15138
90138 15139
90139 15140
90140 15141
90141 15142
90142 15143
90143 15144
90144 15145
90145 15146
90146 15147
90147 15148
90148 15149
90149 15150
90150 15151
90151 15152
90152 15153
90153 15154
90154 15155
90155 15156
90156 15157
90157 15158
90158 15159
90159 15160
90160 15161
90161 15162
90162 15163
90163 15164
90164 15165
90165 15166
90166 15167
90167 15168
90168 15169
90169 15170
90170 15171
90171 15172
90172 15173
90173 15174
90174 15175
90175 15176
90176 15177
90177 15178
90178 15179
90179 15180
90180 15181
90181 15182
90182 15183
90183 15184
90184 15185
90185 15186
90186 15187
90187 15188
90188 15189
90189 15190
90190 15191
90191 15192
90192 15193
90193 15194
90194 15195
90195 15196
90196 15197
90197 15198
90198 15199
90199 15200
90200 15201
90201 15202
90202 15203
90203 15204
90204 15205
90205 15206
90206 15207
90207 15208
90208 15209
90209 15210
90210 15211
90211 15212
90212 15213
90213 15214
90214 15215
90215 15216
90216 15217
90217 15218
90218 15219
90219 15220
90220 15221
90221 15222
90222 15223
90223 15224
90224 15225
90225 15226
90226 15227
90227 15228
90228 15229
90229 15230
90230 15231
90231 15232
90232 15233
90233 15234
90234 15235
90235 15236
90236 15237
90237 15238
90238 15239
90239 15240
90240 15241
90241 15242
90242 15243
90243 15244
90244 15245
90245 15246
90246 15247
90247 15248
90248 15249
90249 15250
90250 15251
90251 15252
90252 15253
90253 15254
90254 15255
90255 15256
90256 15257
90257 15258
90258 15259
90259 15260
90260 15261
90261 15262
90262 15263
90263 15264
90264 15265
90265 15266
90266 15267
90267 15268
90268 15269
90269 15270
90270 15271
90271 15272
90272 15273
90273 15274
90274 15275
90275 15276
90276 15277
90277 15278
90278 15279
90279 15280
90280 15281
90281 15282
90282 15283
90283 15284
90284 15285
90285 15286
90286 15287
90287 15288
90288 15289
90289 15290
90290 15291
90291 15292
90292 15293
90293 15294
90294 15295
90295 15296
90296 15297
90297 15298
90298 15299
90299 15300
90300 15301
90301 15302
90302 15303
90303 15304
90304 15305
90305 15306
90306 15307
90307 15308
90308 15309
90309 15310
90310 15311
90311 15312
90312 15313
90313 15314
90314 15315
90315 15316
90316 15317
90317 15318
90318 15319
90319 15320
90320 15321
90321 15322
90322 15323
90323 15324
90324 15325
90325 15326
90326 15327
90327 15328
90328 15329
90329 15330
90330 15331
90331 15332
90332 15333
90333 15334
90334 15335
90335 15336
90336 15337
90337 15338
90338 15339
90339 15340
90340 15341
90341 15342
90342 15343
90343 15344
90344 15345
90345 15346
90346 15347
90347 15348
90348 15349
90349 15350
90350 15351
90351 15352
90352 15353
90353 15354
90354 15355
90355 15356
90356 15357
90357 15358
90358 15359
90359 15360
90360 15361
90361 15362
90362 15363
90363 15364
90364 15365
90365 15366
90366 15367
90367 15368
90368 15369
90369 15370
90370 15371
90371 15372
90372 15373
90373 15374
90374 15375
90375 15376
90376 15377
90377 15378
90378 15379
90379 15380
90380 15381
90381 15382
90382 15383
90383 15384
90384 15385
90385 15386
90386 15387
90387 15388
90388 15389
90389 15390
90390 15391
90391 15392
90392 15393
90393 15394
90394 15395
90395 15396
90396 15397
90397 15398
90398 15399
90399 15400
90400 15401
90401 15402
90402 15403
90403 15404
90404 15405
90405 15406
90406 15407
90407 15408
90408 15409
90409 15410
90410 15411
90411 15412
90412 15413
90413 15414
90414 15415
90415 15416
90416 15417
90417 15418
90418 15419
90419 15420
90420 15421
90421 15422
90422 15423
90423 15424
90424 15425
90425 15426
90426 15427
90427 15428
90428 15429
90429 15430
90430 15431
90431 15432
90432 15433
90433 15434
90434 15435
90435 15436
90436 15437
90437 15438
90438 15439
90439 15440
90440 15441
90441 15442
90442 15443
90443 15444
90444 15445
90445 15446
90446 15447
90447 15448
90448 15449
90449 15450
90450 15451
90451 15452
90452 15453
90453 15454
90454 15455
90455 15456
90456 15457
90457 15458
90458 15459
90459 15460
90460 15461
90461 15462
90462 15463
90463 15464
90464 15465
90465 15466
90466 15467
90467 15468
90468 15469
90469 15470
90470 15471
90471 15472
90472 15473
90473 15474
90474 15475
90475 15476
90476 15477
90477 15478
90478 15479
90479 15480
90480 15481
90481 15482
90482 15483
90483 15484
90484 15485
90485 15486
90486 15487
90487 15488
90488 15489
90489 15490
90490 15491
90491 15492
90492 15493
90493 15494
90494 15495
90495 15496
90496 15497
90497 15498
90498 15499
90499 15500
90500 15501
90501 15502
90502 15503
90503 15504
90504 15505
90505 15506
90506 15507
90507 15508
90508 15509
90509 15510
90510 15511
90511 15512
90512 15513
90513 15514
90514 15515
90515 15516
90516 15517
90517 15518
90518 15519
90519 15520
90520 15521
90521 15522
90522 15523
90523 15524
90524 15525
90525 15526
90526 15527
90527 15528
90528 15529
90529 15530
90530 15531
90531 15532
90532 15533
90533 15534
90534 15535
90535 15536
90536 15537
90537 15538
90538 15539
90539 15540
90540 15541
90541 15542
90542 15543
90543 15544
90544 15545
90545 15546
90546 15547
90547 15548
90548 15549
90549 15550
90550 15551
90551 15552
90552 15553
90553 15554
90554 15555
90555 15556
90556 15557
90557 15558
90558 15559
90559 15560
90560 15561
90561 15562
90562 15563
90563 15564
90564 15565
90565 15566
90566 15567
90567 15568
90568 15569
90569 15570
90570 15571
90571 15572
90572 15573
90573 15574
90574 15575
90575 15576
90576 15577
90577 15578
90578 15579
90579 15580
90580 15581
90581 15582
90582 15583
90583 15584
90584 15585
90585 15586
90586 15587
90587 15588
90588 15589
90589 15590
90590 15591
90591 15592
90592 15593
90593 15594
90594 15595
90595 15596
90596 15597
90597 15598
90598 15599
90599 15600
90600 15601
90601 15602
90602 15603
90603 15604
90604 15605
90605 15606
90606 15607
90607 15608
90608 15609
90609 15610
90610 15611
90611 15612
90612 15613
90613 15614
90614 15615
90615 15616
90616 15617
90617 15618
90618 15619
90619 15620
90620 15621
90621 15622
90622 15623
90623 15624
90624 15625
90625 15626
90626 15627
90627 15628
90628 15629
90629 15630
90630 15631
90631 15632
90632 15633
90633 15634
90634 15635
90635 15636
90636 15637
90637 15638
90638 15639
90639 15640
90640 15641
90641 15642
90642 15643
90643 15644
90644 15645
90645 15646
90646 15647
90647 15648
90648 15649
90649 15650
90650 15651
90651 15652
90652 15653
90653 15654
90654 15655
90655 15656
90656 15657
90657 15658
90658 15659
90659 15660
90660 15661
90661 15662
90662 15663
90663 15664
90664 15665
90665 15666
90666 15667
90667 15668
90668 15669
90669 15670
90670 15671
90671 15672
90672 15673
90673 15674
90674 15675
90675 15676
90676 15677
90677 15678
90678 15679
90679 15680
90680 15681
90681 15682
90682 15683
90683 15684
90684 15685
90685 15686
90686 15687
90687 15688
90688 15689
90689 15690
90690 15691
90691 15692
90692 15693
90693 15694
90694 15695
90695 15696
90696 15697
90697 15698
90698 15699
90699 15700
90700 15701
90701 15702
90702 15703
90703 15704
90704 15705
90705 15706
90706 15707
90707 15708
90708 15709
90709 15710
90710 15711
90711 15712
90712 15713
90713 15714
90714 15715
90715 15716
90716 15717
90717 15718
90718 15719
90719 15720
90720 15721
90721 15722
90722 15723
90723 15724
90724 15725
90725 15726
90726 15727
90727 15728
90728 15729
90729 15730
90730 15731
90731 15732
90732 15733
90733 15734
90734 15735
90735 15736
90736 15737
90737 15738
90738 15739
90739 15740
90740 15741
90741 15742
90742 15743
90743 15744
90744 15745
90745 15746
90746 15747
90747 15748
90748 15749
90749 15750
90750 15751
90751 15752
90752 15753
90753 15754
90754 15755
90755 15756
90756 15757
90757 15758
90758 15759
90759 15760
90760 15761
90761 15762
90762 15763
90763 15764
90764 15765
90765 15766
90766 15767
90767 15768
90768 15769
90769 15770
90770 15771
90771 15772
90772 15773
90773 15774
90774 15775
90775 15776
90776 15777
90777 15778
90778 15779
90779 15780
90780 15781
90781 15782
90782 15783
90783 15784
90784 15785
90785 15786
90786 15787
90787 15788
90788 15789
90789 15790
90790 15791
90791 15792
90792 15793
90793 15794
90794 15795
90795 15796
90796 15797
90797 15798
90798 15799
90799 15800
90800 15801
90801 15802
90802 15803
90803 15804
90804 15805
90805 15806
90806 15807
90807 15808
90808 15809
90809 15810
90810 15811
90811 15812
90812 15813
90813 15814
90814 15815
90815 15816
90816 15817
90817 15818
90818 15819
90819 15820
90820 15821
90821 15822
90822 15823
90823 15824
90824 15825
90825 15826
90826 15827
90827 15828
90828 15829
90829 15830
90830 15831
90831 15832
90832 15833
90833 15834
90834 15835
90835 15836
90836 15837
90837 15838
90838 15839
90839 15840
90840 15841
90841 15842
90842 15843
90843 15844
90844 15845
90845 15846
90846 15847
90847 15848
90848 15849
90849 15850
90850 15851
90851 15852
90852 15853
90853 15854
90854 15855
90855 15856
90856 15857
90857 15858
90858 15859
90859 15860
90860 15861
90861 15862
90862 15863
90863 15864
90864 15865
90865 15866
90866 15867
90867 15868
90868 15869
90869 15870
90870 15871
90871 15872
90872 15873
90873 15874
90874 15875
90875 15876
90876 15877
90877 15878
90878 15879
90879 15880
90880 15881
90881 15882
90882 15883
90883 15884
90884 15885
90885 15886
90886 15887
90887 15888
90888 15889
90889 15890
90890 15891
90891 15892
90892 15893
90893 15894
90894 15895
90895 15896
90896 15897
90897 15898
90898 15899
90899 15900
90900 15901
90901 15902
90902 15903
90903 15904
90904 15905
90905 15906
90906 15907
90907 15908
90908 15909
90909 15910
90910 15911
90911 15912
90912 15913
90913 15914
90914 15915
90915 15916
90916 15917
90917 15918
90918 15919
90919 15920
90920 15921
90921 15922
90922 15923
90923 15924
90924 15925
90925 15926
90926 15927
90927 15928
90928 15929
90929 15930
90930 15931
90931 15932
90932 15933
90933 15934
90934 15935
90935 15936
90936 15937
90937 15938
90938 15939
90939 15940
90940 15941
90941 15942
90942 15943
90943 15944
90944 15945
90945 15946
90946 15947
90947 15948
90948 15949
90949 15950
90950 15951
90951 15952
90952 15953
90953 15954
90954 15955
90955 15956
90956 15957
90957 15958
90958 15959
90959 15960
90960 15961
90961 15962
90962 15963
90963 15964
90964 15965
90965 15966
90966 15967
90967 15968
90968 15969
90969 15970
90970 15971
90971 15972
90972 15973
90973 15974
90974 15975
90975 15976
90976 15977
90977 15978
90978 15979
90979 15980
90980 15981
90981 15982
90982 15983
90983 15984
90984 15985
90985 15986
90986 15987
90987 15988
90988 15989
90989 15990
90990 15991
90991 15992
90992 15993
90993 15994
90994 15995
90995 15996
90996 15997
90997 15998
90998 15999
90999 16000
91000 16001
91001 16002
91002 16003
91003 16004
91004 16005
91005 16006
91006 16007
91007 16008
91008 16009
91009 16010
91010 16011
91011 16012
91012 16013
91013 16014
91014 16015
91015 16016
91016 16017
91017 16018
91018 16019
91019 16020
91020 16021
91021 16022
91022 16023
91023 16024
91024 16025
91025 16026
91026 16027
91027 16028
91028 16029
91029 16030
91030 16031
91031 16032
91032 16033
91033 16034
91034 16035
91035 16036
91036 16037
91037 16038
91038 16039
91039 16040
91040 16041
91041 16042
91042 16043
91043 16044
91044 16045
91045 16046
91046 16047
91047 16048
91048 16049
91049 16050
91050 16051
91051 16052
91052 16053
91053 16054
91054 16055
91055 16056
91056 16057
91057 16058
91058 16059
91059 16060
91060 16061
91061 16062
91062 16063
91063 16064
91064 16065
91065 16066
91066 16067
91067 16068
91068 16069
91069 16070
91070 16071
91071 16072
91072 16073
91073 16074
91074 16075
91075 16076
91076 16077
91077 16078
91078 16079
91079 16080
91080 16081
91081 16082
91082 16083
91083 16084
91084 16085
91085 16086
91086 16087
91087 16088
91088 16089
91089 16090
91090 16091
91091 16092
91092 16093
91093 16094
91094 16095
91095 16096
91096 16097
91097 16098
91098 16099
91099 16100
91100 16101
91101 16102
91102 16103
91103 16104
91104 16105
91105 16106
91106 16107
91107 16108
91108 16109
91109 16110
91110 16111
91111 16112
91112 16113
91113 16114
91114 16115
91115 16116
91116 16117
91117 16118
91118 16119
91119 16120
91120 16121
91121 16122
91122 16123
91123 16124
91124 16125
91125 16126
91126 16127
91127 16128
91128 16129
91129 16130
91130 16131
91131 16132
91132 16133
91133 16134
91134 16135
91135 16136
91136 16137
91137 16138
91138 16139
91139 16140
91140 16141
91141 16142
91142 16143
91143 16144
91144 16145
91145 16146
91146 16147
91147 16148
91148 16149
91149 16150
91150 16151
91151 16152
91152 16153
91153 16154
91154 16155
91155 16156
91156 16157
91157 16158
91158 16159
91159 16160
91160 16161
91161 16162
91162 16163
91163 16164
91164 16165
91165 16166
91166 16167
91167 16168
91168 16169
91169 16170
91170 16171
91171 16172
91172 16173
91173 16174
91174 16175
91175 16176
91176 16177
91177 16178
91178 16179
91179 16180
91180 16181
91181 16182
91182 16183
91183 16184
91184 16185
91185 16186
91186 16187
91187 16188
91188 16189
91189 16190
91190 16191
91191 16192
91192 16193
91193 16194
91194 16195
91195 16196
91196 16197
91197 16198
91198 16199
91199 16200
91200 16201
91201 16202
91202 16203
91203 16204
91204 16205
91205 16206
91206 16207
91207 16208
91208 16209
91209 16210
91210 16211
91211 16212
91212 16213
91213 16214
91214 16215
91215 16216
91216 16217
91217 16218
91218 16219
91219 16220
91220 16221
91221 16222
91222 16223
91223 16224
91224 16225
91225 16226
91226 16227
91227 16228
91228 16229
91229 16230
91230 16231
91231 16232
91232 16233
91233 16234
91234 16235
91235 16236
91236 16237
91237 16238
91238 16239
91239 16240
91240 16241
91241 16242
91242 16243
91243 16244
91244 16245
91245 16246
91246 16247
91247 16248
91248 16249
91249 16250
91250 16251
91251 16252
91252 16253
91253 16254
91254 16255
91255 16256
91256 16257
91257 16258
91258 16259
91259 16260
91260 16261
91261 16262
91262 16263
91263 16264
91264 16265
91265 16266
91266 16267
91267 16268
91268 16269
91269 16270
91270 16271
91271 16272
91272 16273
91273 16274
91274 16275
91275 16276
91276 16277
91277 16278
91278 16279
91279 16280
91280 16281
91281 16282
91282 16283
91283 16284
91284 16285
91285 16286
91286 16287
91287 16288
91288 16289
91289 16290
91290 16291
91291 16292
91292 16293
91293 16294
91294 16295
91295 16296
91296 16297
91297 16298
91298 16299
91299 16300
91300 16301
91301 16302
91302 16303
91303 16304
91304 16305
91305 16306
91306 16307
91307 16308
91308 16309
91309 16310
91310 16311
91311 16312
91312 16313
91313 16314
91314 16315
91315 16316
91316 16317
91317 16318
91318 16319
91319 16320
91320 16321
91321 16322
91322 16323
91323 16324
91324 16325
91325 16326
91326 16327
91327 16328
91328 16329
91329 16330
91330 16331
91331 16332
91332 16333
91333 16334
91334 16335
91335 16336
91336 16337
91337 16338
91338 16339
91339 16340
91340 16341
91341 16342
91342 16343
91343 16344
91344 16345
91345 16346
91346 16347
91347 16348
91348 16349
91349 16350
91350 16351
91351 16352
91352 16353
91353 16354
91354 16355
91355 16356
91356 16357
91357 16358
91358 16359
91359 16360
91360 16361
91361 16362
91362 16363
91363 16364
91364 16365
91365 16366
91366 16367
91367 16368
91368 16369
91369 16370
91370 16371
91371 16372
91372 16373
91373 16374
91374 16375
91375 16376
91376 16377
91377 16378
91378 16379
91379 16380
91380 16381
91381 16382
91382 16383
91383 16384
91384 16385
91385 16386
91386 16387
91387 16388
91388 16389
91389 16390
91390 16391
91391 16392
91392 16393
91393 16394
91394 16395
91395 16396
91396 16397
91397 16398
91398 16399
91399 16400
91400 16401
91401 16402
91402 16403
91403 16404
91404 16405
91405 16406
91406 16407
91407 16408
91408 16409
91409 16410
91410 16411
91411 16412
91412 16413
91413 16414
91414 16415
91415 16416
91416 16417
91417 16418
91418 16419
91419 16420
91420 16421
91421 16422
91422 16423
91423 16424
91424 16425
91425 16426
91426 16427
91427 16428
91428 16429
91429 16430
91430 16431
91431 16432
91432 16433
91433 16434
91434 16435
91435 16436
91436 16437
91437 16438
91438 16439
91439 16440
91440 16441
91441 16442
91442 16443
91443 16444
91444 16445
91445 16446
91446 16447
91447 16448
91448 16449
91449 16450
91450 16451
91451 16452
91452 16453
91453 16454
91454 16455
91455 16456
91456 16457
91457 16458
91458 16459
91459 16460
91460 16461
91461 16462
91462 16463
91463 16464
91464 16465
91465 16466
91466 16467
91467 16468
91468 16469
91469 16470
91470 16471
91471 16472
91472 16473
91473 16474
91474 16475
91475 16476
91476 16477
91477 16478
91478 16479
91479 16480
91480 16481
91481 16482
91482 16483
91483 16484
91484 16485
91485 16486
91486 16487
91487 16488
91488 16489
91489 16490
91490 16491
91491 16492
91492 16493
91493 16494
91494 16495
91495 16496
91496 16497
91497 16498
91498 16499
91499 16500
91500 16501
91501 16502
91502 16503
91503 16504
91504 16505
91505 16506
91506 16507
91507 16508
91508 16509
91509 16510
91510 16511
91511 16512
91512 16513
91513 16514
91514 16515
91515 16516
91516 16517
91517 16518
91518 16519
91519 16520
91520 16521
91521 16522
91522 16523
91523 16524
91524 16525
91525 16526
91526 16527
91527 16528
91528 16529
91529 16530
91530 16531
91531 16532
91532 16533
91533 16534
91534 16535
91535 16536
91536 16537
91537 16538
91538 16539
91539 16540
91540 16541
91541 16542
91542 16543
91543 16544
91544 16545
91545 16546
91546 16547
91547 16548
91548 16549
91549 16550
91550 16551
91551 16552
91552 16553
91553 16554
91554 16555
91555 16556
91556 16557
91557 16558
91558 16559
91559 16560
91560 16561
91561 16562
91562 16563
91563 16564
91564 16565
91565 16566
91566 16567
91567 16568
91568 16569
91569 16570
91570 16571
91571 16572
91572 16573
91573 16574
91574 16575
91575 16576
91576 16577
91577 16578
91578 16579
91579 16580
91580 16581
91581 16582
91582 16583
91583 16584
91584 16585
91585 16586
91586 16587
91587 16588
91588 16589
91589 16590
91590 16591
91591 16592
91592 16593
91593 16594
91594 16595
91595 16596
91596 16597
91597 16598
91598 16599
91599 16600
91600 16601
91601 16602
91602 16603
91603 16604
91604 16605
91605 16606
91606 16607
91607 16608
91608 16609
91609 16610
91610 16611
91611 16612
91612 16613
91613 16614
91614 16615
91615 16616
91616 16617
91617 16618
91618 16619
91619 16620
91620 16621
91621 16622
91622 16623
91623 16624
91624 16625
91625 16626
91626 16627
91627 16628
91628 16629
91629 16630
91630 16631
91631 16632
91632 16633
91633 16634
91634 16635
91635 16636
91636 16637
91637 16638
91638 16639
91639 16640
91640 16641
91641 16642
91642 16643
91643 16644
91644 16645
91645 16646
91646 16647
91647 16648
91648 16649
91649 16650
91650 16651
91651 16652
91652 16653
91653 16654
91654 16655
91655 16656
91656 16657
91657 16658
91658 16659
91659 16660
91660 16661
91661 16662
91662 16663
91663 16664
91664 16665
91665 16666
91666 16667
91667 16668
91668 16669
91669 16670
91670 16671
91671 16672
91672 16673
91673 16674
91674 16675
91675 16676
91676 16677
91677 16678
91678 16679
91679 16680
91680 16681
91681 16682
91682 16683
91683 16684
91684 16685
91685 16686
91686 16687
91687 16688
91688 16689
91689 16690
91690 16691
91691 16692
91692 16693
91693 16694
91694 16695
91695 16696
91696 16697
91697 16698
91698 16699
91699 16700
91700 16701
91701 16702
91702 16703
91703 16704
91704 16705
91705 16706
91706 16707
91707 16708
91708 16709
91709 16710
91710 16711
91711 16712
91712 16713
91713 16714
91714 16715
91715 16716
91716 16717
91717 16718
91718 16719
91719 16720
91720 16721
91721 16722
91722 16723
91723 16724
91724 16725
91725 16726
91726 16727
91727 16728
91728 16729
91729 16730
91730 16731
91731 16732
91732 16733
91733 16734
91734 16735
91735 16736
91736 16737
91737 16738
91738 16739
91739 16740
91740 16741
91741 16742
91742 16743
91743 16744
91744 16745
91745 16746
91746 16747
91747 16748
91748 16749
91749 16750
91750 16751
91751 16752
91752 16753
91753 16754
91754 16755
91755 16756
91756 16757
91757 16758
91758 16759
91759 16760
91760 16761
91761 16762
91762 16763
91763 16764
91764 16765
91765 16766
91766 16767
91767 16768
91768 16769
91769 16770
91770 16771
91771 16772
91772 16773
91773 16774
91774 16775
91775 16776
91776 16777
91777 16778
91778 16779
91779 16780
91780 16781
91781 16782
91782 16783
91783 16784
91784 16785
91785 16786
91786 16787
91787 16788
91788 16789
91789 16790
91790 16791
91791 16792
91792 16793
91793 16794
91794 16795
91795 16796
91796 16797
91797 16798
91798 16799
91799 16800
91800 16801
91801 16802
91802 16803
91803 16804
91804 16805
91805 16806
91806 16807
91807 16808
91808 16809
91809 16810
91810 16811
91811 16812
91812 16813
91813 16814
91814 16815
91815 16816
91816 16817
91817 16818
91818 16819
91819 16820
91820 16821
91821 16822
91822 16823
91823 16824
91824 16825
91825 16826
91826 16827
91827 16828
91828 16829
91829 16830
91830 16831
91831 16832
91832 16833
91833 16834
91834 16835
91835 16836
91836 16837
91837 16838
91838 16839
91839 16840
91840 16841
91841 16842
91842 16843
91843 16844
91844 16845
91845 16846
91846 16847
91847 16848
91848 16849
91849 16850
91850 16851
91851 16852
91852 16853
91853 16854
91854 16855
91855 16856
91856 16857
91857 16858
91858 16859
91859 16860
91860 16861
91861 16862
91862 16863
91863 16864
91864 16865
91865 16866
91866 16867
91867 16868
91868 16869
91869 16870
91870 16871
91871 16872
91872 16873
91873 16874
91874 16875
91875 16876
91876 16877
91877 16878
91878 16879
91879 16880
91880 16881
91881 16882
91882 16883
91883 16884
91884 16885
91885 16886
91886 16887
91887 16888
91888 16889
91889 16890
91890 16891
91891 16892
91892 16893
91893 16894
91894 16895
91895 16896
91896 16897
91897 16898
91898 16899
91899 16900
91900 16901
91901 16902
91902 16903
91903 16904
91904 16905
91905 16906
91906 16907
91907 16908
91908 16909
91909 16910
91910 16911
91911 16912
91912 16913
91913 16914
91914 16915
91915 16916
91916 16917
91917 16918
91918 16919
91919 16920
91920 16921
91921 16922
91922 16923
91923 16924
91924 16925
91925 16926
91926 16927
91927 16928
91928 16929
91929 16930
91930 16931
91931 16932
91932 16933
91933 16934
91934 16935
91935 16936
91936 16937
91937 16938
91938 16939
91939 16940
91940 16941
91941 16942
91942 16943
91943 16944
91944 16945
91945 16946
91946 16947
91947 16948
91948 16949
91949 16950
91950 16951
91951 16952
91952 16953
91953 16954
91954 16955
91955 16956
91956 16957
91957 16958
91958 16959
91959 16960
91960 16961
91961 16962
91962 16963
91963 16964
91964 16965
91965 16966
91966 16967
91967 16968
91968 16969
91969 16970
91970 16971
91971 16972
91972 16973
91973 16974
91974 16975
91975 16976
91976 16977
91977 16978
91978 16979
91979 16980
91980 16981
91981 16982
91982 16983
91983 16984
91984 16985
91985 16986
91986 16987
91987 16988
91988 16989
91989 16990
91990 16991
91991 16992
91992 16993
91993 16994
91994 16995
91995 16996
91996 16997
91997 16998
91998 16999
91999 17000
92000 17001
92001 17002
92002 17003
92003 17004
92004 17005
92005 17006
92006 17007
92007 17008
92008 17009
92009 17010
92010 17011
92011 17012
92012 17013
92013 17014
92014 17015
92015 17016
92016 17017
92017 17018
92018 17019
92019 17020
92020 17021
92021 17022
92022 17023
92023 17024
92024 17025
92025 17026
92026 17027
92027 17028
92028 17029
92029 17030
92030 17031
92031 17032
92032 17033
92033 17034
92034 17035
92035 17036
92036 17037
92037 17038
92038 17039
92039 17040
92040 17041
92041 17042
92042 17043
92043 17044
92044 17045
92045 17046
92046 17047
92047 17048
92048 17049
92049 17050
92050 17051
92051 17052
92052 17053
92053 17054
92054 17055
92055 17056
92056 17057
92057 17058
92058 17059
92059 17060
92060 17061
92061 17062
92062 17063
92063 17064
92064 17065
92065 17066
92066 17067
92067 17068
92068 17069
92069 17070
92070 17071
92071 17072
92072 17073
92073 17074
92074 17075
92075 17076
92076 17077
92077 17078
92078 17079
92079 17080
92080 17081
92081 17082
92082 17083
92083 17084
92084 17085
92085 17086
92086 17087
92087 17088
92088 17089
92089 17090
92090 17091
92091 17092
92092 17093
92093 17094
92094 17095
92095 17096
92096 17097
92097 17098
92098 17099
92099 17100
92100 17101
92101 17102
92102 17103
92103 17104
92104 17105
92105 17106
92106 17107
92107 17108
92108 17109
92109 17110
92110 17111
92111 17112
92112 17113
92113 17114
92114 17115
92115 17116
92116 17117
92117 17118
92118 17119
92119 17120
92120 17121
92121 17122
92122 17123
92123 17124
92124 17125
92125 17126
92126 17127
92127 17128
92128 17129
92129 17130
92130 17131
92131 17132
92132 17133
92133 17134
92134 17135
92135 17136
92136 17137
92137 17138
92138 17139
92139 17140
92140 17141
92141 17142
92142 17143
92143 17144
92144 17145
92145 17146
92146 17147
92147 17148
92148 17149
92149 17150
92150 17151
92151 17152
92152 17153
92153 17154
92154 17155
92155 17156
92156 17157
92157 17158
92158 17159
92159 17160
92160 17161
92161 17162
92162 17163
92163 17164
92164 17165
92165 17166
92166 17167
92167 17168
92168 17169
92169 17170
92170 17171
92171 17172
92172 17173
92173 17174
92174 17175
92175 17176
92176 17177
92177 17178
92178 17179
92179 17180
92180 17181
92181 17182
92182 17183
92183 17184
92184 17185
92185 17186
92186 17187
92187 17188
92188 17189
92189 17190
92190 17191
92191 17192
92192 17193
92193 17194
92194 17195
92195 17196
92196 17197
92197 17198
92198 17199
92199 17200
92200 17201
92201 17202
92202 17203
92203 17204
92204 17205
92205 17206
92206 17207
92207 17208
92208 17209
92209 17210
92210 17211
92211 17212
92212 17213
92213 17214
92214 17215
92215 17216
92216 17217
92217 17218
92218 17219
92219 17220
92220 17221
92221 17222
92222 17223
92223 17224
92224 17225
92225 17226
92226 17227
92227 17228
92228 17229
92229 17230
92230 17231
92231 17232
92232 17233
92233 17234
92234 17235
92235 17236
92236 17237
92237 17238
92238 17239
92239 17240
92240 17241
92241 17242
92242 17243
92243 17244
92244 17245
92245 17246
92246 17247
92247 17248
92248 17249
92249 17250
92250 17251
92251 17252
92252 17253
92253 17254
92254 17255
92255 17256
92256 17257
92257 17258
92258 17259
92259 17260
92260 17261
92261 17262
92262 17263
92263 17264
92264 17265
92265 17266
92266 17267
92267 17268
92268 17269
92269 17270
92270 17271
92271 17272
92272 17273
92273 17274
92274 17275
92275 17276
92276 17277
92277 17278
92278 17279
92279 17280
92280 17281
92281 17282
92282 17283
92283 17284
92284 17285
92285 17286
92286 17287
92287 17288
92288 17289
92289 17290
92290 17291
92291 17292
92292 17293
92293 17294
92294 17295
92295 17296
92296 17297
92297 17298
92298 17299
92299 17300
92300 17301
92301 17302
92302 17303
92303 17304
92304 17305
92305 17306
92306 17307
92307 17308
92308 17309
92309 17310
92310 17311
92311 17312
92312 17313
92313 17314
92314 17315
92315 17316
92316 17317
92317 17318
92318 17319
92319 17320
92320 17321
92321 17322
92322 17323
92323 17324
92324 17325
92325 17326
92326 17327
92327 17328
92328 17329
92329 17330
92330 17331
92331 17332
92332 17333
92333 17334
92334 17335
92335 17336
92336 17337
92337 17338
92338 17339
92339 17340
92340 17341
92341 17342
92342 17343
92343 17344
92344 17345
92345 17346
92346 17347
92347 17348
92348 17349
92349 17350
92350 17351
92351 17352
92352 17353
92353 17354
92354 17355
92355 17356
92356 17357
92357 17358
92358 17359
92359 17360
92360 17361
92361 17362
92362 17363
92363 17364
92364 17365
92365 17366
92366 17367
92367 17368
92368 17369
92369 17370
92370 17371
92371 17372
92372 17373
92373 17374
92374 17375
92375 17376
92376 17377
92377 17378
92378 17379
92379 17380
92380 17381
92381 17382
92382 17383
92383 17384
92384 17385
92385 17386
92386 17387
92387 17388
92388 17389
92389 17390
92390 17391
92391 17392
92392 17393
92393 17394
92394 17395
92395 17396
92396 17397
92397 17398
92398 17399
92399 17400
92400 17401
92401 17402
92402 17403
92403 17404
92404 17405
92405 17406
92406 17407
92407 17408
92408 17409
92409 17410
92410 17411
92411 17412
92412 17413
92413 17414
92414 17415
92415 17416
92416 17417
92417 17418
92418 17419
92419 17420
92420 17421
92421 17422
92422 17423
92423 17424
92424 17425
92425 17426
92426 17427
92427 17428
92428 17429
92429 17430
92430 17431
92431 17432
92432 17433
92433 17434
92434 17435
92435 17436
92436 17437
92437 17438
92438 17439
92439 17440
92440 17441
92441 17442
92442 17443
92443 17444
92444 17445
92445 17446
92446 17447
92447 17448
92448 17449
92449 17450
92450 17451
92451 17452
92452 17453
92453 17454
92454 17455
92455 17456
92456 17457
92457 17458
92458 17459
92459 17460
92460 17461
92461 17462
92462 17463
92463 17464
92464 17465
92465 17466
92466 17467
92467 17468
92468 17469
92469 17470
92470 17471
92471 17472
92472 17473
92473 17474
92474 17475
92475 17476
92476 17477
92477 17478
92478 17479
92479 17480
92480 17481
92481 17482
92482 17483
92483 17484
92484 17485
92485 17486
92486 17487
92487 17488
92488 17489
92489 17490
92490 17491
92491 17492
92492 17493
92493 17494
92494 17495
92495 17496
92496 17497
92497 17498
92498 17499
92499 17500
92500 17501
92501 17502
92502 17503
92503 17504
92504 17505
92505 17506
92506 17507
92507 17508
92508 17509
92509 17510
92510 17511
92511 17512
92512 17513
92513 17514
92514 17515
92515 17516
92516 17517
92517 17518
92518 17519
92519 17520
92520 17521
92521 17522
92522 17523
92523 17524
92524 17525
92525 17526
92526 17527
92527 17528
92528 17529
92529 17530
92530 17531
92531 17532
92532 17533
92533 17534
92534 17535
92535 17536
92536 17537
92537 17538
92538 17539
92539 17540
92540 17541
92541 17542
92542 17543
92543 17544
92544 17545
92545 17546
92546 17547
92547 17548
92548 17549
92549 17550
92550 17551
92551 17552
92552 17553
92553 17554
92554 17555
92555 17556
92556 17557
92557 17558
92558 17559
92559 17560
92560 17561
92561 17562
92562 17563
92563 17564
92564 17565
92565 17566
92566 17567
92567 17568
92568 17569
92569 17570
92570 17571
92571 17572
92572 17573
92573 17574
92574 17575
92575 17576
92576 17577
92577 17578
92578 17579
92579 17580
92580 17581
92581 17582
92582 17583
92583 17584
92584 17585
92585 17586
92586 17587
92587 17588
92588 17589
92589 17590
92590 17591
92591 17592
92592 17593
92593 17594
92594 17595
92595 17596
92596 17597
92597 17598
92598 17599
92599 17600
92600 17601
92601 17602
92602 17603
92603 17604
92604 17605
92605 17606
92606 17607
92607 17608
92608 17609
92609 17610
92610 17611
92611 17612
92612 17613
92613 17614
92614 17615
92615 17616
92616 17617
92617 17618
92618 17619
92619 17620
92620 17621
92621 17622
92622 17623
92623 17624
92624 17625
92625 17626
92626 17627
92627 17628
92628 17629
92629 17630
92630 17631
92631 17632
92632 17633
92633 17634
92634 17635
92635 17636
92636 17637
92637 17638
92638 17639
92639 17640
92640 17641
92641 17642
92642 17643
92643 17644
92644 17645
92645 17646
92646 17647
92647 17648
92648 17649
92649 17650
92650 17651
92651 17652
92652 17653
92653 17654
92654 17655
92655 17656
92656 17657
92657 17658
92658 17659
92659 17660
92660 17661
92661 17662
92662 17663
92663 17664
92664 17665
92665 17666
92666 17667
92667 17668
92668 17669
92669 17670
92670 17671
92671 17672
92672 17673
92673 17674
92674 17675
92675 17676
92676 17677
92677 17678
92678 17679
92679 17680
92680 17681
92681 17682
92682 17683
92683 17684
92684 17685
92685 17686
92686 17687
92687 17688
92688 17689
92689 17690
92690 17691
92691 17692
92692 17693
92693 17694
92694 17695
92695 17696
92696 17697
92697 17698
92698 17699
92699 17700
92700 17701
92701 17702
92702 17703
92703 17704
92704 17705
92705 17706
92706 17707
92707 17708
92708 17709
92709 17710
92710 17711
92711 17712
92712 17713
92713 17714
92714 17715
92715 17716
92716 17717
92717 17718
92718 17719
92719 17720
92720 17721
92721 17722
92722 17723
92723 17724
92724 17725
92725 17726
92726 17727
92727 17728
92728 17729
92729 17730
92730 17731
92731 17732
92732 17733
92733 17734
92734 17735
92735 17736
92736 17737
92737 17738
92738 17739
92739 17740
92740 17741
92741 17742
92742 17743
92743 17744
92744 17745
92745 17746
92746 17747
92747 17748
92748 17749
92749 17750
92750 17751
92751 17752
92752 17753
92753 17754
92754 17755
92755 17756
92756 17757
92757 17758
92758 17759
92759 17760
92760 17761
92761 17762
92762 17763
92763 17764
92764 17765
92765 17766
92766 17767
92767 17768
92768 17769
92769 17770
92770 17771
92771 17772
92772 17773
92773 17774
92774 17775
92775 17776
92776 17777
92777 17778
92778 17779
92779 17780
92780 17781
92781 17782
92782 17783
92783 17784
92784 17785
92785 17786
92786 17787
92787 17788
92788 17789
92789 17790
92790 17791
92791 17792
92792 17793
92793 17794
92794 17795
92795 17796
92796 17797
92797 17798
92798 17799
92799 17800
92800 17801
92801 17802
92802 17803
92803 17804
92804 17805
92805 17806
92806 17807
92807 17808
92808 17809
92809 17810
92810 17811
92811 17812
92812 17813
92813 17814
92814 17815
92815 17816
92816 17817
92817 17818
92818 17819
92819 17820
92820 17821
92821 17822
92822 17823
92823 17824
92824 17825
92825 17826
92826 17827
92827 17828
92828 17829
92829 17830
92830 17831
92831 17832
92832 17833
92833 17834
92834 17835
92835 17836
92836 17837
92837 17838
92838 17839
92839 17840
92840 17841
92841 17842
92842 17843
92843 17844
92844 17845
92845 17846
92846 17847
92847 17848
92848 17849
92849 17850
92850 17851
92851 17852
92852 17853
92853 17854
92854 17855
92855 17856
92856 17857
92857 17858
92858 17859
92859 17860
92860 17861
92861 17862
92862 17863
92863 17864
92864 17865
92865 17866
92866 17867
92867 17868
92868 17869
92869 17870
92870 17871
92871 17872
92872 17873
92873 17874
92874 17875
92875 17876
92876 17877
92877 17878
92878 17879
92879 17880
92880 17881
92881 17882
92882 17883
92883 17884
92884 17885
92885 17886
92886 17887
92887 17888
92888 17889
92889 17890
92890 17891
92891 17892
92892 17893
92893 17894
92894 17895
92895 17896
92896 17897
92897 17898
92898 17899
92899 17900
92900 17901
92901 17902
92902 17903
92903 17904
92904 17905
92905 17906
92906 17907
92907 17908
92908 17909
92909 17910
92910 17911
92911 17912
92912 17913
92913 17914
92914 17915
92915 17916
92916 17917
92917 17918
92918 17919
92919 17920
92920 17921
92921 17922
92922 17923
92923 17924
92924 17925
92925 17926
92926 17927
92927 17928
92928 17929
92929 17930
92930 17931
92931 17932
92932 17933
92933 17934
92934 17935
92935 17936
92936 17937
92937 17938
92938 17939
92939 17940
92940 17941
92941 17942
92942 17943
92943 17944
92944 17945
92945 17946
92946 17947
92947 17948
92948 17949
92949 17950
92950 17951
92951 17952
92952 17953
92953 17954
92954 17955
92955 17956
92956 17957
92957 17958
92958 17959
92959 17960
92960 17961
92961 17962
92962 17963
92963 17964
92964 17965
92965 17966
92966 17967
92967 17968
92968 17969
92969 17970
92970 17971
92971 17972
92972 17973
92973 17974
92974 17975
92975 17976
92976 17977
92977 17978
92978 17979
92979 17980
92980 17981
92981 17982
92982 17983
92983 17984
92984 17985
92985 17986
92986 17987
92987 17988
92988 17989
92989 17990
92990 17991
92991 17992
92992 17993
92993 17994
92994 17995
92995 17996
92996 17997
92997 17998
92998 17999
92999 18000
93000 18001
93001 18002
93002 18003
93003 18004
93004 18005
93005 18006
93006 18007
93007 18008
93008 18009
93009 18010
93010 18011
93011 18012
93012 18013
93013 18014
93014 18015
93015 18016
93016 18017
93017 18018
93018 18019
93019 18020
93020 18021
93021 18022
93022 18023
93023 18024
93024 18025
93025 18026
93026 18027
93027 18028
93028 18029
93029 18030
93030 18031
93031 18032
93032 18033
93033 18034
93034 18035
93035 18036
93036 18037
93037 18038
93038 18039
93039 18040
93040 18041
93041 18042
93042 18043
93043 18044
93044 18045
93045 18046
93046 18047
93047 18048
93048 18049
93049 18050
93050 18051
93051 18052
93052 18053
93053 18054
93054 18055
93055 18056
93056 18057
93057 18058
93058 18059
93059 18060
93060 18061
93061 18062
93062 18063
93063 18064
93064 18065
93065 18066
93066 18067
93067 18068
93068 18069
93069 18070
93070 18071
93071 18072
93072 18073
93073 18074
93074 18075
93075 18076
93076 18077
93077 18078
93078 18079
93079 18080
93080 18081
93081 18082
93082 18083
93083 18084
93084 18085
93085 18086
93086 18087
93087 18088
93088 18089
93089 18090
93090 18091
93091 18092
93092 18093
93093 18094
93094 18095
93095 18096
93096 18097
93097 18098
93098 18099
93099 18100
93100 18101
93101 18102
93102 18103
93103 18104
93104 18105
93105 18106
93106 18107
93107 18108
93108 18109
93109 18110
93110 18111
93111 18112
93112 18113
93113 18114
93114 18115
93115 18116
93116 18117
93117 18118
93118 18119
93119 18120
93120 18121
93121 18122
93122 18123
93123 18124
93124 18125
93125 18126
93126 18127
93127 18128
93128 18129
93129 18130
93130 18131
93131 18132
93132 18133
93133 18134
93134 18135
93135 18136
93136 18137
93137 18138
93138 18139
93139 18140
93140 18141
93141 18142
93142 18143
93143 18144
93144 18145
93145 18146
93146 18147
93147 18148
93148 18149
93149 18150
93150 18151
93151 18152
93152 18153
93153 18154
93154 18155
93155 18156
93156 18157
93157 18158
93158 18159
93159 18160
93160 18161
93161 18162
93162 18163
93163 18164
93164 18165
93165 18166
93166 18167
93167 18168
93168 18169
93169 18170
93170 18171
93171 18172
93172 18173
93173 18174
93174 18175
93175 18176
93176 18177
93177 18178
93178 18179
93179 18180
93180 18181
93181 18182
93182 18183
93183 18184
93184 18185
93185 18186
93186 18187
93187 18188
93188 18189
93189 18190
93190 18191
93191 18192
93192 18193
93193 18194
93194 18195
93195 18196
93196 18197
93197 18198
93198 18199
93199 18200
93200 18201
93201 18202
93202 18203
93203 18204
93204 18205
93205 18206
93206 18207
93207 18208
93208 18209
93209 18210
93210 18211
93211 18212
93212 18213
93213 18214
93214 18215
93215 18216
93216 18217
93217 18218
93218 18219
93219 18220
93220 18221
93221 18222
93222 18223
93223 18224
93224 18225
93225 18226
93226 18227
93227 18228
93228 18229
93229 18230
93230 18231
93231 18232
93232 18233
93233 18234
93234 18235
93235 18236
93236 18237
93237 18238
93238 18239
93239 18240
93240 18241
93241 18242
93242 18243
93243 18244
93244 18245
93245 18246
93246 18247
93247 18248
93248 18249
93249 18250
93250 18251
93251 18252
93252 18253
93253 18254
93254 18255
93255 18256
93256 18257
93257 18258
93258 18259
93259 18260
93260 18261
93261 18262
93262 18263
93263 18264
93264 18265
93265 18266
93266 18267
93267 18268
93268 18269
93269 18270
93270 18271
93271 18272
93272 18273
93273 18274
93274 18275
93275 18276
93276 18277
93277 18278
93278 18279
93279 18280
93280 18281
93281 18282
93282 18283
93283 18284
93284 18285
93285 18286
93286 18287
93287 18288
93288 18289
93289 18290
93290 18291
93291 18292
93292 18293
93293 18294
93294 18295
93295 18296
93296 18297
93297 18298
93298 18299
93299 18300
93300 18301
93301 18302
93302 18303
93303 18304
93304 18305
93305 18306
93306 18307
93307 18308
93308 18309
93309 18310
93310 18311
93311 18312
93312 18313
93313 18314
93314 18315
93315 18316
93316 18317
93317 18318
93318 18319
93319 18320
93320 18321
93321 18322
93322 18323
93323 18324
93324 18325
93325 18326
93326 18327
93327 18328
93328 18329
93329 18330
93330 18331
93331 18332
93332 18333
93333 18334
93334 18335
93335 18336
93336 18337
93337 18338
93338 18339
93339 18340
93340 18341
93341 18342
93342 18343
93343 18344
93344 18345
93345 18346
93346 18347
93347 18348
93348 18349
93349 18350
93350 18351
93351 18352
93352 18353
93353 18354
93354 18355
93355 18356
93356 18357
93357 18358
93358 18359
93359 18360
93360 18361
93361 18362
93362 18363
93363 18364
93364 18365
93365 18366
93366 18367
93367 18368
93368 18369
93369 18370
93370 18371
93371 18372
93372 18373
93373 18374
93374 18375
93375 18376
93376 18377
93377 18378
93378 18379
93379 18380
93380 18381
93381 18382
93382 18383
93383 18384
93384 18385
93385 18386
93386 18387
93387 18388
93388 18389
93389 18390
93390 18391
93391 18392
93392 18393
93393 18394
93394 18395
93395 18396
93396 18397
93397 18398
93398 18399
93399 18400
93400 18401
93401 18402
93402 18403
93403 18404
93404 18405
93405 18406
93406 18407
93407 18408
93408 18409
93409 18410
93410 18411
93411 18412
93412 18413
93413 18414
93414 18415
93415 18416
93416 18417
93417 18418
93418 18419
93419 18420
93420 18421
93421 18422
93422 18423
93423 18424
93424 18425
93425 18426
93426 18427
93427 18428
93428 18429
93429 18430
93430 18431
93431 18432
93432 18433
93433 18434
93434 18435
93435 18436
93436 18437
93437 18438
93438 18439
93439 18440
93440 18441
93441 18442
93442 18443
93443 18444
93444 18445
93445 18446
93446 18447
93447 18448
93448 18449
93449 18450
93450 18451
93451 18452
93452 18453
93453 18454
93454 18455
93455 18456
93456 18457
93457 18458
93458 18459
93459 18460
93460 18461
93461 18462
93462 18463
93463 18464
93464 18465
93465 18466
93466 18467
93467 18468
93468 18469
93469 18470
93470 18471
93471 18472
93472 18473
93473 18474
93474 18475
93475 18476
93476 18477
93477 18478
93478 18479
93479 18480
93480 18481
93481 18482
93482 18483
93483 18484
93484 18485
93485 18486
93486 18487
93487 18488
93488 18489
93489 18490
93490 18491
93491 18492
93492 18493
93493 18494
93494 18495
93495 18496
93496 18497
93497 18498
93498 18499
93499 18500
93500 18501
93501 18502
93502 18503
93503 18504
93504 18505
93505 18506
93506 18507
93507 18508
93508 18509
93509 18510
93510 18511
93511 18512
93512 18513
93513 18514
93514 18515
93515 18516
93516 18517
93517 18518
93518 18519
93519 18520
93520 18521
93521 18522
93522 18523
93523 18524
93524 18525
93525 18526
93526 18527
93527 18528
93528 18529
93529 18530
93530 18531
93531 18532
93532 18533
93533 18534
93534 18535
93535 18536
93536 18537
93537 18538
93538 18539
93539 18540
93540 18541
93541 18542
93542 18543
93543 18544
93544 18545
93545 18546
93546 18547
93547 18548
93548 18549
93549 18550
93550 18551
93551 18552
93552 18553
93553 18554
93554 18555
93555 18556
93556 18557
93557 18558
93558 18559
93559 18560
93560 18561
93561 18562
93562 18563
93563 18564
93564 18565
93565 18566
93566 18567
93567 18568
93568 18569
93569 18570
93570 18571
93571 18572
93572 18573
93573 18574
93574 18575
93575 18576
93576 18577
93577 18578
93578 18579
93579 18580
93580 18581
93581 18582
93582 18583
93583 18584
93584 18585
93585 18586
93586 18587
93587 18588
93588 18589
93589 18590
93590 18591
93591 18592
93592 18593
93593 18594
93594 18595
93595 18596
93596 18597
93597 18598
93598 18599
93599 18600
93600 18601
93601 18602
93602 18603
93603 18604
93604 18605
93605 18606
93606 18607
93607 18608
93608 18609
93609 18610
93610 18611
93611 18612
93612 18613
93613 18614
93614 18615
93615 18616
93616 18617
93617 18618
93618 18619
93619 18620
93620 18621
93621 18622
93622 18623
93623 18624
93624 18625
93625 18626
93626 18627
93627 18628
93628 18629
93629 18630
93630 18631
93631 18632
93632 18633
93633 18634
93634 18635
93635 18636
93636 18637
93637 18638
93638 18639
93639 18640
93640 18641
93641 18642
93642 18643
93643 18644
93644 18645
93645 18646
93646 18647
93647 18648
93648 18649
93649 18650
93650 18651
93651 18652
93652 18653
93653 18654
93654 18655
93655 18656
93656 18657
93657 18658
93658 18659
93659 18660
93660 18661
93661 18662
93662 18663
93663 18664
93664 18665
93665 18666
93666 18667
93667 18668
93668 18669
93669 18670
93670 18671
93671 18672
93672 18673
93673 18674
93674 18675
93675 18676
93676 18677
93677 18678
93678 18679
93679 18680
93680 18681
93681 18682
93682 18683
93683 18684
93684 18685
93685 18686
93686 18687
93687 18688
93688 18689
93689 18690
93690 18691
93691 18692
93692 18693
93693 18694
93694 18695
93695 18696
93696 18697
93697 18698
93698 18699
93699 18700
93700 18701
93701 18702
93702 18703
93703 18704
93704 18705
93705 18706
93706 18707
93707 18708
93708 18709
93709 18710
93710 18711
93711 18712
93712 18713
93713 18714
93714 18715
93715 18716
93716 18717
93717 18718
93718 18719
93719 18720
93720 18721
93721 18722
93722 18723
93723 18724
93724 18725
93725 18726
93726 18727
93727 18728
93728 18729
93729 18730
93730 18731
93731 18732
93732 18733
93733 18734
93734 18735
93735 18736
93736 18737
93737 18738
93738 18739
93739 18740
93740 18741
93741 18742
93742 18743
93743 18744
93744 18745
93745 18746
93746 18747
93747 18748
93748 18749
93749 18750
93750 18751
93751 18752
93752 18753
93753 18754
93754 18755
93755 18756
93756 18757
93757 18758
93758 18759
93759 18760
93760 18761
93761 18762
93762 18763
93763 18764
93764 18765
93765 18766
93766 18767
93767 18768
93768 18769
93769 18770
93770 18771
93771 18772
93772 18773
93773 18774
93774 18775
93775 18776
93776 18777
93777 18778
93778 18779
93779 18780
93780 18781
93781 18782
93782 18783
93783 18784
93784 18785
93785 18786
93786 18787
93787 18788
93788 18789
93789 18790
93790 18791
93791 18792
93792 18793
93793 18794
93794 18795
93795 18796
93796 18797
93797 18798
93798 18799
93799 18800
93800 18801
93801 18802
93802 18803
93803 18804
93804 18805
93805 18806
93806 18807
93807 18808
93808 18809
93809 18810
93810 18811
93811 18812
93812 18813
93813 18814
93814 18815
93815 18816
93816 18817
93817 18818
93818 18819
93819 18820
93820 18821
93821 18822
93822 18823
93823 18824
93824 18825
93825 18826
93826 18827
93827 18828
93828 18829
93829 18830
93830 18831
93831 18832
93832 18833
93833 18834
93834 18835
93835 18836
93836 18837
93837 18838
93838 18839
93839 18840
93840 18841
93841 18842
93842 18843
93843 18844
93844 18845
93845 18846
93846 18847
93847 18848
93848 18849
93849 18850
93850 18851
93851 18852
93852 18853
93853 18854
93854 18855
93855 18856
93856 18857
93857 18858
93858 18859
93859 18860
93860 18861
93861 18862
93862 18863
93863 18864
93864 18865
93865 18866
93866 18867
93867 18868
93868 18869
93869 18870
93870 18871
93871 18872
93872 18873
93873 18874
93874 18875
93875 18876
93876 18877
93877 18878
93878 18879
93879 18880
93880 18881
93881 18882
93882 18883
93883 18884
93884 18885
93885 18886
93886 18887
93887 18888
93888 18889
93889 18890
93890 18891
93891 18892
93892 18893
93893 18894
93894 18895
93895 18896
93896 18897
93897 18898
93898 18899
93899 18900
93900 18901
93901 18902
93902 18903
93903 18904
93904 18905
93905 18906
93906 18907
93907 18908
93908 18909
93909 18910
93910 18911
93911 18912
93912 18913
93913 18914
93914 18915
93915 18916
93916 18917
93917 18918
93918 18919
93919 18920
93920 18921
93921 18922
93922 18923
93923 18924
93924 18925
93925 18926
93926 18927
93927 18928
93928 18929
93929 18930
93930 18931
93931 18932
93932 18933
93933 18934
93934 18935
93935 18936
93936 18937
93937 18938
93938 18939
93939 18940
93940 18941
93941 18942
93942 18943
93943 18944
93944 18945
93945 18946
93946 18947
93947 18948
93948 18949
93949 18950
93950 18951
93951 18952
93952 18953
93953 18954
93954 18955
93955 18956
93956 18957
93957 18958
93958 18959
93959 18960
93960 18961
93961 18962
93962 18963
93963 18964
93964 18965
93965 18966
93966 18967
93967 18968
93968 18969
93969 18970
93970 18971
93971 18972
93972 18973
93973 18974
93974 18975
93975 18976
93976 18977
93977 18978
93978 18979
93979 18980
93980 18981
93981 18982
93982 18983
93983 18984
93984 18985
93985 18986
93986 18987
93987 18988
93988 18989
93989 18990
93990 18991
93991 18992
93992 18993
93993 18994
93994 18995
93995 18996
93996 18997
93997 18998
93998 18999
93999 19000
94000 19001
94001 19002
94002 19003
94003 19004
94004 19005
94005 19006
94006 19007
94007 19008
94008 19009
94009 19010
94010 19011
94011 19012
94012 19013
94013 19014
94014 19015
94015 19016
94016 19017
94017 19018
94018 19019
94019 19020
94020 19021
94021 19022
94022 19023
94023 19024
94024 19025
94025 19026
94026 19027
94027 19028
94028 19029
94029 19030
94030 19031
94031 19032
94032 19033
94033 19034
94034 19035
94035 19036
94036 19037
94037 19038
94038 19039
94039 19040
94040 19041
94041 19042
94042 19043
94043 19044
94044 19045
94045 19046
94046 19047
94047 19048
94048 19049
94049 19050
94050 19051
94051 19052
94052 19053
94053 19054
94054 19055
94055 19056
94056 19057
94057 19058
94058 19059
94059 19060
94060 19061
94061 19062
94062 19063
94063 19064
94064 19065
94065 19066
94066 19067
94067 19068
94068 19069
94069 19070
94070 19071
94071 19072
94072 19073
94073 19074
94074 19075
94075 19076
94076 19077
94077 19078
94078 19079
94079 19080
94080 19081
94081 19082
94082 19083
94083 19084
94084 19085
94085 19086
94086 19087
94087 19088
94088 19089
94089 19090
94090 19091
94091 19092
94092 19093
94093 19094
94094 19095
94095 19096
94096 19097
94097 19098
94098 19099
94099 19100
94100 19101
94101 19102
94102 19103
94103 19104
94104 19105
94105 19106
94106 19107
94107 19108
94108 19109
94109 19110
94110 19111
94111 19112
94112 19113
94113 19114
94114 19115
94115 19116
94116 19117
94117 19118
94118 19119
94119 19120
94120 19121
94121 19122
94122 19123
94123 19124
94124 19125
94125 19126
94126 19127
94127 19128
94128 19129
94129 19130
94130 19131
94131 19132
94132 19133
94133 19134
94134 19135
94135 19136
94136 19137
94137 19138
94138 19139
94139 19140
94140 19141
94141 19142
94142 19143
94143 19144
94144 19145
94145 19146
94146 19147
94147 19148
94148 19149
94149 19150
94150 19151
94151 19152
94152 19153
94153 19154
94154 19155
94155 19156
94156 19157
94157 19158
94158 19159
94159 19160
94160 19161
94161 19162
94162 19163
94163 19164
94164 19165
94165 19166
94166 19167
94167 19168
94168 19169
94169 19170
94170 19171
94171 19172
94172 19173
94173 19174
94174 19175
94175 19176
94176 19177
94177 19178
94178 19179
94179 19180
94180 19181
94181 19182
94182 19183
94183 19184
94184 19185
94185 19186
94186 19187
94187 19188
94188 19189
94189 19190
94190 19191
94191 19192
94192 19193
94193 19194
94194 19195
94195 19196
94196 19197
94197 19198
94198 19199
94199 19200
94200 19201
94201 19202
94202 19203
94203 19204
94204 19205
94205 19206
94206 19207
94207 19208
94208 19209
94209 19210
94210 19211
94211 19212
94212 19213
94213 19214
94214 19215
94215 19216
94216 19217
94217 19218
94218 19219
94219 19220
94220 19221
94221 19222
94222 19223
94223 19224
94224 19225
94225 19226
94226 19227
94227 19228
94228 19229
94229 19230
94230 19231
94231 19232
94232 19233
94233 19234
94234 19235
94235 19236
94236 19237
94237 19238
94238 19239
94239 19240
94240 19241
94241 19242
94242 19243
94243 19244
94244 19245
94245 19246
94246 19247
94247 19248
94248 19249
94249 19250
94250 19251
94251 19252
94252 19253
94253 19254
94254 19255
94255 19256
94256 19257
94257 19258
94258 19259
94259 19260
94260 19261
94261 19262
94262 19263
94263 19264
94264 19265
94265 19266
94266 19267
94267 19268
94268 19269
94269 19270
94270 19271
94271 19272
94272 19273
94273 19274
94274 19275
94275 19276
94276 19277
94277 19278
94278 19279
94279 19280
94280 19281
94281 19282
94282 19283
94283 19284
94284 19285
94285 19286
94286 19287
94287 19288
94288 19289
94289 19290
94290 19291
94291 19292
94292 19293
94293 19294
94294 19295
94295 19296
94296 19297
94297 19298
94298 19299
94299 19300
94300 19301
94301 19302
94302 19303
94303 19304
94304 19305
94305 19306
94306 19307
94307 19308
94308 19309
94309 19310
94310 19311
94311 19312
94312 19313
94313 19314
94314 19315
94315 19316
94316 19317
94317 19318
94318 19319
94319 19320
94320 19321
94321 19322
94322 19323
94323 19324
94324 19325
94325 19326
94326 19327
94327 19328
94328 19329
94329 19330
94330 19331
94331 19332
94332 19333
94333 19334
94334 19335
94335 19336
94336 19337
94337 19338
94338 19339
94339 19340
94340 19341
94341 19342
94342 19343
94343 19344
94344 19345
94345 19346
94346 19347
94347 19348
94348 19349
94349 19350
94350 19351
94351 19352
94352 19353
94353 19354
94354 19355
94355 19356
94356 19357
94357 19358
94358 19359
94359 19360
94360 19361
94361 19362
94362 19363
94363 19364
94364 19365
94365 19366
94366 19367
94367 19368
94368 19369
94369 19370
94370 19371
94371 19372
94372 19373
94373 19374
94374 19375
94375 19376
94376 19377
94377 19378
94378 19379
94379 19380
94380 19381
94381 19382
94382 19383
94383 19384
94384 19385
94385 19386
94386 19387
94387 19388
94388 19389
94389 19390
94390 19391
94391 19392
94392 19393
94393 19394
94394 19395
94395 19396
94396 19397
94397 19398
94398 19399
94399 19400
94400 19401
94401 19402
94402 19403
94403 19404
94404 19405
94405 19406
94406 19407
94407 19408
94408 19409
94409 19410
94410 19411
94411 19412
94412 19413
94413 19414
94414 19415
94415 19416
94416 19417
94417 19418
94418 19419
94419 19420
94420 19421
94421 19422
94422 19423
94423 19424
94424 19425
94425 19426
94426 19427
94427 19428
94428 19429
94429 19430
94430 19431
94431 19432
94432 19433
94433 19434
94434 19435
94435 19436
94436 19437
94437 19438
94438 19439
94439 19440
94440 19441
94441 19442
94442 19443
94443 19444
94444 19445
94445 19446
94446 19447
94447 19448
94448 19449
94449 19450
94450 19451
94451 19452
94452 19453
94453 19454
94454 19455
94455 19456
94456 19457
94457 19458
94458 19459
94459 19460
94460 19461
94461 19462
94462 19463
94463 19464
94464 19465
94465 19466
94466 19467
94467 19468
94468 19469
94469 19470
94470 19471
94471 19472
94472 19473
94473 19474
94474 19475
94475 19476
94476 19477
94477 19478
94478 19479
94479 19480
94480 19481
94481 19482
94482 19483
94483 19484
94484 19485
94485 19486
94486 19487
94487 19488
94488 19489
94489 19490
94490 19491
94491 19492
94492 19493
94493 19494
94494 19495
94495 19496
94496 19497
94497 19498
94498 19499
94499 19500
94500 19501
94501 19502
94502 19503
94503 19504
94504 19505
94505 19506
94506 19507
94507 19508
94508 19509
94509 19510
94510 19511
94511 19512
94512 19513
94513 19514
94514 19515
94515 19516
94516 19517
94517 19518
94518 19519
94519 19520
94520 19521
94521 19522
94522 19523
94523 19524
94524 19525
94525 19526
94526 19527
94527 19528
94528 19529
94529 19530
94530 19531
94531 19532
94532 19533
94533 19534
94534 19535
94535 19536
94536 19537
94537 19538
94538 19539
94539 19540
94540 19541
94541 19542
94542 19543
94543 19544
94544 19545
94545 19546
94546 19547
94547 19548
94548 19549
94549 19550
94550 19551
94551 19552
94552 19553
94553 19554
94554 19555
94555 19556
94556 19557
94557 19558
94558 19559
94559 19560
94560 19561
94561 19562
94562 19563
94563 19564
94564 19565
94565 19566
94566 19567
94567 19568
94568 19569
94569 19570
94570 19571
94571 19572
94572 19573
94573 19574
94574 19575
94575 19576
94576 19577
94577 19578
94578 19579
94579 19580
94580 19581
94581 19582
94582 19583
94583 19584
94584 19585
94585 19586
94586 19587
94587 19588
94588 19589
94589 19590
94590 19591
94591 19592
94592 19593
94593 19594
94594 19595
94595 19596
94596 19597
94597 19598
94598 19599
94599 19600
94600 19601
94601 19602
94602 19603
94603 19604
94604 19605
94605 19606
94606 19607
94607 19608
94608 19609
94609 19610
94610 19611
94611 19612
94612 19613
94613 19614
94614 19615
94615 19616
94616 19617
94617 19618
94618 19619
94619 19620
94620 19621
94621 19622
94622 19623
94623 19624
94624 19625
94625 19626
94626 19627
94627 19628
94628 19629
94629 19630
94630 19631
94631 19632
94632 19633
94633 19634
94634 19635
94635 19636
94636 19637
94637 19638
94638 19639
94639 19640
94640 19641
94641 19642
94642 19643
94643 19644
94644 19645
94645 19646
94646 19647
94647 19648
94648 19649
94649 19650
94650 19651
94651 19652
94652 19653
94653 19654
94654 19655
94655 19656
94656 19657
94657 19658
94658 19659
94659 19660
94660 19661
94661 19662
94662 19663
94663 19664
94664 19665
94665 19666
94666 19667
94667 19668
94668 19669
94669 19670
94670 19671
94671 19672
94672 19673
94673 19674
94674 19675
94675 19676
94676 19677
94677 19678
94678 19679
94679 19680
94680 19681
94681 19682
94682 19683
94683 19684
94684 19685
94685 19686
94686 19687
94687 19688
94688 19689
94689 19690
94690 19691
94691 19692
94692 19693
94693 19694
94694 19695
94695 19696
94696 19697
94697 19698
94698 19699
94699 19700
94700 19701
94701 19702
94702 19703
94703 19704
94704 19705
94705 19706
94706 19707
94707 19708
94708 19709
94709 19710
94710 19711
94711 19712
94712 19713
94713 19714
94714 19715
94715 19716
94716 19717
94717 19718
94718 19719
94719 19720
94720 19721
94721 19722
94722 19723
94723 19724
94724 19725
94725 19726
94726 19727
94727 19728
94728 19729
94729 19730
94730 19731
94731 19732
94732 19733
94733 19734
94734 19735
94735 19736
94736 19737
94737 19738
94738 19739
94739 19740
94740 19741
94741 19742
94742 19743
94743 19744
94744 19745
94745 19746
94746 19747
94747 19748
94748 19749
94749 19750
94750 19751
94751 19752
94752 19753
94753 19754
94754 19755
94755 19756
94756 19757
94757 19758
94758 19759
94759 19760
94760 19761
94761 19762
94762 19763
94763 19764
94764 19765
94765 19766
94766 19767
94767 19768
94768 19769
94769 19770
94770 19771
94771 19772
94772 19773
94773 19774
94774 19775
94775 19776
94776 19777
94777 19778
94778 19779
94779 19780
94780 19781
94781 19782
94782 19783
94783 19784
94784 19785
94785 19786
94786 19787
94787 19788
94788 19789
94789 19790
94790 19791
94791 19792
94792 19793
94793 19794
94794 19795
94795 19796
94796 19797
94797 19798
94798 19799
94799 19800
94800 19801
94801 19802
94802 19803
94803 19804
94804 19805
94805 19806
94806 19807
94807 19808
94808 19809
94809 19810
94810 19811
94811 19812
94812 19813
94813 19814
94814 19815
94815 19816
94816 19817
94817 19818
94818 19819
94819 19820
94820 19821
94821 19822
94822 19823
94823 19824
94824 19825
94825 19826
94826 19827
94827 19828
94828 19829
94829 19830
94830 19831
94831 19832
94832 19833
94833 19834
94834 19835
94835 19836
94836 19837
94837 19838
94838 19839
94839 19840
94840 19841
94841 19842
94842 19843
94843 19844
94844 19845
94845 19846
94846 19847
94847 19848
94848 19849
94849 19850
94850 19851
94851 19852
94852 19853
94853 19854
94854 19855
94855 19856
94856 19857
94857 19858
94858 19859
94859 19860
94860 19861
94861 19862
94862 19863
94863 19864
94864 19865
94865 19866
94866 19867
94867 19868
94868 19869
94869 19870
94870 19871
94871 19872
94872 19873
94873 19874
94874 19875
94875 19876
94876 19877
94877 19878
94878 19879
94879 19880
94880 19881
94881 19882
94882 19883
94883 19884
94884 19885
94885 19886
94886 19887
94887 19888
94888 19889
94889 19890
94890 19891
94891 19892
94892 19893
94893 19894
94894 19895
94895 19896
94896 19897
94897 19898
94898 19899
94899 19900
94900 19901
94901 19902
94902 19903
94903 19904
94904 19905
94905 19906
94906 19907
94907 19908
94908 19909
94909 19910
94910 19911
94911 19912
94912 19913
94913 19914
94914 19915
94915 19916
94916 19917
94917 19918
94918 19919
94919 19920
94920 19921
94921 19922
94922 19923
94923 19924
94924 19925
94925 19926
94926 19927
94927 19928
94928 19929
94929 19930
94930 19931
94931 19932
94932 19933
94933 19934
94934 19935
94935 19936
94936 19937
94937 19938
94938 19939
94939 19940
94940 19941
94941 19942
94942 19943
94943 19944
94944 19945
94945 19946
94946 19947
94947 19948
94948 19949
94949 19950
94950 19951
94951 19952
94952 19953
94953 19954
94954 19955
94955 19956
94956 19957
94957 19958
94958 19959
94959 19960
94960 19961
94961 19962
94962 19963
94963 19964
94964 19965
94965 19966
94966 19967
94967 19968
94968 19969
94969 19970
94970 19971
94971 19972
94972 19973
94973 19974
94974 19975
94975 19976
94976 19977
94977 19978
94978 19979
94979 19980
94980 19981
94981 19982
94982 19983
94983 19984
94984 19985
94985 19986
94986 19987
94987 19988
94988 19989
94989 19990
94990 19991
94991 19992
94992 19993
94993 19994
94994 19995
94995 19996
94996 19997
94997 19998
94998 19999
94999 20000
95000 20001
95001 20002
95002 20003
95003 20004
95004 20005
95005 20006
95006 20007
95007 20008
95008 20009
95009 20010
95010 20011
95011 20012
95012 20013
95013 20014
95014 20015
95015 20016
95016 20017
95017 20018
95018 20019
95019 20020
95020 20021
95021 20022
95022 20023
95023 20024
95024 20025
95025 20026
95026 20027
95027 20028
95028 20029
95029 20030
95030 20031
95031 20032
95032 20033
95033 20034
95034 20035
95035 20036
95036 20037
95037 20038
95038 20039
95039 20040
95040 20041
95041 20042
95042 20043
95043 20044
95044 20045
95045 20046
95046 20047
95047 20048
95048 20049
95049 20050
95050 20051
95051 20052
95052 20053
95053 20054
95054 20055
95055 20056
95056 20057
95057 20058
95058 20059
95059 20060
95060 20061
95061 20062
95062 20063
95063 20064
95064 20065
95065 20066
95066 20067
95067 20068
95068 20069
95069 20070
95070 20071
95071 20072
95072 20073
95073 20074
95074 20075
95075 20076
95076 20077
95077 20078
95078 20079
95079 20080
95080 20081
95081 20082
95082 20083
95083 20084
95084 20085
95085 20086
95086 20087
95087 20088
95088 20089
95089 20090
95090 20091
95091 20092
95092 20093
95093 20094
95094 20095
95095 20096
95096 20097
95097 20098
95098 20099
95099 20100
95100 20101
95101 20102
95102 20103
95103 20104
95104 20105
95105 20106
95106 20107
95107 20108
95108 20109
95109 20110
95110 20111
95111 20112
95112 20113
95113 20114
95114 20115
95115 20116
95116 20117
95117 20118
95118 20119
95119 20120
95120 20121
95121 20122
95122 20123
95123 20124
95124 20125
95125 20126
95126 20127
95127 20128
95128 20129
95129 20130
95130 20131
95131 20132
95132 20133
95133 20134
95134 20135
95135 20136
95136 20137
95137 20138
95138 20139
95139 20140
95140 20141
95141 20142
95142 20143
95143 20144
95144 20145
95145 20146
95146 20147
95147 20148
95148 20149
95149 20150
95150 20151
95151 20152
95152 20153
95153 20154
95154 20155
95155 20156
95156 20157
95157 20158
95158 20159
95159 20160
95160 20161
95161 20162
95162 20163
95163 20164
95164 20165
95165 20166
95166 20167
95167 20168
95168 20169
95169 20170
95170 20171
95171 20172
95172 20173
95173 20174
95174 20175
95175 20176
95176 20177
95177 20178
95178 20179
95179 20180
95180 20181
95181 20182
95182 20183
95183 20184
95184 20185
95185 20186
95186 20187
95187 20188
95188 20189
95189 20190
95190 20191
95191 20192
95192 20193
95193 20194
95194 20195
95195 20196
95196 20197
95197 20198
95198 20199
95199 20200
95200 20201
95201 20202
95202 20203
95203 20204
95204 20205
95205 20206
95206 20207
95207 20208
95208 20209
95209 20210
95210 20211
95211 20212
95212 20213
95213 20214
95214 20215
95215 20216
95216 20217
95217 20218
95218 20219
95219 20220
95220 20221
95221 20222
95222 20223
95223 20224
95224 20225
95225 20226
95226 20227
95227 20228
95228 20229
95229 20230
95230 20231
95231 20232
95232 20233
95233 20234
95234 20235
95235 20236
95236 20237
95237 20238
95238 20239
95239 20240
95240 20241
95241 20242
95242 20243
95243 20244
95244 20245
95245 20246
95246 20247
95247 20248
95248 20249
95249 20250
95250 20251
95251 20252
95252 20253
95253 20254
95254 20255
95255 20256
95256 20257
95257 20258
95258 20259
95259 20260
95260 20261
95261 20262
95262 20263
95263 20264
95264 20265
95265 20266
95266 20267
95267 20268
95268 20269
95269 20270
95270 20271
95271 20272
95272 20273
95273 20274
95274 20275
95275 20276
95276 20277
95277 20278
95278 20279
95279 20280
95280 20281
95281 20282
95282 20283
95283 20284
95284 20285
95285 20286
95286 20287
95287 20288
95288 20289
95289 20290
95290 20291
95291 20292
95292 20293
95293 20294
95294 20295
95295 20296
95296 20297
95297 20298
95298 20299
95299 20300
95300 20301
95301 20302
95302 20303
95303 20304
95304 20305
95305 20306
95306 20307
95307 20308
95308 20309
95309 20310
95310 20311
95311 20312
95312 20313
95313 20314
95314 20315
95315 20316
95316 20317
95317 20318
95318 20319
95319 20320
95320 20321
95321 20322
95322 20323
95323 20324
95324 20325
95325 20326
95326 20327
95327 20328
95328 20329
95329 20330
95330 20331
95331 20332
95332 20333
95333 20334
95334 20335
95335 20336
95336 20337
95337 20338
95338 20339
95339 20340
95340 20341
95341 20342
95342 20343
95343 20344
95344 20345
95345 20346
95346 20347
95347 20348
95348 20349
95349 20350
95350 20351
95351 20352
95352 20353
95353 20354
95354 20355
95355 20356
95356 20357
95357 20358
95358 20359
95359 20360
95360 20361
95361 20362
95362 20363
95363 20364
95364 20365
95365 20366
95366 20367
95367 20368
95368 20369
95369 20370
95370 20371
95371 20372
95372 20373
95373 20374
95374 20375
95375 20376
95376 20377
95377 20378
95378 20379
95379 20380
95380 20381
95381 20382
95382 20383
95383 20384
95384 20385
95385 20386
95386 20387
95387 20388
95388 20389
95389 20390
95390 20391
95391 20392
95392 20393
95393 20394
95394 20395
95395 20396
95396 20397
95397 20398
95398 20399
95399 20400
95400 20401
95401 20402
95402 20403
95403 20404
95404 20405
95405 20406
95406 20407
95407 20408
95408 20409
95409 20410
95410 20411
95411 20412
95412 20413
95413 20414
95414 20415
95415 20416
95416 20417
95417 20418
95418 20419
95419 20420
95420 20421
95421 20422
95422 20423
95423 20424
95424 20425
95425 20426
95426 20427
95427 20428
95428 20429
95429 20430
95430 20431
95431 20432
95432 20433
95433 20434
95434 20435
95435 20436
95436 20437
95437 20438
95438 20439
95439 20440
95440 20441
95441 20442
95442 20443
95443 20444
95444 20445
95445 20446
95446 20447
95447 20448
95448 20449
95449 20450
95450 20451
95451 20452
95452 20453
95453 20454
95454 20455
95455 20456
95456 20457
95457 20458
95458 20459
95459 20460
95460 20461
95461 20462
95462 20463
95463 20464
95464 20465
95465 20466
95466 20467
95467 20468
95468 20469
95469 20470
95470 20471
95471 20472
95472 20473
95473 20474
95474 20475
95475 20476
95476 20477
95477 20478
95478 20479
95479 20480
95480 20481
95481 20482
95482 20483
95483 20484
95484 20485
95485 20486
95486 20487
95487 20488
95488 20489
95489 20490
95490 20491
95491 20492
95492 20493
95493 20494
95494 20495
95495 20496
95496 20497
95497 20498
95498 20499
95499 20500
95500 20501
95501 20502
95502 20503
95503 20504
95504 20505
95505 20506
95506 20507
95507 20508
95508 20509
95509 20510
95510 20511
95511 20512
95512 20513
95513 20514
95514 20515
95515 20516
95516 20517
95517 20518
95518 20519
95519 20520
95520 20521
95521 20522
95522 20523
95523 20524
95524 20525
95525 20526
95526 20527
95527 20528
95528 20529
95529 20530
95530 20531
95531 20532
95532 20533
95533 20534
95534 20535
95535 20536
95536 20537
95537 20538
95538 20539
95539 20540
95540 20541
95541 20542
95542 20543
95543 20544
95544 20545
95545 20546
95546 20547
95547 20548
95548 20549
95549 20550
95550 20551
95551 20552
95552 20553
95553 20554
95554 20555
95555 20556
95556 20557
95557 20558
95558 20559
95559 20560
95560 20561
95561 20562
95562 20563
95563 20564
95564 20565
95565 20566
95566 20567
95567 20568
95568 20569
95569 20570
95570 20571
95571 20572
95572 20573
95573 20574
95574 20575
95575 20576
95576 20577
95577 20578
95578 20579
95579 20580
95580 20581
95581 20582
95582 20583
95583 20584
95584 20585
95585 20586
95586 20587
95587 20588
95588 20589
95589 20590
95590 20591
95591 20592
95592 20593
95593 20594
95594 20595
95595 20596
95596 20597
95597 20598
95598 20599
95599 20600
95600 20601
95601 20602
95602 20603
95603 20604
95604 20605
95605 20606
95606 20607
95607 20608
95608 20609
95609 20610
95610 20611
95611 20612
95612 20613
95613 20614
95614 20615
95615 20616
95616 20617
95617 20618
95618 20619
95619 20620
95620 20621
95621 20622
95622 20623
95623 20624
95624 20625
95625 20626
95626 20627
95627 20628
95628 20629
95629 20630
95630 20631
95631 20632
95632 20633
95633 20634
95634 20635
95635 20636
95636 20637
95637 20638
95638 20639
95639 20640
95640 20641
95641 20642
95642 20643
95643 20644
95644 20645
95645 20646
95646 20647
95647 20648
95648 20649
95649 20650
95650 20651
95651 20652
95652 20653
95653 20654
95654 20655
95655 20656
95656 20657
95657 20658
95658 20659
95659 20660
95660 20661
95661 20662
95662 20663
95663 20664
95664 20665
95665 20666
95666 20667
95667 20668
95668 20669
95669 20670
95670 20671
95671 20672
95672 20673
95673 20674
95674 20675
95675 20676
95676 20677
95677 20678
95678 20679
95679 20680
95680 20681
95681 20682
95682 20683
95683 20684
95684 20685
95685 20686
95686 20687
95687 20688
95688 20689
95689 20690
95690 20691
95691 20692
95692 20693
95693 20694
95694 20695
95695 20696
95696 20697
95697 20698
95698 20699
95699 20700
95700 20701
95701 20702
95702 20703
95703 20704
95704 20705
95705 20706
95706 20707
95707 20708
95708 20709
95709 20710
95710 20711
95711 20712
95712 20713
95713 20714
95714 20715
95715 20716
95716 20717
95717 20718
95718 20719
95719 20720
95720 20721
95721 20722
95722 20723
95723 20724
95724 20725
95725 20726
95726 20727
95727 20728
95728 20729
95729 20730
95730 20731
95731 20732
95732 20733
95733 20734
95734 20735
95735 20736
95736 20737
95737 20738
95738 20739
95739 20740
95740 20741
95741 20742
95742 20743
95743 20744
95744 20745
95745 20746
95746 20747
95747 20748
95748 20749
95749 20750
95750 20751
95751 20752
95752 20753
95753 20754
95754 20755
95755 20756
95756 20757
95757 20758
95758 20759
95759 20760
95760 20761
95761 20762
95762 20763
95763 20764
95764 20765
95765 20766
95766 20767
95767 20768
95768 20769
95769 20770
95770 20771
95771 20772
95772 20773
95773 20774
95774 20775
95775 20776
95776 20777
95777 20778
95778 20779
95779 20780
95780 20781
95781 20782
95782 20783
95783 20784
95784 20785
95785 20786
95786 20787
95787 20788
95788 20789
95789 20790
95790 20791
95791 20792
95792 20793
95793 20794
95794 20795
95795 20796
95796 20797
95797 20798
95798 20799
95799 20800
95800 20801
95801 20802
95802 20803
95803 20804
95804 20805
95805 20806
95806 20807
95807 20808
95808 20809
95809 20810
95810 20811
95811 20812
95812 20813
95813 20814
95814 20815
95815 20816
95816 20817
95817 20818
95818 20819
95819 20820
95820 20821
95821 20822
95822 20823
95823 20824
95824 20825
95825 20826
95826 20827
95827 20828
95828 20829
95829 20830
95830 20831
95831 20832
95832 20833
95833 20834
95834 20835
95835 20836
95836 20837
95837 20838
95838 20839
95839 20840
95840 20841
95841 20842
95842 20843
95843 20844
95844 20845
95845 20846
95846 20847
95847 20848
95848 20849
95849 20850
95850 20851
95851 20852
95852 20853
95853 20854
95854 20855
95855 20856
95856 20857
95857 20858
95858 20859
95859 20860
95860 20861
95861 20862
95862 20863
95863 20864
95864 20865
95865 20866
95866 20867
95867 20868
95868 20869
95869 20870
95870 20871
95871 20872
95872 20873
95873 20874
95874 20875
95875 20876
95876 20877
95877 20878
95878 20879
95879 20880
95880 20881
95881 20882
95882 20883
95883 20884
95884 20885
95885 20886
95886 20887
95887 20888
95888 20889
95889 20890
95890 20891
95891 20892
95892 20893
95893 20894
95894 20895
95895 20896
95896 20897
95897 20898
95898 20899
95899 20900
95900 20901
95901 20902
95902 20903
95903 20904
95904 20905
95905 20906
95906 20907
95907 20908
95908 20909
95909 20910
95910 20911
95911 20912
95912 20913
95913 20914
95914 20915
95915 20916
95916 20917
95917 20918
95918 20919
95919 20920
95920 20921
95921 20922
95922 20923
95923 20924
95924 20925
95925 20926
95926 20927
95927 20928
95928 20929
95929 20930
95930 20931
95931 20932
95932 20933
95933 20934
95934 20935
95935 20936
95936 20937
95937 20938
95938 20939
95939 20940
95940 20941
95941 20942
95942 20943
95943 20944
95944 20945
95945 20946
95946 20947
95947 20948
95948 20949
95949 20950
95950 20951
95951 20952
95952 20953
95953 20954
95954 20955
95955 20956
95956 20957
95957 20958
95958 20959
95959 20960
95960 20961
95961 20962
95962 20963
95963 20964
95964 20965
95965 20966
95966 20967
95967 20968
95968 20969
95969 20970
95970 20971
95971 20972
95972 20973
95973 20974
95974 20975
95975 20976
95976 20977
95977 20978
95978 20979
95979 20980
95980 20981
95981 20982
95982 20983
95983 20984
95984 20985
95985 20986
95986 20987
95987 20988
95988 20989
95989 20990
95990 20991
95991 20992
95992 20993
95993 20994
95994 20995
95995 20996
95996 20997
95997 20998
95998 20999
95999 21000
96000 21001
96001 21002
96002 21003
96003 21004
96004 21005
96005 21006
96006 21007
96007 21008
96008 21009
96009 21010
96010 21011
96011 21012
96012 21013
96013 21014
96014 21015
96015 21016
96016 21017
96017 21018
96018 21019
96019 21020
96020 21021
96021 21022
96022 21023
96023 21024
96024 21025
96025 21026
96026 21027
96027 21028
96028 21029
96029 21030
96030 21031
96031 21032
96032 21033
96033 21034
96034 21035
96035 21036
96036 21037
96037 21038
96038 21039
96039 21040
96040 21041
96041 21042
96042 21043
96043 21044
96044 21045
96045 21046
96046 21047
96047 21048
96048 21049
96049 21050
96050 21051
96051 21052
96052 21053
96053 21054
96054 21055
96055 21056
96056 21057
96057 21058
96058 21059
96059 21060
96060 21061
96061 21062
96062 21063
96063 21064
96064 21065
96065 21066
96066 21067
96067 21068
96068 21069
96069 21070
96070 21071
96071 21072
96072 21073
96073 21074
96074 21075
96075 21076
96076 21077
96077 21078
96078 21079
96079 21080
96080 21081
96081 21082
96082 21083
96083 21084
96084 21085
96085 21086
96086 21087
96087 21088
96088 21089
96089 21090
96090 21091
96091 21092
96092 21093
96093 21094
96094 21095
96095 21096
96096 21097
96097 21098
96098 21099
96099 21100
96100 21101
96101 21102
96102 21103
96103 21104
96104 21105
96105 21106
96106 21107
96107 21108
96108 21109
96109 21110
96110 21111
96111 21112
96112 21113
96113 21114
96114 21115
96115 21116
96116 21117
96117 21118
96118 21119
96119 21120
96120 21121
96121 21122
96122 21123
96123 21124
96124 21125
96125 21126
96126 21127
96127 21128
96128 21129
96129 21130
96130 21131
96131 21132
96132 21133
96133 21134
96134 21135
96135 21136
96136 21137
96137 21138
96138 21139
96139 21140
96140 21141
96141 21142
96142 21143
96143 21144
96144 21145
96145 21146
96146 21147
96147 21148
96148 21149
96149 21150
96150 21151
96151 21152
96152 21153
96153 21154
96154 21155
96155 21156
96156 21157
96157 21158
96158 21159
96159 21160
96160 21161
96161 21162
96162 21163
96163 21164
96164 21165
96165 21166
96166 21167
96167 21168
96168 21169
96169 21170
96170 21171
96171 21172
96172 21173
96173 21174
96174 21175
96175 21176
96176 21177
96177 21178
96178 21179
96179 21180
96180 21181
96181 21182
96182 21183
96183 21184
96184 21185
96185 21186
96186 21187
96187 21188
96188 21189
96189 21190
96190 21191
96191 21192
96192 21193
96193 21194
96194 21195
96195 21196
96196 21197
96197 21198
96198 21199
96199 21200
96200 21201
96201 21202
96202 21203
96203 21204
96204 21205
96205 21206
96206 21207
96207 21208
96208 21209
96209 21210
96210 21211
96211 21212
96212 21213
96213 21214
96214 21215
96215 21216
96216 21217
96217 21218
96218 21219
96219 21220
96220 21221
96221 21222
96222 21223
96223 21224
96224 21225
96225 21226
96226 21227
96227 21228
96228 21229
96229 21230
96230 21231
96231 21232
96232 21233
96233 21234
96234 21235
96235 21236
96236 21237
96237 21238
96238 21239
96239 21240
96240 21241
96241 21242
96242 21243
96243 21244
96244 21245
96245 21246
96246 21247
96247 21248
96248 21249
96249 21250
96250 21251
96251 21252
96252 21253
96253 21254
96254 21255
96255 21256
96256 21257
96257 21258
96258 21259
96259 21260
96260 21261
96261 21262
96262 21263
96263 21264
96264 21265
96265 21266
96266 21267
96267 21268
96268 21269
96269 21270
96270 21271
96271 21272
96272 21273
96273 21274
96274 21275
96275 21276
96276 21277
96277 21278
96278 21279
96279 21280
96280 21281
96281 21282
96282 21283
96283 21284
96284 21285
96285 21286
96286 21287
96287 21288
96288 21289
96289 21290
96290 21291
96291 21292
96292 21293
96293 21294
96294 21295
96295 21296
96296 21297
96297 21298
96298 21299
96299 21300
96300 21301
96301 21302
96302 21303
96303 21304
96304 21305
96305 21306
96306 21307
96307 21308
96308 21309
96309 21310
96310 21311
96311 21312
96312 21313
96313 21314
96314 21315
96315 21316
96316 21317
96317 21318
96318 21319
96319 21320
96320 21321
96321 21322
96322 21323
96323 21324
96324 21325
96325 21326
96326 21327
96327 21328
96328 21329
96329 21330
96330 21331
96331 21332
96332 21333
96333 21334
96334 21335
96335 21336
96336 21337
96337 21338
96338 21339
96339 21340
96340 21341
96341 21342
96342 21343
96343 21344
96344 21345
96345 21346
96346 21347
96347 21348
96348 21349
96349 21350
96350 21351
96351 21352
96352 21353
96353 21354
96354 21355
96355 21356
96356 21357
96357 21358
96358 21359
96359 21360
96360 21361
96361 21362
96362 21363
96363 21364
96364 21365
96365 21366
96366 21367
96367 21368
96368 21369
96369 21370
96370 21371
96371 21372
96372 21373
96373 21374
96374 21375
96375 21376
96376 21377
96377 21378
96378 21379
96379 21380
96380 21381
96381 21382
96382 21383
96383 21384
96384 21385
96385 21386
96386 21387
96387 21388
96388 21389
96389 21390
96390 21391
96391 21392
96392 21393
96393 21394
96394 21395
96395 21396
96396 21397
96397 21398
96398 21399
96399 21400
96400 21401
96401 21402
96402 21403
96403 21404
96404 21405
96405 21406
96406 21407
96407 21408
96408 21409
96409 21410
96410 21411
96411 21412
96412 21413
96413 21414
96414 21415
96415 21416
96416 21417
96417 21418
96418 21419
96419 21420
96420 21421
96421 21422
96422 21423
96423 21424
96424 21425
96425 21426
96426 21427
96427 21428
96428 21429
96429 21430
96430 21431
96431 21432
96432 21433
96433 21434
96434 21435
96435 21436
96436 21437
96437 21438
96438 21439
96439 21440
96440 21441
96441 21442
96442 21443
96443 21444
96444 21445
96445 21446
96446 21447
96447 21448
96448 21449
96449 21450
96450 21451
96451 21452
96452 21453
96453 21454
96454 21455
96455 21456
96456 21457
96457 21458
96458 21459
96459 21460
96460 21461
96461 21462
96462 21463
96463 21464
96464 21465
96465 21466
96466 21467
96467 21468
96468 21469
96469 21470
96470 21471
96471 21472
96472 21473
96473 21474
96474 21475
96475 21476
96476 21477
96477 21478
96478 21479
96479 21480
96480 21481
96481 21482
96482 21483
96483 21484
96484 21485
96485 21486
96486 21487
96487 21488
96488 21489
96489 21490
96490 21491
96491 21492
96492 21493
96493 21494
96494 21495
96495 21496
96496 21497
96497 21498
96498 21499
96499 21500
96500 21501
96501 21502
96502 21503
96503 21504
96504 21505
96505 21506
96506 21507
96507 21508
96508 21509
96509 21510
96510 21511
96511 21512
96512 21513
96513 21514
96514 21515
96515 21516
96516 21517
96517 21518
96518 21519
96519 21520
96520 21521
96521 21522
96522 21523
96523 21524
96524 21525
96525 21526
96526 21527
96527 21528
96528 21529
96529 21530
96530 21531
96531 21532
96532 21533
96533 21534
96534 21535
96535 21536
96536 21537
96537 21538
96538 21539
96539 21540
96540 21541
96541 21542
96542 21543
96543 21544
96544 21545
96545 21546
96546 21547
96547 21548
96548 21549
96549 21550
96550 21551
96551 21552
96552 21553
96553 21554
96554 21555
96555 21556
96556 21557
96557 21558
96558 21559
96559 21560
96560 21561
96561 21562
96562 21563
96563 21564
96564 21565
96565 21566
96566 21567
96567 21568
96568 21569
96569 21570
96570 21571
96571 21572
96572 21573
96573 21574
96574 21575
96575 21576
96576 21577
96577 21578
96578 21579
96579 21580
96580 21581
96581 21582
96582 21583
96583 21584
96584 21585
96585 21586
96586 21587
96587 21588
96588 21589
96589 21590
96590 21591
96591 21592
96592 21593
96593 21594
96594 21595
96595 21596
96596 21597
96597 21598
96598 21599
96599 21600
96600 21601
96601 21602
96602 21603
96603 21604
96604 21605
96605 21606
96606 21607
96607 21608
96608 21609
96609 21610
96610 21611
96611 21612
96612 21613
96613 21614
96614 21615
96615 21616
96616 21617
96617 21618
96618 21619
96619 21620
96620 21621
96621 21622
96622 21623
96623 21624
96624 21625
96625 21626
96626 21627
96627 21628
96628 21629
96629 21630
96630 21631
96631 21632
96632 21633
96633 21634
96634 21635
96635 21636
96636 21637
96637 21638
96638 21639
96639 21640
96640 21641
96641 21642
96642 21643
96643 21644
96644 21645
96645 21646
96646 21647
96647 21648
96648 21649
96649 21650
96650 21651
96651 21652
96652 21653
96653 21654
96654 21655
96655 21656
96656 21657
96657 21658
96658 21659
96659 21660
96660 21661
96661 21662
96662 21663
96663 21664
96664 21665
96665 21666
96666 21667
96667 21668
96668 21669
96669 21670
96670 21671
96671 21672
96672 21673
96673 21674
96674 21675
96675 21676
96676 21677
96677 21678
96678 21679
96679 21680
96680 21681
96681 21682
96682 21683
96683 21684
96684 21685
96685 21686
96686 21687
96687 21688
96688 21689
96689 21690
96690 21691
96691 21692
96692 21693
96693 21694
96694 21695
96695 21696
96696 21697
96697 21698
96698 21699
96699 21700
96700 21701
96701 21702
96702 21703
96703 21704
96704 21705
96705 21706
96706 21707
96707 21708
96708 21709
96709 21710
96710 21711
96711 21712
96712 21713
96713 21714
96714 21715
96715 21716
96716 21717
96717 21718
96718 21719
96719 21720
96720 21721
96721 21722
96722 21723
96723 21724
96724 21725
96725 21726
96726 21727
96727 21728
96728 21729
96729 21730
96730 21731
96731 21732
96732 21733
96733 21734
96734 21735
96735 21736
96736 21737
96737 21738
96738 21739
96739 21740
96740 21741
96741 21742
96742 21743
96743 21744
96744 21745
96745 21746
96746 21747
96747 21748
96748 21749
96749 21750
96750 21751
96751 21752
96752 21753
96753 21754
96754 21755
96755 21756
96756 21757
96757 21758
96758 21759
96759 21760
96760 21761
96761 21762
96762 21763
96763 21764
96764 21765
96765 21766
96766 21767
96767 21768
96768 21769
96769 21770
96770 21771
96771 21772
96772 21773
96773 21774
96774 21775
96775 21776
96776 21777
96777 21778
96778 21779
96779 21780
96780 21781
96781 21782
96782 21783
96783 21784
96784 21785
96785 21786
96786 21787
96787 21788
96788 21789
96789 21790
96790 21791
96791 21792
96792 21793
96793 21794
96794 21795
96795 21796
96796 21797
96797 21798
96798 21799
96799 21800
96800 21801
96801 21802
96802 21803
96803 21804
96804 21805
96805 21806
96806 21807
96807 21808
96808 21809
96809 21810
96810 21811
96811 21812
96812 21813
96813 21814
96814 21815
96815 21816
96816 21817
96817 21818
96818 21819
96819 21820
96820 21821
96821 21822
96822 21823
96823 21824
96824 21825
96825 21826
96826 21827
96827 21828
96828 21829
96829 21830
96830 21831
96831 21832
96832 21833
96833 21834
96834 21835
96835 21836
96836 21837
96837 21838
96838 21839
96839 21840
96840 21841
96841 21842
96842 21843
96843 21844
96844 21845
96845 21846
96846 21847
96847 21848
96848 21849
96849 21850
96850 21851
96851 21852
96852 21853
96853 21854
96854 21855
96855 21856
96856 21857
96857 21858
96858 21859
96859 21860
96860 21861
96861 21862
96862 21863
96863 21864
96864 21865
96865 21866
96866 21867
96867 21868
96868 21869
96869 21870
96870 21871
96871 21872
96872 21873
96873 21874
96874 21875
96875 21876
96876 21877
96877 21878
96878 21879
96879 21880
96880 21881
96881 21882
96882 21883
96883 21884
96884 21885
96885 21886
96886 21887
96887 21888
96888 21889
96889 21890
96890 21891
96891 21892
96892 21893
96893 21894
96894 21895
96895 21896
96896 21897
96897 21898
96898 21899
96899 21900
96900 21901
96901 21902
96902 21903
96903 21904
96904 21905
96905 21906
96906 21907
96907 21908
96908 21909
96909 21910
96910 21911
96911 21912
96912 21913
96913 21914
96914 21915
96915 21916
96916 21917
96917 21918
96918 21919
96919 21920
96920 21921
96921 21922
96922 21923
96923 21924
96924 21925
96925 21926
96926 21927
96927 21928
96928 21929
96929 21930
96930 21931
96931 21932
96932 21933
96933 21934
96934 21935
96935 21936
96936 21937
96937 21938
96938 21939
96939 21940
96940 21941
96941 21942
96942 21943
96943 21944
96944 21945
96945 21946
96946 21947
96947 21948
96948 21949
96949 21950
96950 21951
96951 21952
96952 21953
96953 21954
96954 21955
96955 21956
96956 21957
96957 21958
96958 21959
96959 21960
96960 21961
96961 21962
96962 21963
96963 21964
96964 21965
96965 21966
96966 21967
96967 21968
96968 21969
96969 21970
96970 21971
96971 21972
96972 21973
96973 21974
96974 21975
96975 21976
96976 21977
96977 21978
96978 21979
96979 21980
96980 21981
96981 21982
96982 21983
96983 21984
96984 21985
96985 21986
96986 21987
96987 21988
96988 21989
96989 21990
96990 21991
96991 21992
96992 21993
96993 21994
96994 21995
96995 21996
96996 21997
96997 21998
96998 21999
96999 22000
97000 22001
97001 22002
97002 22003
97003 22004
97004 22005
97005 22006
97006 22007
97007 22008
97008 22009
97009 22010
97010 22011
97011 22012
97012 22013
97013 22014
97014 22015
97015 22016
97016 22017
97017 22018
97018 22019
97019 22020
97020 22021
97021 22022
97022 22023
97023 22024
97024 22025
97025 22026
97026 22027
97027 22028
97028 22029
97029 22030
97030 22031
97031 22032
97032 22033
97033 22034
97034 22035
97035 22036
97036 22037
97037 22038
97038 22039
97039 22040
97040 22041
97041 22042
97042 22043
97043 22044
97044 22045
97045 22046
97046 22047
97047 22048
97048 22049
97049 22050
97050 22051
97051 22052
97052 22053
97053 22054
97054 22055
97055 22056
97056 22057
97057 22058
97058 22059
97059 22060
97060 22061
97061 22062
97062 22063
97063 22064
97064 22065
97065 22066
97066 22067
97067 22068
97068 22069
97069 22070
97070 22071
97071 22072
97072 22073
97073 22074
97074 22075
97075 22076
97076 22077
97077 22078
97078 22079
97079 22080
97080 22081
97081 22082
97082 22083
97083 22084
97084 22085
97085 22086
97086 22087
97087 22088
97088 22089
97089 22090
97090 22091
97091 22092
97092 22093
97093 22094
97094 22095
97095 22096
97096 22097
97097 22098
97098 22099
97099 22100
97100 22101
97101 22102
97102 22103
97103 22104
97104 22105
97105 22106
97106 22107
97107 22108
97108 22109
97109 22110
97110 22111
97111 22112
97112 22113
97113 22114
97114 22115
97115 22116
97116 22117
97117 22118
97118 22119
97119 22120
97120 22121
97121 22122
97122 22123
97123 22124
97124 22125
97125 22126
97126 22127
97127 22128
97128 22129
97129 22130
97130 22131
97131 22132
97132 22133
97133 22134
97134 22135
97135 22136
97136 22137
97137 22138
97138 22139
97139 22140
97140 22141
97141 22142
97142 22143
97143 22144
97144 22145
97145 22146
97146 22147
97147 22148
97148 22149
97149 22150
97150 22151
97151 22152
97152 22153
97153 22154
97154 22155
97155 22156
97156 22157
97157 22158
97158 22159
97159 22160
97160 22161
97161 22162
97162 22163
97163 22164
97164 22165
97165 22166
97166 22167
97167 22168
97168 22169
97169 22170
97170 22171
97171 22172
97172 22173
97173 22174
97174 22175
97175 22176
97176 22177
97177 22178
97178 22179
97179 22180
97180 22181
97181 22182
97182 22183
97183 22184
97184 22185
97185 22186
97186 22187
97187 22188
97188 22189
97189 22190
97190 22191
97191 22192
97192 22193
97193 22194
97194 22195
97195 22196
97196 22197
97197 22198
97198 22199
97199 22200
97200 22201
97201 22202
97202 22203
97203 22204
97204 22205
97205 22206
97206 22207
97207 22208
97208 22209
97209 22210
97210 22211
97211 22212
97212 22213
97213 22214
97214 22215
97215 22216
97216 22217
97217 22218
97218 22219
97219 22220
97220 22221
97221 22222
97222 22223
97223 22224
97224 22225
97225 22226
97226 22227
97227 22228
97228 22229
97229 22230
97230 22231
97231 22232
97232 22233
97233 22234
97234 22235
97235 22236
97236 22237
97237 22238
97238 22239
97239 22240
97240 22241
97241 22242
97242 22243
97243 22244
97244 22245
97245 22246
97246 22247
97247 22248
97248 22249
97249 22250
97250 22251
97251 22252
97252 22253
97253 22254
97254 22255
97255 22256
97256 22257
97257 22258
97258 22259
97259 22260
97260 22261
97261 22262
97262 22263
97263 22264
97264 22265
97265 22266
97266 22267
97267 22268
97268 22269
97269 22270
97270 22271
97271 22272
97272 22273
97273 22274
97274 22275
97275 22276
97276 22277
97277 22278
97278 22279
97279 22280
97280 22281
97281 22282
97282 22283
97283 22284
97284 22285
97285 22286
97286 22287
97287 22288
97288 22289
97289 22290
97290 22291
97291 22292
97292 22293
97293 22294
97294 22295
97295 22296
97296 22297
97297 22298
97298 22299
97299 22300
97300 22301
97301 22302
97302 22303
97303 22304
97304 22305
97305 22306
97306 22307
97307 22308
97308 22309
97309 22310
97310 22311
97311 22312
97312 22313
97313 22314
97314 22315
97315 22316
97316 22317
97317 22318
97318 22319
97319 22320
97320 22321
97321 22322
97322 22323
97323 22324
97324 22325
97325 22326
97326 22327
97327 22328
97328 22329
97329 22330
97330 22331
97331 22332
97332 22333
97333 22334
97334 22335
97335 22336
97336 22337
97337 22338
97338 22339
97339 22340
97340 22341
97341 22342
97342 22343
97343 22344
97344 22345
97345 22346
97346 22347
97347 22348
97348 22349
97349 22350
97350 22351
97351 22352
97352 22353
97353 22354
97354 22355
97355 22356
97356 22357
97357 22358
97358 22359
97359 22360
97360 22361
97361 22362
97362 22363
97363 22364
97364 22365
97365 22366
97366 22367
97367 22368
97368 22369
97369 22370
97370 22371
97371 22372
97372 22373
97373 22374
97374 22375
97375 22376
97376 22377
97377 22378
97378 22379
97379 22380
97380 22381
97381 22382
97382 22383
97383 22384
97384 22385
97385 22386
97386 22387
97387 22388
97388 22389
97389 22390
97390 22391
97391 22392
97392 22393
97393 22394
97394 22395
97395 22396
97396 22397
97397 22398
97398 22399
97399 22400
97400 22401
97401 22402
97402 22403
97403 22404
97404 22405
97405 22406
97406 22407
97407 22408
97408 22409
97409 22410
97410 22411
97411 22412
97412 22413
97413 22414
97414 22415
97415 22416
97416 22417
97417 22418
97418 22419
97419 22420
97420 22421
97421 22422
97422 22423
97423 22424
97424 22425
97425 22426
97426 22427
97427 22428
97428 22429
97429 22430
97430 22431
97431 22432
97432 22433
97433 22434
97434 22435
97435 22436
97436 22437
97437 22438
97438 22439
97439 22440
97440 22441
97441 22442
97442 22443
97443 22444
97444 22445
97445 22446
97446 22447
97447 22448
97448 22449
97449 22450
97450 22451
97451 22452
97452 22453
97453 22454
97454 22455
97455 22456
97456 22457
97457 22458
97458 22459
97459 22460
97460 22461
97461 22462
97462 22463
97463 22464
97464 22465
97465 22466
97466 22467
97467 22468
97468 22469
97469 22470
97470 22471
97471 22472
97472 22473
97473 22474
97474 22475
97475 22476
97476 22477
97477 22478
97478 22479
97479 22480
97480 22481
97481 22482
97482 22483
97483 22484
97484 22485
97485 22486
97486 22487
97487 22488
97488 22489
97489 22490
97490 22491
97491 22492
97492 22493
97493 22494
97494 22495
97495 22496
97496 22497
97497 22498
97498 22499
97499 22500
97500 22501
97501 22502
97502 22503
97503 22504
97504 22505
97505 22506
97506 22507
97507 22508
97508 22509
97509 22510
97510 22511
97511 22512
97512 22513
97513 22514
97514 22515
97515 22516
97516 22517
97517 22518
97518 22519
97519 22520
97520 22521
97521 22522
97522 22523
97523 22524
97524 22525
97525 22526
97526 22527
97527 22528
97528 22529
97529 22530
97530 22531
97531 22532
97532 22533
97533 22534
97534 22535
97535 22536
97536 22537
97537 22538
97538 22539
97539 22540
97540 22541
97541 22542
97542 22543
97543 22544
97544 22545
97545 22546
97546 22547
97547 22548
97548 22549
97549 22550
97550 22551
97551 22552
97552 22553
97553 22554
97554 22555
97555 22556
97556 22557
97557 22558
97558 22559
97559 22560
97560 22561
97561 22562
97562 22563
97563 22564
97564 22565
97565 22566
97566 22567
97567 22568
97568 22569
97569 22570
97570 22571
97571 22572
97572 22573
97573 22574
97574 22575
97575 22576
97576 22577
97577 22578
97578 22579
97579 22580
97580 22581
97581 22582
97582 22583
97583 22584
97584 22585
97585 22586
97586 22587
97587 22588
97588 22589
97589 22590
97590 22591
97591 22592
97592 22593
97593 22594
97594 22595
97595 22596
97596 22597
97597 22598
97598 22599
97599 22600
97600 22601
97601 22602
97602 22603
97603 22604
97604 22605
97605 22606
97606 22607
97607 22608
97608 22609
97609 22610
97610 22611
97611 22612
97612 22613
97613 22614
97614 22615
97615 22616
97616 22617
97617 22618
97618 22619
97619 22620
97620 22621
97621 22622
97622 22623
97623 22624
97624 22625
97625 22626
97626 22627
97627 22628
97628 22629
97629 22630
97630 22631
97631 22632
97632 22633
97633 22634
97634 22635
97635 22636
97636 22637
97637 22638
97638 22639
97639 22640
97640 22641
97641 22642
97642 22643
97643 22644
97644 22645
97645 22646
97646 22647
97647 22648
97648 22649
97649 22650
97650 22651
97651 22652
97652 22653
97653 22654
97654 22655
97655 22656
97656 22657
97657 22658
97658 22659
97659 22660
97660 22661
97661 22662
97662 22663
97663 22664
97664 22665
97665 22666
97666 22667
97667 22668
97668 22669
97669 22670
97670 22671
97671 22672
97672 22673
97673 22674
97674 22675
97675 22676
97676 22677
97677 22678
97678 22679
97679 22680
97680 22681
97681 22682
97682 22683
97683 22684
97684 22685
97685 22686
97686 22687
97687 22688
97688 22689
97689 22690
97690 22691
97691 22692
97692 22693
97693 22694
97694 22695
97695 22696
97696 22697
97697 22698
97698 22699
97699 22700
97700 22701
97701 22702
97702 22703
97703 22704
97704 22705
97705 22706
97706 22707
97707 22708
97708 22709
97709 22710
97710 22711
97711 22712
97712 22713
97713 22714
97714 22715
97715 22716
97716 22717
97717 22718
97718 22719
97719 22720
97720 22721
97721 22722
97722 22723
97723 22724
97724 22725
97725 22726
97726 22727
97727 22728
97728 22729
97729 22730
97730 22731
97731 22732
97732 22733
97733 22734
97734 22735
97735 22736
97736 22737
97737 22738
97738 22739
97739 22740
97740 22741
97741 22742
97742 22743
97743 22744
97744 22745
97745 22746
97746 22747
97747 22748
97748 22749
97749 22750
97750 22751
97751 22752
97752 22753
97753 22754
97754 22755
97755 22756
97756 22757
97757 22758
97758 22759
97759 22760
97760 22761
97761 22762
97762 22763
97763 22764
97764 22765
97765 22766
97766 22767
97767 22768
97768 22769
97769 22770
97770 22771
97771 22772
97772 22773
97773 22774
97774 22775
97775 22776
97776 22777
97777 22778
97778 22779
97779 22780
97780 22781
97781 22782
97782 22783
97783 22784
97784 22785
97785 22786
97786 22787
97787 22788
97788 22789
97789 22790
97790 22791
97791 22792
97792 22793
97793 22794
97794 22795
97795 22796
97796 22797
97797 22798
97798 22799
97799 22800
97800 22801
97801 22802
97802 22803
97803 22804
97804 22805
97805 22806
97806 22807
97807 22808
97808 22809
97809 22810
97810 22811
97811 22812
97812 22813
97813 22814
97814 22815
97815 22816
97816 22817
97817 22818
97818 22819
97819 22820
97820 22821
97821 22822
97822 22823
97823 22824
97824 22825
97825 22826
97826 22827
97827 22828
97828 22829
97829 22830
97830 22831
97831 22832
97832 22833
97833 22834
97834 22835
97835 22836
97836 22837
97837 22838
97838 22839
97839 22840
97840 22841
97841 22842
97842 22843
97843 22844
97844 22845
97845 22846
97846 22847
97847 22848
97848 22849
97849 22850
97850 22851
97851 22852
97852 22853
97853 22854
97854 22855
97855 22856
97856 22857
97857 22858
97858 22859
97859 22860
97860 22861
97861 22862
97862 22863
97863 22864
97864 22865
97865 22866
97866 22867
97867 22868
97868 22869
97869 22870
97870 22871
97871 22872
97872 22873
97873 22874
97874 22875
97875 22876
97876 22877
97877 22878
97878 22879
97879 22880
97880 22881
97881 22882
97882 22883
97883 22884
97884 22885
97885 22886
97886 22887
97887 22888
97888 22889
97889 22890
97890 22891
97891 22892
97892 22893
97893 22894
97894 22895
97895 22896
97896 22897
97897 22898
97898 22899
97899 22900
97900 22901
97901 22902
97902 22903
97903 22904
97904 22905
97905 22906
97906 22907
97907 22908
97908 22909
97909 22910
97910 22911
97911 22912
97912 22913
97913 22914
97914 22915
97915 22916
97916 22917
97917 22918
97918 22919
97919 22920
97920 22921
97921 22922
97922 22923
97923 22924
97924 22925
97925 22926
97926 22927
97927 22928
97928 22929
97929 22930
97930 22931
97931 22932
97932 22933
97933 22934
97934 22935
97935 22936
97936 22937
97937 22938
97938 22939
97939 22940
97940 22941
97941 22942
97942 22943
97943 22944
97944 22945
97945 22946
97946 22947
97947 22948
97948 22949
97949 22950
97950 22951
97951 22952
97952 22953
97953 22954
97954 22955
97955 22956
97956 22957
97957 22958
97958 22959
97959 22960
97960 22961
97961 22962
97962 22963
97963 22964
97964 22965
97965 22966
97966 22967
97967 22968
97968 22969
97969 22970
97970 22971
97971 22972
97972 22973
97973 22974
97974 22975
97975 22976
97976 22977
97977 22978
97978 22979
97979 22980
97980 22981
97981 22982
97982 22983
97983 22984
97984 22985
97985 22986
97986 22987
97987 22988
97988 22989
97989 22990
97990 22991
97991 22992
97992 22993
97993 22994
97994 22995
97995 22996
97996 22997
97997 22998
97998 22999
97999 23000
98000 23001
98001 23002
98002 23003
98003 23004
98004 23005
98005 23006
98006 23007
98007 23008
98008 23009
98009 23010
98010 23011
98011 23012
98012 23013
98013 23014
98014 23015
98015 23016
98016 23017
98017 23018
98018 23019
98019 23020
98020 23021
98021 23022
98022 23023
98023 23024
98024 23025
98025 23026
98026 23027
98027 23028
98028 23029
98029 23030
98030 23031
98031 23032
98032 23033
98033 23034
98034 23035
98035 23036
98036 23037
98037 23038
98038 23039
98039 23040
98040 23041
98041 23042
98042 23043
98043 23044
98044 23045
98045 23046
98046 23047
98047 23048
98048 23049
98049 23050
98050 23051
98051 23052
98052 23053
98053 23054
98054 23055
98055 23056
98056 23057
98057 23058
98058 23059
98059 23060
98060 23061
98061 23062
98062 23063
98063 23064
98064 23065
98065 23066
98066 23067
98067 23068
98068 23069
98069 23070
98070 23071
98071 23072
98072 23073
98073 23074
98074 23075
98075 23076
98076 23077
98077 23078
98078 23079
98079 23080
98080 23081
98081 23082
98082 23083
98083 23084
98084 23085
98085 23086
98086 23087
98087 23088
98088 23089
98089 23090
98090 23091
98091 23092
98092 23093
98093 23094
98094 23095
98095 23096
98096 23097
98097 23098
98098 23099
98099 23100
98100 23101
98101 23102
98102 23103
98103 23104
98104 23105
98105 23106
98106 23107
98107 23108
98108 23109
98109 23110
98110 23111
98111 23112
98112 23113
98113 23114
98114 23115
98115 23116
98116 23117
98117 23118
98118 23119
98119 23120
98120 23121
98121 23122
98122 23123
98123 23124
98124 23125
98125 23126
98126 23127
98127 23128
98128 23129
98129 23130
98130 23131
98131 23132
98132 23133
98133 23134
98134 23135
98135 23136
98136 23137
98137 23138
98138 23139
98139 23140
98140 23141
98141 23142
98142 23143
98143 23144
98144 23145
98145 23146
98146 23147
98147 23148
98148 23149
98149 23150
98150 23151
98151 23152
98152 23153
98153 23154
98154 23155
98155 23156
98156 23157
98157 23158
98158 23159
98159 23160
98160 23161
98161 23162
98162 23163
98163 23164
98164 23165
98165 23166
98166 23167
98167 23168
98168 23169
98169 23170
98170 23171
98171 23172
98172 23173
98173 23174
98174 23175
98175 23176
98176 23177
98177 23178
98178 23179
98179 23180
98180 23181
98181 23182
98182 23183
98183 23184
98184 23185
98185 23186
98186 23187
98187 23188
98188 23189
98189 23190
98190 23191
98191 23192
98192 23193
98193 23194
98194 23195
98195 23196
98196 23197
98197 23198
98198 23199
98199 23200
98200 23201
98201 23202
98202 23203
98203 23204
98204 23205
98205 23206
98206 23207
98207 23208
98208 23209
98209 23210
98210 23211
98211 23212
98212 23213
98213 23214
98214 23215
98215 23216
98216 23217
98217 23218
98218 23219
98219 23220
98220 23221
98221 23222
98222 23223
98223 23224
98224 23225
98225 23226
98226 23227
98227 23228
98228 23229
98229 23230
98230 23231
98231 23232
98232 23233
98233 23234
98234 23235
98235 23236
98236 23237
98237 23238
98238 23239
98239 23240
98240 23241
98241 23242
98242 23243
98243 23244
98244 23245
98245 23246
98246 23247
98247 23248
98248 23249
98249 23250
98250 23251
98251 23252
98252 23253
98253 23254
98254 23255
98255 23256
98256 23257
98257 23258
98258 23259
98259 23260
98260 23261
98261 23262
98262 23263
98263 23264
98264 23265
98265 23266
98266 23267
98267 23268
98268 23269
98269 23270
98270 23271
98271 23272
98272 23273
98273 23274
98274 23275
98275 23276
98276 23277
98277 23278
98278 23279
98279 23280
98280 23281
98281 23282
98282 23283
98283 23284
98284 23285
98285 23286
98286 23287
98287 23288
98288 23289
98289 23290
98290 23291
98291 23292
98292 23293
98293 23294
98294 23295
98295 23296
98296 23297
98297 23298
98298 23299
98299 23300
98300 23301
98301 23302
98302 23303
98303 23304
98304 23305
98305 23306
98306 23307
98307 23308
98308 23309
98309 23310
98310 23311
98311 23312
98312 23313
98313 23314
98314 23315
98315 23316
98316 23317
98317 23318
98318 23319
98319 23320
98320 23321
98321 23322
98322 23323
98323 23324
98324 23325
98325 23326
98326 23327
98327 23328
98328 23329
98329 23330
98330 23331
98331 23332
98332 23333
98333 23334
98334 23335
98335 23336
98336 23337
98337 23338
98338 23339
98339 23340
98340 23341
98341 23342
98342 23343
98343 23344
98344 23345
98345 23346
98346 23347
98347 23348
98348 23349
98349 23350
98350 23351
98351 23352
98352 23353
98353 23354
98354 23355
98355 23356
98356 23357
98357 23358
98358 23359
98359 23360
98360 23361
98361 23362
98362 23363
98363 23364
98364 23365
98365 23366
98366 23367
98367 23368
98368 23369
98369 23370
98370 23371
98371 23372
98372 23373
98373 23374
98374 23375
98375 23376
98376 23377
98377 23378
98378 23379
98379 23380
98380 23381
98381 23382
98382 23383
98383 23384
98384 23385
98385 23386
98386 23387
98387 23388
98388 23389
98389 23390
98390 23391
98391 23392
98392 23393
98393 23394
98394 23395
98395 23396
98396 23397
98397 23398
98398 23399
98399 23400
98400 23401
98401 23402
98402 23403
98403 23404
98404 23405
98405 23406
98406 23407
98407 23408
98408 23409
98409 23410
98410 23411
98411 23412
98412 23413
98413 23414
98414 23415
98415 23416
98416 23417
98417 23418
98418 23419
98419 23420
98420 23421
98421 23422
98422 23423
98423 23424
98424 23425
98425 23426
98426 23427
98427 23428
98428 23429
98429 23430
98430 23431
98431 23432
98432 23433
98433 23434
98434 23435
98435 23436
98436 23437
98437 23438
98438 23439
98439 23440
98440 23441
98441 23442
98442 23443
98443 23444
98444 23445
98445 23446
98446 23447
98447 23448
98448 23449
98449 23450
98450 23451
98451 23452
98452 23453
98453 23454
98454 23455
98455 23456
98456 23457
98457 23458
98458 23459
98459 23460
98460 23461
98461 23462
98462 23463
98463 23464
98464 23465
98465 23466
98466 23467
98467 23468
98468 23469
98469 23470
98470 23471
98471 23472
98472 23473
98473 23474
98474 23475
98475 23476
98476 23477
98477 23478
98478 23479
98479 23480
98480 23481
98481 23482
98482 23483
98483 23484
98484 23485
98485 23486
98486 23487
98487 23488
98488 23489
98489 23490
98490 23491
98491 23492
98492 23493
98493 23494
98494 23495
98495 23496
98496 23497
98497 23498
98498 23499
98499 23500
98500 23501
98501 23502
98502 23503
98503 23504
98504 23505
98505 23506
98506 23507
98507 23508
98508 23509
98509 23510
98510 23511
98511 23512
98512 23513
98513 23514
98514 23515
98515 23516
98516 23517
98517 23518
98518 23519
98519 23520
98520 23521
98521 23522
98522 23523
98523 23524
98524 23525
98525 23526
98526 23527
98527 23528
98528 23529
98529 23530
98530 23531
98531 23532
98532 23533
98533 23534
98534 23535
98535 23536
98536 23537
98537 23538
98538 23539
98539 23540
98540 23541
98541 23542
98542 23543
98543 23544
98544 23545
98545 23546
98546 23547
98547 23548
98548 23549
98549 23550
98550 23551
98551 23552
98552 23553
98553 23554
98554 23555
98555 23556
98556 23557
98557 23558
98558 23559
98559 23560
98560 23561
98561 23562
98562 23563
98563 23564
98564 23565
98565 23566
98566 23567
98567 23568
98568 23569
98569 23570
98570 23571
98571 23572
98572 23573
98573 23574
98574 23575
98575 23576
98576 23577
98577 23578
98578 23579
98579 23580
98580 23581
98581 23582
98582 23583
98583 23584
98584 23585
98585 23586
98586 23587
98587 23588
98588 23589
98589 23590
98590 23591
98591 23592
98592 23593
98593 23594
98594 23595
98595 23596
98596 23597
98597 23598
98598 23599
98599 23600
98600 23601
98601 23602
98602 23603
98603 23604
98604 23605
98605 23606
98606 23607
98607 23608
98608 23609
98609 23610
98610 23611
98611 23612
98612 23613
98613 23614
98614 23615
98615 23616
98616 23617
98617 23618
98618 23619
98619 23620
98620 23621
98621 23622
98622 23623
98623 23624
98624 23625
98625 23626
98626 23627
98627 23628
98628 23629
98629 23630
98630 23631
98631 23632
98632 23633
98633 23634
98634 23635
98635 23636
98636 23637
98637 23638
98638 23639
98639 23640
98640 23641
98641 23642
98642 23643
98643 23644
98644 23645
98645 23646
98646 23647
98647 23648
98648 23649
98649 23650
98650 23651
98651 23652
98652 23653
98653 23654
98654 23655
98655 23656
98656 23657
98657 23658
98658 23659
98659 23660
98660 23661
98661 23662
98662 23663
98663 23664
98664 23665
98665 23666
98666 23667
98667 23668
98668 23669
98669 23670
98670 23671
98671 23672
98672 23673
98673 23674
98674 23675
98675 23676
98676 23677
98677 23678
98678 23679
98679 23680
98680 23681
98681 23682
98682 23683
98683 23684
98684 23685
98685 23686
98686 23687
98687 23688
98688 23689
98689 23690
98690 23691
98691 23692
98692 23693
98693 23694
98694 23695
98695 23696
98696 23697
98697 23698
98698 23699
98699 23700
98700 23701
98701 23702
98702 23703
98703 23704
98704 23705
98705 23706
98706 23707
98707 23708
98708 23709
98709 23710
98710 23711
98711 23712
98712 23713
98713 23714
98714 23715
98715 23716
98716 23717
98717 23718
98718 23719
98719 23720
98720 23721
98721 23722
98722 23723
98723 23724
98724 23725
98725 23726
98726 23727
98727 23728
98728 23729
98729 23730
98730 23731
98731 23732
98732 23733
98733 23734
98734 23735
98735 23736
98736 23737
98737 23738
98738 23739
98739 23740
98740 23741
98741 23742
98742 23743
98743 23744
98744 23745
98745 23746
98746 23747
98747 23748
98748 23749
98749 23750
98750 23751
98751 23752
98752 23753
98753 23754
98754 23755
98755 23756
98756 23757
98757 23758
98758 23759
98759 23760
98760 23761
98761 23762
98762 23763
98763 23764
98764 23765
98765 23766
98766 23767
98767 23768
98768 23769
98769 23770
98770 23771
98771 23772
98772 23773
98773 23774
98774 23775
98775 23776
98776 23777
98777 23778
98778 23779
98779 23780
98780 23781
98781 23782
98782 23783
98783 23784
98784 23785
98785 23786
98786 23787
98787 23788
98788 23789
98789 23790
98790 23791
98791 23792
98792 23793
98793 23794
98794 23795
98795 23796
98796 23797
98797 23798
98798 23799
98799 23800
98800 23801
98801 23802
98802 23803
98803 23804
98804 23805
98805 23806
98806 23807
98807 23808
98808 23809
98809 23810
98810 23811
98811 23812
98812 23813
98813 23814
98814 23815
98815 23816
98816 23817
98817 23818
98818 23819
98819 23820
98820 23821
98821 23822
98822 23823
98823 23824
98824 23825
98825 23826
98826 23827
98827 23828
98828 23829
98829 23830
98830 23831
98831 23832
98832 23833
98833 23834
98834 23835
98835 23836
98836 23837
98837 23838
98838 23839
98839 23840
98840 23841
98841 23842
98842 23843
98843 23844
98844 23845
98845 23846
98846 23847
98847 23848
98848 23849
98849 23850
98850 23851
98851 23852
98852 23853
98853 23854
98854 23855
98855 23856
98856 23857
98857 23858
98858 23859
98859 23860
98860 23861
98861 23862
98862 23863
98863 23864
98864 23865
98865 23866
98866 23867
98867 23868
98868 23869
98869 23870
98870 23871
98871 23872
98872 23873
98873 23874
98874 23875
98875 23876
98876 23877
98877 23878
98878 23879
98879 23880
98880 23881
98881 23882
98882 23883
98883 23884
98884 23885
98885 23886
98886 23887
98887 23888
98888 23889
98889 23890
98890 23891
98891 23892
98892 23893
98893 23894
98894 23895
98895 23896
98896 23897
98897 23898
98898 23899
98899 23900
98900 23901
98901 23902
98902 23903
98903 23904
98904 23905
98905 23906
98906 23907
98907 23908
98908 23909
98909 23910
98910 23911
98911 23912
98912 23913
98913 23914
98914 23915
98915 23916
98916 23917
98917 23918
98918 23919
98919 23920
98920 23921
98921 23922
98922 23923
98923 23924
98924 23925
98925 23926
98926 23927
98927 23928
98928 23929
98929 23930
98930 23931
98931 23932
98932 23933
98933 23934
98934 23935
98935 23936
98936 23937
98937 23938
98938 23939
98939 23940
98940 23941
98941 23942
98942 23943
98943 23944
98944 23945
98945 23946
98946 23947
98947 23948
98948 23949
98949 23950
98950 23951
98951 23952
98952 23953
98953 23954
98954 23955
98955 23956
98956 23957
98957 23958
98958 23959
98959 23960
98960 23961
98961 23962
98962 23963
98963 23964
98964 23965
98965 23966
98966 23967
98967 23968
98968 23969
98969 23970
98970 23971
98971 23972
98972 23973
98973 23974
98974 23975
98975 23976
98976 23977
98977 23978
98978 23979
98979 23980
98980 23981
98981 23982
98982 23983
98983 23984
98984 23985
98985 23986
98986 23987
98987 23988
98988 23989
98989 23990
98990 23991
98991 23992
98992 23993
98993 23994
98994 23995
98995 23996
98996 23997
98997 23998
98998 23999
98999 24000
99000 24001
99001 24002
99002 24003
99003 24004
99004 24005
99005 24006
99006 24007
99007 24008
99008 24009
99009 24010
99010 24011
99011 24012
99012 24013
99013 24014
99014 24015
99015 24016
99016 24017
99017 24018
99018 24019
99019 24020
99020 24021
99021 24022
99022 24023
99023 24024
99024 24025
99025 24026
99026 24027
99027 24028
99028 24029
99029 24030
99030 24031
99031 24032
99032 24033
99033 24034
99034 24035
99035 24036
99036 24037
99037 24038
99038 24039
99039 24040
99040 24041
99041 24042
99042 24043
99043 24044
99044 24045
99045 24046
99046 24047
99047 24048
99048 24049
99049 24050
99050 24051
99051 24052
99052 24053
99053 24054
99054 24055
99055 24056
99056 24057
99057 24058
99058 24059
99059 24060
99060 24061
99061 24062
99062 24063
99063 24064
99064 24065
99065 24066
99066 24067
99067 24068
99068 24069
99069 24070
99070 24071
99071 24072
99072 24073
99073 24074
99074 24075
99075 24076
99076 24077
99077 24078
99078 24079
99079 24080
99080 24081
99081 24082
99082 24083
99083 24084
99084 24085
99085 24086
99086 24087
99087 24088
99088 24089
99089 24090
99090 24091
99091 24092
99092 24093
99093 24094
99094 24095
99095 24096
99096 24097
99097 24098
99098 24099
99099 24100
99100 24101
99101 24102
99102 24103
99103 24104
99104 24105
99105 24106
99106 24107
99107 24108
99108 24109
99109 24110
99110 24111
99111 24112
99112 24113
99113 24114
99114 24115
99115 24116
99116 24117
99117 24118
99118 24119
99119 24120
99120 24121
99121 24122
99122 24123
99123 24124
99124 24125
99125 24126
99126 24127
99127 24128
99128 24129
99129 24130
99130 24131
99131 24132
99132 24133
99133 24134
99134 24135
99135 24136
99136 24137
99137 24138
99138 24139
99139 24140
99140 24141
99141 24142
99142 24143
99143 24144
99144 24145
99145 24146
99146 24147
99147 24148
99148 24149
99149 24150
99150 24151
99151 24152
99152 24153
99153 24154
99154 24155
99155 24156
99156 24157
99157 24158
99158 24159
99159 24160
99160 24161
99161 24162
99162 24163
99163 24164
99164 24165
99165 24166
99166 24167
99167 24168
99168 24169
99169 24170
99170 24171
99171 24172
99172 24173
99173 24174
99174 24175
99175 24176
99176 24177
99177 24178
99178 24179
99179 24180
99180 24181
99181 24182
99182 24183
99183 24184
99184 24185
99185 24186
99186 24187
99187 24188
99188 24189
99189 24190
99190 24191
99191 24192
99192 24193
99193 24194
99194 24195
99195 24196
99196 24197
99197 24198
99198 24199
99199 24200
99200 24201
99201 24202
99202 24203
99203 24204
99204 24205
99205 24206
99206 24207
99207 24208
99208 24209
99209 24210
99210 24211
99211 24212
99212 24213
99213 24214
99214 24215
99215 24216
99216 24217
99217 24218
99218 24219
99219 24220
99220 24221
99221 24222
99222 24223
99223 24224
99224 24225
99225 24226
99226 24227
99227 24228
99228 24229
99229 24230
99230 24231
99231 24232
99232 24233
99233 24234
99234 24235
99235 24236
99236 24237
99237 24238
99238 24239
99239 24240
99240 24241
99241 24242
99242 24243
99243 24244
99244 24245
99245 24246
99246 24247
99247 24248
99248 24249
99249 24250
99250 24251
99251 24252
99252 24253
99253 24254
99254 24255
99255 24256
99256 24257
99257 24258
99258 24259
99259 24260
99260 24261
99261 24262
99262 24263
99263 24264
99264 24265
99265 24266
99266 24267
99267 24268
99268 24269
99269 24270
99270 24271
99271 24272
99272 24273
99273 24274
99274 24275
99275 24276
99276 24277
99277 24278
99278 24279
99279 24280
99280 24281
99281 24282
99282 24283
99283 24284
99284 24285
99285 24286
99286 24287
99287 24288
99288 24289
99289 24290
99290 24291
99291 24292
99292 24293
99293 24294
99294 24295
99295 24296
99296 24297
99297 24298
99298 24299
99299 24300
99300 24301
99301 24302
99302 24303
99303 24304
99304 24305
99305 24306
99306 24307
99307 24308
99308 24309
99309 24310
99310 24311
99311 24312
99312 24313
99313 24314
99314 24315
99315 24316
99316 24317
99317 24318
99318 24319
99319 24320
99320 24321
99321 24322
99322 24323
99323 24324
99324 24325
99325 24326
99326 24327
99327 24328
99328 24329
99329 24330
99330 24331
99331 24332
99332 24333
99333 24334
99334 24335
99335 24336
99336 24337
99337 24338
99338 24339
99339 24340
99340 24341
99341 24342
99342 24343
99343 24344
99344 24345
99345 24346
99346 24347
99347 24348
99348 24349
99349 24350
99350 24351
99351 24352
99352 24353
99353 24354
99354 24355
99355 24356
99356 24357
99357 24358
99358 24359
99359 24360
99360 24361
99361 24362
99362 24363
99363 24364
99364 24365
99365 24366
99366 24367
99367 24368
99368 24369
99369 24370
99370 24371
99371 24372
99372 24373
99373 24374
99374 24375
99375 24376
99376 24377
99377 24378
99378 24379
99379 24380
99380 24381
99381 24382
99382 24383
99383 24384
99384 24385
99385 24386
99386 24387
99387 24388
99388 24389
99389 24390
99390 24391
99391 24392
99392 24393
99393 24394
99394 24395
99395 24396
99396 24397
99397 24398
99398 24399
99399 24400
99400 24401
99401 24402
99402 24403
99403 24404
99404 24405
99405 24406
99406 24407
99407 24408
99408 24409
99409 24410
99410 24411
99411 24412
99412 24413
99413 24414
99414 24415
99415 24416
99416 24417
99417 24418
99418 24419
99419 24420
99420 24421
99421 24422
99422 24423
99423 24424
99424 24425
99425 24426
99426 24427
99427 24428
99428 24429
99429 24430
99430 24431
99431 24432
99432 24433
99433 24434
99434 24435
99435 24436
99436 24437
99437 24438
99438 24439
99439 24440
99440 24441
99441 24442
99442 24443
99443 24444
99444 24445
99445 24446
99446 24447
99447 24448
99448 24449
99449 24450
99450 24451
99451 24452
99452 24453
99453 24454
99454 24455
99455 24456
99456 24457
99457 24458
99458 24459
99459 24460
99460 24461
99461 24462
99462 24463
99463 24464
99464 24465
99465 24466
99466 24467
99467 24468
99468 24469
99469 24470
99470 24471
99471 24472
99472 24473
99473 24474
99474 24475
99475 24476
99476 24477
99477 24478
99478 24479
99479 24480
99480 24481
99481 24482
99482 24483
99483 24484
99484 24485
99485 24486
99486 24487
99487 24488
99488 24489
99489 24490
99490 24491
99491 24492
99492 24493
99493 24494
99494 24495
99495 24496
99496 24497
99497 24498
99498 24499
99499 24500
99500 24501
99501 24502
99502 24503
99503 24504
99504 24505
99505 24506
99506 24507
99507 24508
99508 24509
99509 24510
99510 24511
99511 24512
99512 24513
99513 24514
99514 24515
99515 24516
99516 24517
99517 24518
99518 24519
99519 24520
99520 24521
99521 24522
99522 24523
99523 24524
99524 24525
99525 24526
99526 24527
99527 24528
99528 24529
99529 24530
99530 24531
99531 24532
99532 24533
99533 24534
99534 24535
99535 24536
99536 24537
99537 24538
99538 24539
99539 24540
99540 24541
99541 24542
99542 24543
99543 24544
99544 24545
99545 24546
99546 24547
99547 24548
99548 24549
99549 24550
99550 24551
99551 24552
99552 24553
99553 24554
99554 24555
99555 24556
99556 24557
99557 24558
99558 24559
99559 24560
99560 24561
99561 24562
99562 24563
99563 24564
99564 24565
99565 24566
99566 24567
99567 24568
99568 24569
99569 24570
99570 24571
99571 24572
99572 24573
99573 24574
99574 24575
99575 24576
99576 24577
99577 24578
99578 24579
99579 24580
99580 24581
99581 24582
99582 24583
99583 24584
99584 24585
99585 24586
99586 24587
99587 24588
99588 24589
99589 24590
99590 24591
99591 24592
99592 24593
99593 24594
99594 24595
99595 24596
99596 24597
99597 24598
99598 24599
99599 24600
99600 24601
99601 24602
99602 24603
99603 24604
99604 24605
99605 24606
99606 24607
99607 24608
99608 24609
99609 24610
99610 24611
99611 24612
99612 24613
99613 24614
99614 24615
99615 24616
99616 24617
99617 24618
99618 24619
99619 24620
99620 24621
99621 24622
99622 24623
99623 24624
99624 24625
99625 24626
99626 24627
99627 24628
99628 24629
99629 24630
99630 24631
99631 24632
99632 24633
99633 24634
99634 24635
99635 24636
99636 24637
99637 24638
99638 24639
99639 24640
99640 24641
99641 24642
99642 24643
99643 24644
99644 24645
99645 24646
99646 24647
99647 24648
99648 24649
99649 24650
99650 24651
99651 24652
99652 24653
99653 24654
99654 24655
99655 24656
99656 24657
99657 24658
99658 24659
99659 24660
99660 24661
99661 24662
99662 24663
99663 24664
99664 24665
99665 24666
99666 24667
99667 24668
99668 24669
99669 24670
99670 24671
99671 24672
99672 24673
99673 24674
99674 24675
99675 24676
99676 24677
99677 24678
99678 24679
99679 24680
99680 24681
99681 24682
99682 24683
99683 24684
99684 24685
99685 24686
99686 24687
99687 24688
99688 24689
99689 24690
99690 24691
99691 24692
99692 24693
99693 24694
99694 24695
99695 24696
99696 24697
99697 24698
99698 24699
99699 24700
99700 24701
99701 24702
99702 24703
99703 24704
99704 24705
99705 24706
99706 24707
99707 24708
99708 24709
99709 24710
99710 24711
99711 24712
99712 24713
99713 24714
99714 24715
99715 24716
99716 24717
99717 24718
99718 24719
99719 24720
99720 24721
99721 24722
99722 24723
99723 24724
99724 24725
99725 24726
99726 24727
99727 24728
99728 24729
99729 24730
99730 24731
99731 24732
99732 24733
99733 24734
99734 24735
99735 24736
99736 24737
99737 24738
99738 24739
99739 24740
99740 24741
99741 24742
99742 24743
99743 24744
99744 24745
99745 24746
99746 24747
99747 24748
99748 24749
99749 24750
99750 24751
99751 24752
99752 24753
99753 24754
99754 24755
99755 24756
99756 24757
99757 24758
99758 24759
99759 24760
99760 24761
99761 24762
99762 24763
99763 24764
99764 24765
99765 24766
99766 24767
99767 24768
99768 24769
99769 24770
99770 24771
99771 24772
99772 24773
99773 24774
99774 24775
99775 24776
99776 24777
99777 24778
99778 24779
99779 24780
99780 24781
99781 24782
99782 24783
99783 24784
99784 24785
99785 24786
99786 24787
99787 24788
99788 24789
99789 24790
99790 24791
99791 24792
99792 24793
99793 24794
99794 24795
99795 24796
99796 24797
99797 24798
99798 24799
99799 24800
99800 24801
99801 24802
99802 24803
99803 24804
99804 24805
99805 24806
99806 24807
99807 24808
99808 24809
99809 24810
99810 24811
99811 24812
99812 24813
99813 24814
99814 24815
99815 24816
99816 24817
99817 24818
99818 24819
99819 24820
99820 24821
99821 24822
99822 24823
99823 24824
99824 24825
99825 24826
99826 24827
99827 24828
99828 24829
99829 24830
99830 24831
99831 24832
99832 24833
99833 24834
99834 24835
99835 24836
99836 24837
99837 24838
99838 24839
99839 24840
99840 24841
99841 24842
99842 24843
99843 24844
99844 24845
99845 24846
99846 24847
99847 24848
99848 24849
99849 24850
99850 24851
99851 24852
99852 24853
99853 24854
99854 24855
99855 24856
99856 24857
99857 24858
99858 24859
99859 24860
99860 24861
99861 24862
99862 24863
99863 24864
99864 24865
99865 24866
99866 24867
99867 24868
99868 24869
99869 24870
99870 24871
99871 24872
99872 24873
99873 24874
99874 24875
99875 24876
99876 24877
99877 24878
99878 24879
99879 24880
99880 24881
99881 24882
99882 24883
99883 24884
99884 24885
99885 24886
99886 24887
99887 24888
99888 24889
99889 24890
99890 24891
99891 24892
99892 24893
99893 24894
99894 24895
99895 24896
99896 24897
99897 24898
99898 24899
99899 24900
99900 24901
99901 24902
99902 24903
99903 24904
99904 24905
99905 24906
99906 24907
99907 24908
99908 24909
99909 24910
99910 24911
99911 24912
99912 24913
99913 24914
99914 24915
99915 24916
99916 24917
99917 24918
99918 24919
99919 24920
99920 24921
99921 24922
99922 24923
99923 24924
99924 24925
99925 24926
99926 24927
99927 24928
99928 24929
99929 24930
99930 24931
99931 24932
99932 24933
99933 24934
99934 24935
99935 24936
99936 24937
99937 24938
99938 24939
99939 24940
99940 24941
99941 24942
99942 24943
99943 24944
99944 24945
99945 24946
99946 24947
99947 24948
99948 24949
99949 24950
99950 24951
99951 24952
99952 24953
99953 24954
99954 24955
99955 24956
99956 24957
99957 24958
99958 24959
99959 24960
99960 24961
99961 24962
99962 24963
99963 24964
99964 24965
99965 24966
99966 24967
99967 24968
99968 24969
99969 24970
99970 24971
99971 24972
99972 24973
99973 24974
99974 24975
99975 24976
99976 24977
99977 24978
99978 24979
99979 24980
99980 24981
99981 24982
99982 24983
99983 24984
99984 24985
99985 24986
99986 24987
99987 24988
99988 24989
99989 24990
99990 24991
99991 24992
99992 24993
99993 24994
99994 24995
99995 24996
99996 24997
99997 24998
99998 24999
99999 25000

Execution Time: 0.002000000000 seconds
